frame_id,t_diff,r_diff,chi2_cpu,chi2_gpu,chi2_diff
30,0.00363126,0.0023983,0.00108014,0.000668569,-0.000411567
31,0.0018633,0.00402755,0.00106352,0.00108057,1.70452e-05
32,0.00222277,0.00326882,0.00108524,0.00106413,-2.11045e-05
33,0.00226979,0.00509244,0.00107465,0.0010856,1.09508e-05
34,0.00316021,0.00262207,0.00170758,0.00107418,-0.000633393
35,0.00430944,0.00423771,0.00202561,0.00170821,-0.0003174
36,0.00164819,0.00938118,0.00154199,0.00202588,0.000483898
37,0.00176062,0.00405907,0.00184572,0.00154245,-0.000303272
38,0.00188551,0.00164067,0.00204723,0.00184643,-0.000200802
39,0.00235412,0.0037957,0.00214296,0.00204769,-9.52708e-05
40,0.00152293,0.00512321,0.00218081,0.00214347,-3.73423e-05
41,0.00251284,0.00513914,0.00203622,0.00217734,0.000141123
42,0.00466809,0.00127618,0.00348448,0.00203691,-0.00144757
43,0.0141401,0.0239914,0.00335108,0.0034756,0.000124527
44,0.00730702,0.00320188,0.00187524,0.00222295,0.000347707
45,0.00365168,0.0102603,0.00189507,0.00187181,-2.326e-05
46,0.0016465,0.00735549,0.00177383,0.00189626,0.000122427
47,0.00101558,0.00730594,0.00200226,0.00177406,-0.000228203
48,0.00397378,0.0114422,0.00160274,0.00200506,0.000402319
49,0.00263092,0.0137755,0.00141398,0.00160321,0.000189224
50,0.00088853,0.0110072,0.00106998,0.00141413,0.000344149
51,0.00252369,0.0031229,0.00191169,0.00106956,-0.000842135
52,0.000415631,0.00828387,0.0021818,0.00191131,-0.000270484
53,0.00292283,0.00927028,0.00204492,0.00218249,0.000137568
54,0.00268505,0.00766467,0.00188401,0.00204475,0.000160739
55,0.00224204,0.00486309,0.00246441,0.00188025,-0.000584155
56,0.00303637,0.014451,0.00222783,0.00245579,0.000227967
57,0.00189594,0.00796983,0.00227175,0.00224316,-2.8596e-05
58,0.00220642,0.00793899,0.00224975,0.00226003,1.0276e-05
59,0.0016226,0.00988564,0.00242319,0.00226815,-0.000155047
60,0.00400752,0.0134785,0.00235935,0.0024214,6.20543e-05
61,0.00409119,0.00948409,0.00242175,0.00235213,-6.96182e-05
62,0.00296713,0.00716207,0.00251006,0.0024209,-8.91646e-05
63,0.0126222,0.0152444,0.00276443,0.00250949,-0.000254938
64,0.0152818,0.0201898,0.00129062,0.0012773,-1.3315e-05
65,0.00498399,0.00929575,0.00210152,0.0012903,-0.000811221
66,0.00487776,0.00776981,0.00279812,0.00209681,-0.000701307
67,0.00221874,0.0104364,0.00208199,0.00279834,0.000716353
68,0.00849079,0.0113248,0.00323804,0.00208234,-0.0011557
69,0.00899388,0.0125352,0.00110945,0.00264442,0.00153497
70,0.00552443,0.00391152,0.00180241,0.00110926,-0.000693154
71,0.00400784,0.00549374,0.0015644,0.00180246,0.000238057
72,0.00531298,0.00372787,0.0019404,0.00156471,-0.000375691
73,0.00557934,0.00543074,0.00229028,0.00194239,-0.000347894
74,0.00302413,0.00626651,0.00195336,0.00228888,0.000335518
75,0.00319663,0.00425056,0.00169507,0.00195238,0.000257307
76,0.00273676,0.00751555,0.00188491,0.00169478,-0.000190129
77,0.00417847,0.0107941,0.00167508,0.00188434,0.000209262
78,7.26108e-05,0.000104379,0.00180785,0.00180833,4.75906e-07
80,0.00702451,0.00917592,0.00224386,0.0022796,3.57376e-05
81,0.00467606,0.00983448,0.00260202,0.00224385,-0.000358169
82,0.00628741,0.0100606,0.00219083,0.00260215,0.000411319
83,0.00919169,0.0133212,0.00280989,0.00219057,-0.000619318
84,0.00929642,0.0195776,0.00149498,0.00202759,0.000532603
85,0.00692243,0.00937734,0.00205621,0.00150412,-0.000552095
86,0.00610163,0.00354655,0.00212898,0.00205634,-7.26429e-05
87,0.00451356,0.00465412,0.00181336,0.00211041,0.00029705
88,0.00661767,0.00794113,0.00211062,0.00182241,-0.000288207
89,0.00714998,0.0114692,0.00220446,0.00211047,-9.39835e-05
90,0.005857,0.00738595,0.00230258,0.00220433,-9.82529e-05
91,0.00588034,0.0039865,0.00222892,0.00230918,8.02681e-05
92,0.00527479,0.00393906,0.00217235,0.00222377,5.14204e-05
93,0.00840592,0.0132861,0.00269436,0.00217237,-0.00052199
94,0.0125076,0.0159485,0.00214489,0.00269409,0.0005492
95,0.00693428,0.010951,0.00282737,0.00214382,-0.000683544
96,0.00547291,0.0106741,0.00246325,0.00186744,-0.000595815
97,0.00750189,0.0100176,0.00298788,0.0024632,-0.000524679
98,0.00718663,0.00971061,0.00101957,0.00267981,0.00166025
99,0.00667881,0.00814632,0.00174899,0.00101944,-0.000729547
100,0.00733567,0.0104956,0.00273124,0.00124256,-0.00148868
101,0.00881426,0.0121008,0.00127036,0.00244071,0.00117035
102,0.00929412,0.0109288,0.00308352,0.00127036,-0.00181316
103,0.00751706,0.0044109,0.00306061,0.00263478,-0.000425825
104,0.00541409,0.012503,0.00227763,0.00305729,0.000779659
105,0.00971772,0.00373283,0.00325011,0.00226158,-0.000988526
106,0.00506209,0.00972497,0.00167124,0.00305926,0.00138802
107,0.00668398,0.00757879,0.00216517,0.001671,-0.000494175
108,0.00811242,0.00572383,0.00184274,0.00166886,-0.000173882
109,0.00869854,0.00433947,0.00175069,0.00126225,-0.000488439
110,0.0082684,0.00804867,0.00200141,0.001243,-0.000758409
111,0.00806745,0.00796086,0.00284277,0.00155964,-0.00128313
112,0.00941667,0.00733417,0.000636104,0.00256293,0.00192683
113,0.00510201,0.00385001,0.000898656,0.000637486,-0.00026117
114,0.00524486,0.00672166,0.00209097,0.000898086,-0.00119288
115,0.00786971,0.0130802,0.00187369,0.00160153,-0.000272157
116,0.0125095,0.00744299,0.00283425,0.00126445,-0.00156981
117,0.0106309,0.0143239,0.00155998,0.00269538,0.0011354
118,0.0065804,0.0047304,0.00294554,0.00156083,-0.00138472
119,0.00937555,0.00230596,0.00237991,0.00242122,4.13037e-05
120,0.00636918,0.0108134,0.00186482,0.00236973,0.000504909
121,0.00595535,0.00633048,0.00164015,0.001385,-0.000255147
122,0.00735317,0.00681877,0.00188556,0.00116605,-0.000719511
123,0.00696831,0.00885417,0.00243109,0.00155527,-0.000875825
124,0.00635102,0.0120771,0.00195498,0.00231025,0.000355273
125,0.0073534,0.00918097,0.00236166,0.00173713,-0.000624534
126,0.0077793,0.0114496,0.00259315,0.00207962,-0.000513528
127,0.00597579,0.0127377,0.000966033,0.00234078,0.00137475
128,0.00565062,0.00838375,0.00267746,0.000965992,-0.00171147
129,0.00683254,0.0161931,0.00265843,0.0023881,-0.000270328
130,0.0080204,0.0157686,0.00274794,0.00254471,-0.000203224
131,0.00646666,0.0135075,0.00288141,0.00261448,-0.000266928
132,0.00682886,0.013545,0.00287446,0.00261015,-0.000264307
133,0.00885852,0.0163797,0.000881683,0.00272866,0.00184697
134,0.00619135,0.0117587,0.0022376,0.0008825,-0.00135511
135,0.00459042,0.0123645,0.00160973,0.00157182,-3.79075e-05
136,0.00619015,0.0136093,0.00193493,0.00105176,-0.000883167
137,0.00630765,0.0146925,0.00246017,0.00132671,-0.00113347
138,0.00639577,0.0128236,0.00228033,0.00188185,-0.000398486
139,0.00562678,0.00758944,0.0021481,0.00178554,-0.000362563
140,0.00618867,0.0122477,0.0020291,0.00175455,-0.000274554
141,0.00642876,0.0130768,0.00227491,0.00163063,-0.000644281
142,0.00714693,0.0116457,0.00235612,0.0018111,-0.000545023
143,0.00594387,0.00943638,0.00219826,0.00197946,-0.000218796
144,0.0065836,0.013689,0.00217365,0.00197528,-0.000198371
145,0.00741781,0.0149228,0.00240175,0.00193582,-0.000465931
146,0.00775039,0.015461,0.00255848,0.00217172,-0.000386757
147,0.0062816,0.0128105,0.00143313,0.00223078,0.000797651
148,0.00541908,0.0128711,0.00212793,0.00143357,-0.000694353
149,0.00660844,0.0143565,0.00278396,0.00122429,-0.00155967
150,0.00542369,0.0128404,0.00222516,0.00217326,-5.18949e-05
151,0.00593378,0.0127721,0.0031457,0.00156597,-0.00157973
152,0.00550255,0.0184727,0.00444289,0.0027636,-0.00167928
153,0.0112051,0.028616,0.00309461,0.00424322,0.00114861
154,0.00952588,0.0113591,0.00355774,0.00311541,-0.000442327
156,0.00798623,0.0153659,0.00398443,0.00378344,-0.000200993
157,0.00542003,0.0149544,0.00400289,0.0036943,-0.000308592
158,0.0063438,0.0119263,0.00425914,0.00368714,-0.000572001
159,0.00136176,0.0102984,0.000998517,0.00410471,0.0031062
160,0.00550362,0.00876454,0.00198664,0.000998411,-0.000988231
161,0.00561947,0.011336,0.00224915,0.00116304,-0.00108611
162,0.00617841,0.017464,0.0024631,0.00191574,-0.000547356
163,0.00703653,0.0161586,0.00260968,0.00222667,-0.000383004
164,0.00452373,0.0119416,0.00242289,0.0020386,-0.000384289
165,0.00380312,0.0120666,0.00226663,0.00184481,-0.000421813
167,0.00564147,0.0172902,0.000743143,0.00233778,0.00159464
168,0.00507968,0.0154051,0.00203111,0.000742953,-0.00128815
169,0.00421338,0.011442,0.00237508,0.00139989,-0.000975192
170,0.00489089,0.0118166,0.00228785,0.00207457,-0.000213288
171,0.00395646,0.0113946,0.00269342,0.00191388,-0.000779543
172,0.00572335,0.0123015,0.00246463,0.00252026,5.56291e-05
173,0.0051335,0.00939402,0.00259137,0.00215774,-0.00043363
174,0.00492527,0.00873458,0.0012319,0.00238339,0.00115149
175,0.00582172,0.0133904,0.00209405,0.00121856,-0.000875492
176,0.00427863,0.0122258,0.0023471,0.00148487,-0.000862229
177,0.0058382,0.0126529,0.00201418,0.00177162,-0.000242558
178,0.00626699,0.013463,0.00218702,0.00144021,-0.000746804
179,0.00703926,0.0159364,0.00224703,0.00181778,-0.000429249
180,0.00366115,0.0122153,0.00243828,0.00211342,-0.000324861
181,0.00301283,0.014496,0.00266162,0.00229963,-0.000361991
182,0.00480981,0.0141283,0.00182855,0.00254353,0.000714976
183,0.00509361,0.00825568,0.00232203,0.00182337,-0.000498664
184,0.00539053,0.00998287,0.00200128,0.00229852,0.000297243
185,0.00447589,0.0122179,0.00190866,0.00200127,9.26084e-05
186,0.00471729,0.0101588,0.00208,0.00188771,-0.000192293
187,0.00410951,0.0094823,0.00238339,0.00207734,-0.000306055
188,0.00397379,0.00891694,0.00239389,0.00235428,-3.96105e-05
189,0.00475639,0.0089951,0.00236491,0.00242231,5.73935e-05
190,0.00492394,0.0107654,0.00235197,0.00235827,6.29132e-06
191,0.007301,0.0133825,0.00268419,0.00234272,-0.000341475
192,0.00353565,0.0136814,0.00166596,0.00268358,0.00101762
193,0.00565759,0.0158147,0.00236696,0.00164775,-0.00071921
194,0.00525094,0.0111073,0.00274286,0.00148993,-0.00125293
195,0.00398315,0.0103797,0.00230954,0.00190625,-0.000403292
196,0.00706713,0.0154361,0.00242118,0.0013121,-0.00110908
197,0.00853374,0.020118,0.00266473,0.00172105,-0.000943683
198,0.00754922,0.0193365,0.0019554,0.0020058,5.03997e-05
199,0.006649,0.0205265,0.00149981,0.00195601,0.000456206
200,0.00765694,0.0199655,0.00171585,0.00147604,-0.000239818
201,0.00837865,0.022024,0.00264769,0.00104842,-0.00159926
202,0.00866246,0.0218873,0.00317511,0.00219781,-0.000977303
203,0.00721147,0.00951568,0.00320517,0.00290393,-0.000301237
204,0.00699639,0.0180681,0.00242835,0.00303423,0.000605876
206,0.0116552,0.017174,0.00223175,0.00223554,3.78862e-06
207,0.00582491,0.0121913,0.00285692,0.00172562,-0.0011313
209,0.00590324,0.00657626,0.00307896,0.0026597,-0.000419261
210,0.00797202,0.0112997,0.00109661,0.00273325,0.00163664
211,0.00791885,0.0110903,0.00118124,0.00111504,-6.61926e-05
212,0.00766653,0.010178,0.00220752,0.00118003,-0.00102749
213,0.00545403,0.00579905,0.0021096,0.00157094,-0.000538659
215,0.00589923,0.00290018,0.00271331,0.00191584,-0.000797478
216,0.0067167,0.0096515,0.0014743,0.00241311,0.00093881
218,0.00896897,0.0123998,0.00269678,0.00161549,-0.00108129
219,0.00446534,0.0153007,0.00241732,0.00216328,-0.000254037
220,0.00662509,0.0140341,0.00272554,0.00194816,-0.000777377
221,0.00511546,0.0115722,0.00271441,0.00235326,-0.00036115
222,0.00622204,0.0126878,0.00205949,0.00241338,0.000353884
224,0.00435839,0.0128743,0.002422,0.00314536,0.000723361
225,0.00411626,0.00743478,0.00247451,0.00190868,-0.000565834
226,0.00433239,0.00534865,0.00267472,0.00202508,-0.000649646
227,0.00501836,0.0101687,0.00282601,0.00233695,-0.000489057
228,0.00445239,0.010066,0.00215936,0.00264571,0.000486348
230,0.00351331,0.0105923,0.00286317,0.00160441,-0.00125876
231,0.0053831,0.00662036,0.00293366,0.00219319,-0.000740474
232,0.00616375,0.00816006,0.002684,0.00243356,-0.000250435
233,0.0093915,0.0118966,0.00198212,0.00223325,0.000251134
234,0.00279722,0.0108563,0.00215695,0.00140937,-0.000747577
235,0.00589401,0.0123559,0.0026576,0.00163961,-0.00101799
236,0.00993551,0.0176306,0.000911845,0.00220339,0.00129155
237,5.28114e-05,5.5751e-05,0.00110106,0.00110181,7.49598e-07
239,0.00577553,0.00903089,0.00216872,0.00105732,-0.0011114
240,0.0079336,0.0123996,0.00231864,0.00145624,-0.000862405
242,0.000674626,0.00109131,0.00200554,0.001364,-0.000641538
244,0.0139785,0.0158155,0.00235803,0.0018113,-0.000546722
245,0.000708413,0.00108548,0.00242686,0.00200962,-0.000417241
247,0.00833657,0.0106188,0.00119143,0.00296341,0.00177198
248,0.0074098,0.0122444,0.00151565,0.00117892,-0.000336734
249,0.00506256,0.0069889,0.00277216,0.00149168,-0.00128048
250,0.00630314,0.0169114,0.0025914,0.00241496,-0.000176437
251,0.00335325,0.00893914,0.00262027,0.0019332,-0.000687065
252,0.00427138,0.0105912,0.0030809,0.00225456,-0.000826337
253,0.00414682,0.010933,0.000974969,0.00292886,0.00195389
254,0.00412815,0.00776722,0.00127598,0.000975825,-0.00030015
255,0.000309343,0.000445364,0.00136905,0.00139984,3.07909e-05
257,0.0181597,0.0244196,0.00294489,0.00214223,-0.000802661
258,0.0173387,0.0236946,0.00321045,0.00278149,-0.000428966
259,0.0116163,0.0143717,0.00177519,0.00290997,0.00113478
260,4.21621e-05,5.01591e-05,0.0013343,0.00133564,1.33738e-06
262,0.00359612,0.00407977,0.00210293,0.00145446,-0.000648471
263,0.00151176,0.00766579,0.00199717,0.00164374,-0.00035344
264,0.00897625,0.0134891,0.00204187,0.00159473,-0.000447133
265,0.00849076,0.012867,0.00227431,0.00153384,-0.000740468
266,0.00793784,0.00756695,0.00225084,0.00191811,-0.000332731
267,0.00377325,0.00649823,0.00223747,0.00192357,-0.000313906
268,0.00636088,0.00658222,0.00245775,0.00186581,-0.000591945
269,0.00542782,0.00362893,0.00273607,0.00202202,-0.000714049
270,0.00416427,0.00689642,0.00105769,0.00197908,0.000921395
271,0.00636048,0.00601654,0.00130566,0.00105727,-0.000248392
272,0.00770616,0.00760897,0.002661,0.00131764,-0.00134336
273,0.0105725,0.0131528,0.00245515,0.00215313,-0.000302021
274,0.0133608,0.0162984,0.00303919,0.00159098,-0.00144821
275,0.0035832,0.00624627,0.00247601,0.00243596,-4.00476e-05
276,0.00656046,0.00339079,0.00246258,0.00196798,-0.000494605
277,0.00782426,0.00467928,0.0025014,0.00159257,-0.000908828
279,0.0098748,0.00819752,0.00119118,0.0019081,0.000716921
280,0.00695486,0.00473698,0.00117718,0.00118214,4.95964e-06
281,0.00647677,0.00795052,0.00242431,0.00116735,-0.00125696
282,0.006581,0.00971817,0.00246149,0.00227898,-0.000182518
283,0.0059856,0.00546296,0.00226627,0.00218712,-7.9148e-05
284,0.00591735,0.00209972,0.00250658,0.00164234,-0.000864231
285,0.0044869,0.00805393,0.0021834,0.00232006,0.000136657
286,0.00508163,0.00562054,0.00257837,0.00215105,-0.000427316
287,0.00548116,0.0016822,0.00136543,0.00256311,0.00119768
288,0.00540156,0.00241371,0.00345846,0.00136475,-0.0020937
289,0.00681003,0.0103499,0.00343161,0.00312105,-0.000310564
290,0.00574895,0.00290184,0.00261477,0.00304197,0.000427206
291,0.00538075,0.00442676,0.00240383,0.00205489,-0.000348938
292,0.00914179,0.0109231,0.00223237,0.00240854,0.00017617
293,0.00829304,0.00939685,0.00119658,0.00222945,0.00103287
294,0.00359113,0.00265374,0.00252758,0.00119562,-0.00133197
295,0.00687523,0.00753572,0.00331272,0.00224481,-0.00106791
296,0.0106882,0.0116167,0.00371588,0.00323694,-0.000478931
297,0.0171238,0.0198744,0.00122761,0.00357115,0.00234354
298,0.00976304,0.0128947,0.00327516,0.00123325,-0.00204192
299,0.00602918,0.0103347,0.00305777,0.00327562,0.000217848
300,0.00863107,0.00883018,0.00322845,0.00305707,-0.000171373
301,0.00966627,0.0064548,0.00308097,0.00293594,-0.000145028
302,0.00708439,0.00740851,0.00326779,0.00265771,-0.000610081
303,0.00169029,0.000362839,0.00177,0.00299411,0.0012241
304,0.0130668,0.0145481,0.00123793,0.00176944,0.000531509
305,0.00689011,0.00928098,0.0016697,0.00123808,-0.00043162
306,0.00548307,0.00664236,0.00186757,0.00108644,-0.000781126
307,0.000302307,0.000888789,0.00269052,0.00133302,-0.0013575
308,0,0,0.00284398,0.00256152,-0.000282455
309,0.000556416,0.000941643,0.00287133,0.00269635,-0.000174985
310,0.026435,0.0290112,0.00258648,0.00287219,0.000285713
311,0.0106826,0.0168134,0.000861417,0.00262492,0.0017635
312,0.00830925,0.00942919,0.00176313,0.000861978,-0.000901152
313,0.00756662,0.00574396,0.00186319,0.00138672,-0.000476471
314,0.00837976,0.0101759,0.00166793,0.00150796,-0.000159976
315,0.0107119,0.0134368,0.0024125,0.00138127,-0.00103123
316,0.0238104,0.0295492,0.00391788,0.00216945,-0.00174844
317,0.0173226,0.0204061,0.00323083,0.00389573,0.000664901
319,0.00775853,0.0099383,0.00347599,0.00352561,4.96225e-05
320,0.00470811,0.0138329,0.00372825,0.00350109,-0.00022716
321,0.00376267,0.00495477,0.00395685,0.0037406,-0.000216254
322,0,0,0.00425575,0.00396345,-0.000292293
323,0.0343547,0.0380206,0.00246519,0.00417669,0.0017115
324,0.00820616,0.0113728,0.0022987,0.00246635,0.000167651
325,0.00412789,0.0192433,0.00334104,0.00231754,-0.0010235
326,0.00561046,0.00659171,0.00358701,0.00334714,-0.000239863
328,0.00731458,0.0084853,0.00345061,0.00320618,-0.000244431
329,0.00278992,0.0101985,0.00369601,0.00376552,6.95039e-05
330,0.00220714,0.00231651,0.00366741,0.00394039,0.00027298
331,0.0032112,0.00454444,0.00390357,0.00359371,-0.000309861
332,0.00410953,0.00549017,0.00396319,0.00390495,-5.82403e-05
333,0.00240533,0.00474744,0.00361623,0.00415842,0.00054219
334,0.000797307,0.00134937,0.00351371,0.00356405,5.03452e-05
335,0.00323265,0.00326192,0.00344115,0.00374489,0.000303742
337,2.24698e-05,1.50343e-05,0.00406216,0.00368731,-0.000374841
338,0.000977952,0.00176305,0.00379192,0.00375979,-3.21374e-05
339,0.000299313,0.000306369,0.00380038,0.00369331,-0.000107068
340,0.0010758,0.000554706,0.00356808,0.00371039,0.000142307
341,0.0121609,0.008208,0.0039379,0.00350949,-0.00042841
342,0.0268009,0.0249022,0.00356274,0.00380608,0.000243339
343,0.00915641,0.0109968,0.00365985,0.00374933,8.94761e-05
344,0.00605775,0.010386,0.00375563,0.00367932,-7.63072e-05
345,0.00259739,0.00451294,0.00399867,0.00352984,-0.000468828
346,0.0115681,0.0143886,0.00402171,0.00392665,-9.50601e-05
348,0.00290407,0.00292466,0.00368079,0.00406851,0.000387723
349,0.00112706,0.000870317,0.00410255,0.00399439,-0.000108154
350,0.0056918,0.00894935,0.0043039,0.00410293,-0.000200971
351,0.00795004,0.00659152,0.00420732,0.00405632,-0.000150993
352,0.00117111,0.00192466,0.00427725,0.00432231,4.50672e-05
353,0.024153,0.0236088,0.00421284,0.00469445,0.000481613
354,0.00144275,0.00161329,0.00413081,0.0042066,7.57896e-05
355,0.0323776,0.0391784,0.00417214,0.00413075,-4.13852e-05
356,0.00199738,0.00216717,0.00438156,0.00417199,-0.000209578
357,0.00509919,0.00761816,0.00405446,0.00396352,-9.0946e-05
358,0.0822127,0.159157,0.00411503,0.00423203,0.000117002
359,0.0637844,0.129476,0.00382126,0.00440017,0.000578913
360,0.000206782,0.000502854,0.00404246,0.00382117,-0.000221295
361,0.00156702,0.00440666,0.00397839,0.00407331,9.49218e-05
362,0.00661213,0.0147749,0.00390206,0.00397883,7.67666e-05
363,0.00347937,0.00725942,0.00408446,0.00390591,-0.000178555
364,0.00258084,0.00553545,0.00401223,0.0040466,3.43756e-05
365,0.00282275,0.00558846,0.00427193,0.00400988,-0.000262045
366,0.00450946,0.00799648,0.00426724,0.00427174,4.50853e-06
367,0.00419102,0.00644159,0.00441312,0.00422438,-0.000188741
368,0.00569363,0.00916366,0.00433879,0.00441316,7.43745e-05
370,0.0965822,0.0299645,0.00274718,0.00445172,0.00170453
371,0.0088815,0.0155393,0.00282778,0.00274611,-8.16658e-05
372,0.00443884,0.00861313,0.00272957,0.00282681,9.72375e-05
373,0.000136308,0.000448894,0.00303057,0.00273731,-0.000293252
374,0.00518029,0.00991348,0.00313895,0.00308374,-5.52121e-05
375,0.00145004,0.00171305,0.00310236,0.00291939,-0.00018297
376,0.00434191,0.00944438,0.00340687,0.00326357,-0.000143299
378,0.000115012,0.000250336,0.00362,0.00318483,-0.000435174
379,8.82519e-05,0.000273748,0.003689,0.0036002,-8.88093e-05
381,0.000360008,0.000756136,0.00430042,0.00384568,-0.000454742
382,0.0341713,0.0557598,0.00390506,0.00384144,-6.3627e-05
384,0.00107079,0.00180726,0.00348093,0.00312222,-0.000358713
385,0.010035,0.0221819,0.00361542,0.00348108,-0.000134335
386,0.00336748,0.00609747,0.00420743,0.00368137,-0.00052606
388,0.0148324,0.0466196,0.00268433,0.00408355,0.00139922
389,8.64267e-07,1.87997e-06,0.00244422,0.00244574,1.51619e-06
391,0.00267048,0.005569,0.00325288,0.00321455,-3.83328e-05
392,0.00171407,0.00314937,0.00286086,0.00317944,0.000318579
393,0.023653,0.0214948,0.00249715,0.00311289,0.000615746
394,0.00927247,0.0149577,0.00275902,0.00331262,0.000553592
395,0.000269922,0.00032485,0.00303468,0.00289798,-0.000136705
396,0.0103021,0.0205986,0.00385857,0.00303487,-0.000823705
397,0.022546,0.0397515,0.00341801,0.00367513,0.000257125
398,0.00164316,0.00318503,0.00374432,0.00340698,-0.00033734
399,0.00890969,0.0148452,0.00361957,0.00374286,0.000123286
400,0.00625322,0.00979846,0.0033803,0.00364954,0.000269246
401,0.000857093,0.00142323,0.00333222,0.00336629,3.40752e-05
403,0.00470115,0.0089156,0.00359152,0.00345764,-0.000133877
404,0.000482933,0.00119309,0.00367542,0.00355396,-0.000121463
405,0.00425729,0.00789222,0.00360793,0.0037026,9.46696e-05
406,0.00322843,0.00580627,0.00403896,0.00375859,-0.000280363
407,0.00436805,0.00614398,0.00399692,0.00378808,-0.000208842
409,0.0092736,0.0124744,0.0038981,0.00373962,-0.000158471
410,0.0341289,0.0520733,0.00410163,0.00388221,-0.000219425
411,0.0155058,0.0290535,0.00388553,0.0039578,7.22716e-05
412,0.00434987,0.00837918,0.00386868,0.00377347,-9.52058e-05
413,0.0161129,0.0237665,0.00377898,0.0038098,3.08207e-05
414,0.00667395,0.0105333,0.00413455,0.00371386,-0.000420696
415,0.00108107,0.00236089,0.00387472,0.00418745,0.000312729
416,0.0104029,0.0257327,0.00356888,0.00397688,0.000408001
417,0.0180711,0.0554314,0.00424117,0.00367314,-0.000568025
419,0.0608839,0.0515317,0.00371108,0.00459513,0.00088405
420,0.00132949,0.0091813,0.0040668,0.00358398,-0.000482829
421,0.000853271,0.000763264,0.00440653,0.00411819,-0.000288344
423,0.0376493,0.0414288,0.00310618,0.00435111,0.00124493
425,0,0,0.00381958,0.00311824,-0.000701337
426,0,0,0.00352926,0.00381939,0.000290133
427,0,0,0.00415996,0.00352926,-0.000630703
429,0.0690966,0.0736447,0.00287876,0.00506477,0.00218602
430,0.00237546,0.00884366,0.00334163,0.00287895,-0.000462685
431,4.29815e-07,6.005e-07,0.00391211,0.00331735,-0.000594761
432,0,0,0.00326132,0.00391144,0.000650127
433,0.000217543,0.000730929,0.00400166,0.00363686,-0.000364797
434,0.000760237,0.000468747,0.00355488,0.00394037,0.00038549
435,0.000718418,0.000703826,0.0031479,0.0034927,0.000344798
437,0.000517188,0.00100345,0.00322169,0.00296561,-0.000256072
438,2.58729e-05,0.000101223,0.00300631,0.00319641,0.000190105
439,0.00655257,0.0117799,0.00387567,0.00317338,-0.000702288
440,0.000349513,0.00021369,0.00416854,0.00392971,-0.000238822
442,0.0648252,0.0681501,0.00343458,0.00464742,0.00121284
444,0.0256376,0.0182777,0.00265103,0.00454851,0.00189747
445,0.00476528,0.0142382,0.00315098,0.00265112,-0.000499862
446,0.00101331,0.00165064,0.00339764,0.00307729,-0.000320356
447,0.00207993,0.0056678,0.00367207,0.00326908,-0.00040299
448,0.0050677,0.0118164,0.0037999,0.00352436,-0.000275536
449,0.000559441,0.000740989,0.00377859,0.00344954,-0.000329053
450,0.000243902,0.000645725,0.00352682,0.00378459,0.000257768
451,0.000473145,0.00128867,0.00411834,0.00350083,-0.000617515
452,0.00963731,0.0228978,0.00377017,0.00411665,0.000346475
453,4.02188e-06,2.89428e-06,0.00349438,0.00374242,0.000248039
454,0,0,0.00325651,0.00357064,0.000314126
455,0,0,0.00354324,0.00343947,-0.00010377
456,0,0,0.00346136,0.00345463,-6.73509e-06
457,0.00438012,0.009656,0.00369754,0.00346183,-0.000235701
458,0.000187573,0.000577362,0.00380631,0.00367964,-0.000126663
459,0.008717,0.0124841,0.00358808,0.00377661,0.000188525
460,0.0131028,0.0185621,0.00436693,0.00358743,-0.000779496
462,0.114197,0.114762,0.00218746,0.00477164,0.00258417
463,0,0,0.00262096,0.00218751,-0.000433456
464,0,0,0.00333204,0.00262109,-0.00071095
465,0,0,0.00352544,0.0033382,-0.000187235
466,4.00694e-05,6.73629e-05,0.00425767,0.00346124,-0.000796431
468,0.056106,0.0543787,0.00207158,0.00468997,0.0026184
470,0.000277981,0.000377238,0.00297208,0.00310457,0.000132492
471,7.07013e-06,2.77627e-05,0.00291018,0.00300053,9.03499e-05
472,0,0,0.00293491,0.00291027,-2.4644e-05
473,0.0192262,0.0253936,0.00415034,0.00290517,-0.00124517
474,0.0067947,0.0159003,0.00436316,0.00411196,-0.000251199
475,0.00493951,0.00849734,0.00426889,0.00408867,-0.000180217
476,0.00825502,0.0145573,0.0044379,0.00432955,-0.000108346
477,0.00911587,0.0143513,0.00437395,0.00445955,8.56053e-05
478,0.00406706,0.00664056,0.0044103,0.00430826,-0.000102039
479,0.00126491,0.00330259,0.00438841,0.00465129,0.000262877
482,1.14536e-05,2.00185e-05,0.00333594,0.00282187,-0.000514069
483,0,0,0.00403104,0.00333021,-0.000700826
484,0.00102888,0.0021941,0.00407768,0.00370093,-0.000376756
485,0.000147623,0.000390532,0.0041576,0.00386728,-0.00029032
487,0.027961,0.0343029,0.00289133,0.00458055,0.00168922
489,8.2721e-05,0.00034954,0.00380737,0.00327421,-0.000533167
490,2.2252e-05,1.25867e-05,0.0042624,0.0038611,-0.000401298
491,0.000633612,0.00142348,0.00425641,0.00408641,-0.000170006
492,1.65402e-05,9.64872e-05,0.00413231,0.00420122,6.89048e-05
493,0.000649513,0.00131539,0.00415213,0.00425446,0.000102328
495,0.0380426,0.0250599,0.00270824,0.00455014,0.0018419
497,0.00641883,0.0155092,0.00426629,0.00242475,-0.00184154
498,0.000453168,0.000689001,0.00399993,0.00431682,0.000316883
499,2.82727e-05,0.000107421,0.0043411,0.00425652,-8.45813e-05
500,2.74166e-05,0.000151684,0.00437523,0.00411133,-0.000263904
502,0.0618443,0.0574649,0.00311524,0.0051928,0.00207756
503,0.00154555,0.00102361,0.00347443,0.00311541,-0.000359026
504,0.00692545,0.0147658,0.00363273,0.00346615,-0.000166581
505,0.00693228,0.0151521,0.00328233,0.00359601,0.000313676
506,0.000785139,0.000930669,0.00389157,0.00338229,-0.000509283
507,0.00593311,0.0128334,0.00362442,0.00386823,0.000243805
508,0.00148651,0.00350883,0.00337963,0.00358891,0.000209279
509,0.00767009,0.0151573,0.00429078,0.00336426,-0.00092652
510,7.36389e-05,8.64866e-05,0.00406076,0.00428966,0.000228896
511,7.29477e-05,8.59473e-05,0.00393773,0.0040611,0.000123368
512,0.0123614,0.0215281,0.00449112,0.00392796,-0.000563161
513,0.000497633,0.000386121,0.00370938,0.00420364,0.000494258
514,8.68368e-05,0.000106027,0.00372576,0.00365062,-7.51377e-05
515,0.0121836,0.0212827,0.00347845,0.00372589,0.000247446
516,0.00326552,0.00502109,0.00400169,0.00347919,-0.000522494
517,1.1527e-06,1.98432e-06,0.00374338,0.00400195,0.000258572
518,0.000396367,0.00149433,0.00418051,0.00377505,-0.000405464
521,0.00156803,0.00332215,0.00403304,0.00351657,-0.000516473
522,1.14497e-06,2.2329e-06,0.00430163,0.00403317,-0.000268457
525,0.0522118,0.0229434,0.00365946,0.00465589,0.000996434
527,0.0211626,0.0199735,0.00412019,0.00465246,0.000532266
529,0.0226176,0.0126096,0.00343175,0.00433236,0.000900614
530,0,0,0.00401629,0.00343164,-0.000584651
531,0.000226457,0.000685827,0.00410026,0.00401636,-8.38959e-05
533,0.0287943,0.0237391,0.00301452,0.00464162,0.0016271
534,1.3328e-07,1.98946e-07,0.00326599,0.00300624,-0.000259756
535,0.000203834,0.000417477,0.0037814,0.00325917,-0.000522228
538,0.00515267,0.0065996,0.00328288,0.00390014,0.000617256
539,0.000260342,0.000951826,0.0038907,0.00328766,-0.000603043
541,0.0176329,0.0143668,0.00402944,0.00499787,0.00096843
543,0.026885,0.0226936,0.00335703,0.00493384,0.00157681
544,0.00107923,0.00261763,0.00329944,0.00335126,5.18253e-05
546,0.0233751,0.0189685,0.00308336,0.00528809,0.00220474
547,0.00628109,0.0107177,0.00350141,0.00308336,-0.000418054
548,0.00962332,0.0160305,0.0034858,0.00348561,-1.8836e-07
549,2.45539e-06,3.76988e-06,0.00306358,0.00348482,0.000421238
550,0.00536719,0.0101767,0.00322756,0.00306336,-0.000164197
552,0.049119,0.0421455,0.00342091,0.004705,0.00128409
554,4.65527e-07,8.7245e-07,0.00437554,0.00352831,-0.000847223
555,0,0,0.00385767,0.00437533,0.00051766
556,0.00373816,0.00708732,0.00405806,0.00386269,-0.00019537
560,0,0,0.00354594,0.00301744,-0.000528495
561,0.000392905,0.000470154,0.00417803,0.00354604,-0.000631984
563,0.0702522,0.0673703,0.00293726,0.00477332,0.00183605
564,1.68587e-07,2.38884e-07,0.0033765,0.00293648,-0.000440021
565,0,0,0.00394934,0.00336578,-0.000583567
567,0.0530946,0.0507759,0.00292999,0.005003,0.00207301
568,0,0,0.00408304,0.0029303,-0.00115274
569,0.000191989,0.000286149,0.00447951,0.00408338,-0.000396133
571,0.0861079,0.0752323,0.00402181,0.00548698,0.00146517
572,2.78741e-05,8.25557e-05,0.00418919,0.00402189,-0.000167296
573,5.38958e-05,0.000141774,0.00435589,0.00418979,-0.000166102
575,0.0845309,0.071127,0.00415855,0.00474303,0.000584479
578,0.0624977,0.0534587,0.00352612,0.0046826,0.00115647
579,4.2872e-05,0.000267707,0.00415011,0.00321979,-0.000930319
581,0.0465716,0.0438229,0.00272001,0.00447408,0.00175408
584,0.0388314,0.0338542,0.00311938,0.00477395,0.00165457
586,0,0,0.00354407,0.00277278,-0.000771295
587,0,0,0.00350187,0.00354412,4.22506e-05
588,0,0,0.00352474,0.00342765,-9.70841e-05
589,0.000671849,0.000717213,0.00355988,0.00353617,-2.37064e-05
590,0.000105184,0.000143451,0.00372805,0.00295058,-0.000777461
592,0.0601048,0.0633391,0.00321066,0.00475054,0.00153988
593,0.000457465,0.00112181,0.00449429,0.00321062,-0.00128367
595,0.0410591,0.0396049,0.00310238,0.00526057,0.00215819
596,0.00257281,0.0150447,0.00387731,0.00310228,-0.000775021
597,0,0,0.00427918,0.00390525,-0.000373934
599,0.0454015,0.0484898,0.00280975,0.00445829,0.00164855
600,0.00363251,0.0116846,0.00308514,0.00281871,-0.000266429
601,1.9992e-07,3.69837e-07,0.00306916,0.00308478,1.56211e-05
602,0,0,0.00362253,0.00307528,-0.000547246
603,0.00301388,0.0107549,0.00358664,0.00362268,3.60385e-05
604,9.3237e-06,2.77769e-05,0.0039782,0.00359286,-0.000385341
605,0.000285446,0.00056899,0.00361149,0.00396096,0.00034947
606,0.00031129,0.000729422,0.00397674,0.00366358,-0.000313154
607,6.46793e-05,0.000271476,0.00391389,0.003977,6.31078e-05
608,0.00190457,0.00323563,0.00432468,0.00392114,-0.000403548
609,0.000721155,0.00197647,0.00423092,0.00405647,-0.000174453
610,0.00125105,0.00191548,0.00436021,0.0044415,8.12821e-05
612,0.104708,0.113639,0.00398921,0.00481908,0.000829865
614,0.0291798,0.0316972,0.00411997,0.00462714,0.00050717
615,0,0,0.00438451,0.0041198,-0.000264715
616,0,0,0.00433268,0.00438429,5.16102e-05
618,0.0798272,0.0740362,0.00422943,0.00501906,0.00078963
620,0.0578377,0.0510376,0.0041965,0.00517032,0.000973827
621,0,0,0.00385413,0.00433856,0.000484433
622,3.74517e-05,8.01523e-05,0.00416702,0.00390481,-0.000262205
623,0.000818091,0.000927737,0.00425531,0.00434147,8.61613e-05
625,0.0891864,0.0803824,0.00404535,0.00467953,0.000634177
627,0.0378223,0.0339919,0.00352058,0.00517633,0.00165575
629,0.0275228,0.0268827,0.00318669,0.00464291,0.00145622
630,0,0,0.00379354,0.00318678,-0.000606759
631,0,0,0.00432942,0.00379352,-0.000535901
632,0,0,0.00412789,0.0039378,-0.000190093
633,0.000915694,0.00241014,0.00448863,0.00381105,-0.000677578
635,0.0904025,0.091656,0.00278154,0.00475877,0.00197723
636,0,0,0.0031899,0.00278865,-0.00040125
637,0,0,0.0032447,0.00318996,-5.47341e-05
638,0,0,0.00331589,0.00312784,-0.000188048
639,0,0,0.00379032,0.00334902,-0.000441302
640,8.54676e-05,0.000151332,0.00430246,0.00385258,-0.000449877
642,0.0766289,0.0753974,0.00336957,0.00480519,0.00143562
643,0,0,0.00322092,0.00336964,0.000148717
644,0,0,0.00341394,0.00312708,-0.000286868
645,4.22731e-05,0.00010128,0.00404532,0.00324847,-0.000796846
646,6.04053e-05,0.000192943,0.0040653,0.00414607,8.07671e-05
647,2.23141e-05,9.66357e-05,0.00412498,0.00422553,0.000100546
649,0.0861786,0.0776568,0.00289266,0.00456259,0.00166993
650,0.000303155,0.00102468,0.00319155,0.00289251,-0.000299036
651,0.00370354,0.0136827,0.00401799,0.00318247,-0.000835523
652,0.000227312,0.000804736,0.003438,0.00374818,0.000310177
653,0,0,0.0035752,0.00316651,-0.000408696
654,0,0,0.00441197,0.0034928,-0.000919163
655,0.000183873,0.000456316,0.00421724,0.00426769,5.04483e-05
657,0.0609531,0.0552526,0.00373604,0.0046061,0.000870056
658,0.000171944,0.000477792,0.00446327,0.00373594,-0.00072733
659,0.000171944,0.000477792,0.00421445,0.0042287,1.42544e-05
660,0.000560047,0.0026685,0.00435462,0.00415878,-0.000195845
661,0.000514268,0.00261323,0.00433222,0.00443448,0.000102257
662,0.00378425,0.00568917,0.00427304,0.00402248,-0.000250558
664,0.0863047,0.0577017,0.00379031,0.00473626,0.000945945
665,0,0,0.00386562,0.00379043,-7.51878e-05
666,0,0,0.00434274,0.00386552,-0.000477227
667,0,0,0.0042146,0.00436158,0.000146978
668,7.07771e-05,0.000227671,0.00447962,0.00421809,-0.000261528
669,0,0,0.0043629,0.00439525,3.23523e-05
672,0,0,0.00438834,0.00377303,-0.000615311
673,2.62571e-05,0.000103353,0.00436035,0.00411624,-0.000244112
678,0.017558,0.0119233,0.00433765,0.00461763,0.000279976
681,0.0702366,0.0530469,0.00401793,0.00457644,0.000558509
683,0.0465823,0.0362267,0.00397689,0.0045377,0.000560812
684,5.00864e-05,0.000224064,0.00423528,0.00422921,-6.07083e-06
685,5.00864e-05,0.000224064,0.00407681,0.0042011,0.000124292
686,0,0,0.0042102,0.00406261,-0.000147583
689,8.62176e-05,0.000382313,0.00435549,0.00378538,-0.000570101
691,0.0485648,0.0361361,0.00404975,0.00437382,0.000324076
693,0.0257583,0.0163549,0.00355788,0.00505971,0.00150183
695,0.0293398,0.0239794,0.00407786,0.00470623,0.000628372
697,0.0335286,0.0262808,0.00421713,0.00457109,0.000353958
699,0.0409936,0.0319226,0.00441117,0.00488096,0.000469792
701,0.0455788,0.0344574,0.00431239,0.00452769,0.000215294
702,0.000142542,0.000234475,0.00434802,0.00431253,-3.54904e-05
709,0.00200787,0.00615222,0.00377108,0.00387064,9.9564e-05
710,0.00118896,0.00389035,0.00379495,0.00377116,-2.37927e-05
711,0.000603801,0.00505616,0.00383629,0.00389806,6.1766e-05
712,0.00193924,0.00628314,0.00393727,0.00382835,-0.00010892
715,0.00019654,0.000923629,0.00392185,0.00335224,-0.000569613
716,0.000817785,0.00416097,0.00418458,0.00392254,-0.000262043
717,0.000448929,0.00250727,0.00355645,0.00418269,0.000626241
720,6.4495e-05,0.000210175,0.0040142,0.00432925,0.000315042
722,0.0424026,0.0343251,0.00326792,0.00451182,0.00124391
723,6.71656e-05,0.000200449,0.00358483,0.00326816,-0.000316672
724,0,1.73776e-07,0.00383123,0.00358504,-0.000246184
725,0.000329162,0.00141133,0.0042964,0.00394661,-0.000349787
726,0.000355261,0.000922288,0.00446068,0.00415114,-0.000309538
728,0.0724591,0.0608231,0.00372435,0.00452149,0.000797144
730,0.0306951,0.0254274,0.00397717,0.0047863,0.000809126
733,0.0184537,0.0171901,0.00449641,0.0047695,0.000273086
739,0.0146994,0.0122345,0.00375283,0.00459617,0.000843347
741,0.0256892,0.0200978,0.00360036,0.00442005,0.000819689
742,0,0,0.00392159,0.00362709,-0.000294503
743,0,0,0.00417526,0.00392197,-0.000253289
744,0.000558623,0.00171103,0.00435075,0.00417509,-0.000175659
746,0.0678749,0.0560636,0.00400119,0.00512165,0.00112047
747,1.33031e-05,2.73022e-05,0.00386764,0.00400106,0.000133425
748,2.18313e-05,3.73145e-05,0.00448297,0.00386775,-0.000615227
749,1.14814e-05,4.58895e-05,0.00445323,0.00448312,2.9888e-05
751,0.0602048,0.0463837,0.00373195,0.00542928,0.00169733
753,0.0351065,0.0350566,0.00392813,0.00476131,0.000833181
754,0.00196324,0.0119856,0.00391847,0.00392828,9.81241e-06
755,0.000639197,0.00130055,0.00379066,0.00409831,0.000307652
756,0.000322698,0.000761437,0.00396383,0.00358288,-0.000380952
757,2.2696e-05,0.000134968,0.00384665,0.0039986,0.000151949
758,1.81211e-05,0.000142451,0.00406599,0.00392419,-0.000141798
760,0.0869391,0.0759024,0.00381869,0.00464368,0.000824987
762,0.0382402,0.029301,0.00341196,0.00458717,0.00117521
763,0,0,0.0043941,0.00329477,-0.00109933
765,0.023413,0.0149156,0.00372662,0.00500165,0.00127503
767,0.0148648,0.0100406,0.00334452,0.00450093,0.00115641
768,0,0,0.0041119,0.00334442,-0.000767483
769,0,0,0.00434085,0.0043413,4.42844e-07
771,0.0181843,0.0135095,0.00293823,0.00431232,0.00137409
772,0.00243383,0.00518256,0.00331833,0.00292047,-0.000397855
773,5.52751e-07,1.82186e-06,0.00376035,0.00331766,-0.000442685
774,0.0118444,0.0277751,0.00343563,0.00376001,0.000324378
775,0.00518367,0.00793656,0.00375093,0.00380603,5.50973e-05
776,0.0031801,0.0077119,0.00358327,0.00384013,0.000256858
777,0.00408935,0.00891127,0.0037098,0.00335977,-0.00035003
779,0.00597575,0.0156452,0.0031097,0.00395088,0.000841184
780,0.00146643,0.00533139,0.00336574,0.00313732,-0.000228423
781,0.00336389,0.00881567,0.00334938,0.00373356,0.000384177
782,0.000232482,0.000716004,0.00371885,0.00338847,-0.00033038
783,6.97011e-05,0.000263447,0.00340303,0.00358527,0.000182241
784,0.000353347,0.000957377,0.00341748,0.00340285,-1.46276e-05
785,0.00118766,0.00374903,0.00376698,0.0034186,-0.000348381
786,0.000501405,0.00205214,0.00369988,0.00376561,6.57209e-05
787,0.000502911,0.00201903,0.00417516,0.00383414,-0.000341013
789,0.10787,0.119129,0.00286597,0.00484121,0.00197524
790,0.00282121,0.00764832,0.0027886,0.00286597,7.73726e-05
791,7.45495e-05,0.000287362,0.00278216,0.00275327,-2.88892e-05
792,0.00160079,0.00408037,0.00353881,0.00316638,-0.000372428
794,0.000567081,0.000566204,0.00414233,0.00426067,0.000118341
795,0.00110422,0.00358208,0.00427478,0.00454899,0.000274204
796,0.00198888,0.00659439,0.00449873,0.00427442,-0.000224311
797,0.00953988,0.02216,0.00419323,0.0044846,0.000291372
798,0.000312126,0.000285727,0.00384788,0.00413425,0.000286366
800,0.0756047,0.0964059,0.00315093,0.00439694,0.00124601
803,2.08365e-05,5.84537e-05,0.00380158,0.004398,0.000596416
804,4.96398e-05,0.000104387,0.00376449,0.0038018,3.73065e-05
805,5.57285e-05,0.000104134,0.00410056,0.00378164,-0.00031892
806,4.82244e-05,0.000126198,0.00393464,0.00384933,-8.5304e-05
807,1.92445e-05,0.000127738,0.00429422,0.00393418,-0.000360039
808,9.81145e-05,0.000188074,0.0043221,0.00438196,5.98603e-05
809,3.10268e-05,0.000105782,0.00428982,0.00432171,3.18908e-05
810,3.18236e-05,6.3076e-05,0.00448391,0.00429042,-0.000193491
811,3.8227e-05,0.000101419,0.00429311,0.0044841,0.000190987
813,0.217748,0.202557,0.00268102,0.00453822,0.0018572
814,0,0,0.0029431,0.00268949,-0.000253617
815,3.67341e-05,9.14197e-05,0.00325216,0.00296993,-0.00028223
816,3.67341e-05,9.14197e-05,0.00377622,0.00324379,-0.000532427
818,0.0704539,0.0767086,0.00320461,0.00457443,0.00136983
819,1.78814e-07,3.29177e-07,0.00338877,0.00321439,-0.000174384
820,6.35381e-05,0.000219691,0.00317226,0.00338882,0.00021656
821,0.00110134,0.0132442,0.00324187,0.00317264,-6.92236e-05
822,0.00110138,0.013244,0.00351213,0.00363897,0.000126842
823,0,0,0.00383138,0.0035482,-0.000283179
824,0,0,0.00423028,0.0035923,-0.000637981
825,0,0,0.00437931,0.00422983,-0.000149476
826,0,0,0.00416906,0.00437894,0.000209887
827,0,0,0.00447814,0.00416923,-0.000308908
828,0.000162725,0.000428793,0.00425974,0.0047982,0.000538468
830,0.164207,0.15309,0.00265296,0.00507741,0.00242445
831,0,0,0.00301058,0.00265293,-0.00035765
832,0,0,0.00322044,0.00301049,-0.000209954
833,0,0,0.00314129,0.00319476,5.34647e-05
834,0,0,0.00345947,0.00314147,-0.000318002
835,0,0,0.00367082,0.00345963,-0.000211192
836,0,0,0.00374805,0.0036712,-7.68537e-05
837,0,0,0.00392831,0.00374812,-0.00018019
838,0,0,0.00417636,0.00392915,-0.000247203
839,5.73818e-05,9.68967e-05,0.0044057,0.00418909,-0.000216611
840,5.73818e-05,9.68967e-05,0.00446833,0.00417499,-0.000293341
841,2.63021e-05,6.6526e-05,0.00434322,0.00436578,2.25645e-05
842,2.63021e-05,6.6526e-05,0.00443302,0.00422481,-0.000208208
844,4.20255e-05,8.4718e-05,0.00434733,0.00427075,-7.65822e-05
848,0.0598364,0.0520148,0.00414217,0.00488901,0.000746841
851,0.0718047,0.0631866,0.00275764,0.00461158,0.00185394
852,0,0,0.00413818,0.00274611,-0.00139207
853,2.73681e-05,7.53024e-05,0.0043714,0.00429528,-7.61286e-05
854,0.00159114,0.00141434,0.00442938,0.00415998,-0.000269401
855,0.00123222,0.000856293,0.00422258,0.00488601,0.000663425
856,4.16479e-05,7.83413e-05,0.00449067,0.00439804,-9.26233e-05
858,0.0793217,0.087018,0.00273623,0.00460378,0.00186755
859,0,0,0.00322027,0.00272333,-0.000496946
860,0,0,0.00364945,0.00400681,0.000357364
862,0,0,0.00427894,0.00392789,-0.000351043
863,4.40438e-05,0.000112128,0.00442283,0.00392316,-0.00049967
864,0.00132678,0.00545986,0.00405424,0.00442563,0.000371396
865,2.80841e-05,5.08487e-05,0.0035336,0.00406036,0.000526764
866,0,0,0.00393655,0.00353309,-0.000403462
867,0,0,0.00352847,0.00393641,0.000407938
868,0.00025472,0.000766574,0.00393154,0.00352871,-0.000402822
869,0.00015069,0.000447351,0.00426548,0.00432421,5.87297e-05
870,0.000120346,0.000301993,0.00403902,0.00398299,-5.60381e-05
871,0,0,0.00408497,0.0040848,-1.70432e-07
873,6.01062e-06,1.3615e-05,0.00413436,0.00425292,0.000118556
874,6.11561e-05,0.000150586,0.00394944,0.00433697,0.000387531
875,4.77152e-05,0.000135419,0.00411385,0.00407528,-3.85679e-05
878,0,0,0.00242468,0.0024874,6.27246e-05
879,0,0,0.0026708,0.00242448,-0.000246321
880,0.00012517,0.000322432,0.0029039,0.00245965,-0.00044425
881,0.00203599,0.00514412,0.00337113,0.00295782,-0.00041331
883,0.0023957,0.00663512,0.00294906,0.00276365,-0.000185408
884,0.00108519,0.00348266,0.00382143,0.00294911,-0.000872315
885,0.00157465,0.00569767,0.00305073,0.00290819,-0.000142537
886,0.00151137,0.0059599,0.00311563,0.00293797,-0.000177655
887,0.00287136,0.00990622,0.00249023,0.00355904,0.00106881
888,0.00186734,0.00352874,0.00317984,0.0024051,-0.000774738
889,0.00467531,0.0147415,0.004179,0.00313599,-0.00104302
890,0.00212079,0.00599119,0.00409438,0.00426953,0.000175146
891,3.17684e-05,9.62327e-05,0.00419655,0.00409511,-0.000101444
893,0.118655,0.124935,0.00352048,0.00489828,0.0013778
894,1.19293e-05,8.09918e-05,0.00432848,0.00352131,-0.000807169
895,0.00189166,0.00203657,0.00433229,0.00425446,-7.78381e-05
896,0.00247685,0.00551747,0.00414975,0.00433156,0.00018181
897,0.00372585,0.0087608,0.00347226,0.00414997,0.000677717
898,0.00176514,0.00396921,0.00423115,0.00351016,-0.000720992
899,0.00203315,0.00483175,0.00355065,0.00408974,0.000539087
900,0.000281474,0.000789267,0.00362915,0.00355011,-7.9036e-05
901,3.36356e-05,8.28124e-05,0.0036444,0.00362893,-1.54737e-05
902,0.00191942,0.00560451,0.0034299,0.00364398,0.000214078
903,0.00132185,0.00383317,0.00365704,0.00342968,-0.000227367
904,0.000717066,0.00129942,0.00358919,0.00365719,6.79989e-05
905,0.000533324,0.00199697,0.00326924,0.00358881,0.000319576
906,7.65537e-05,0.000176461,0.00361475,0.00326903,-0.000345719
907,6.12526e-05,0.000139816,0.00372654,0.00361482,-0.000111721
908,5.84986e-05,7.85819e-05,0.0033239,0.00372572,0.000401826
909,0.000488167,0.00276025,0.00302952,0.00332373,0.000294203
910,6.05692e-05,0.000221143,0.00361966,0.00302891,-0.000590747
913,8.1906e-05,0.000223652,0.00360006,0.00288673,-0.000713323
915,3.39801e-05,0.000123837,0.00440296,0.00374584,-0.000657115
916,5.35153e-05,0.000472538,0.00420172,0.00385873,-0.000342987
917,7.93695e-05,0.000287891,0.00402249,0.00399885,-2.36412e-05
920,0,0,0.00299872,0.00239867,-0.000600047
921,0,0,0.00344067,0.00299889,-0.000441781
922,2.03481e-05,0.000109929,0.00417466,0.00344085,-0.000733812
923,0.000138499,0.000440768,0.00369754,0.00417497,0.00047743
924,0.000104114,0.000346374,0.00392245,0.00369781,-0.00022464
926,0,0,0.00401076,0.00415371,0.000142949
927,0.000352404,0.00242283,0.00422308,0.00401164,-0.000211439
928,0.000355613,0.00186271,0.0042462,0.00412263,-0.000123573
929,0.000417661,0.00607534,0.00362414,0.00424639,0.000622247
930,0.00117956,0.00790849,0.00356827,0.0036245,5.62298e-05
931,4.37077e-05,0.000186478,0.00386652,0.00356882,-0.000297703
932,3.02321e-05,0.000123337,0.00410386,0.00386762,-0.000236243
933,0.000195614,0.000653516,0.00394652,0.0041036,0.00015708
934,0.000127931,0.000419499,0.00432542,0.00394626,-0.00037916
936,0.142812,0.110613,0.00263111,0.00552329,0.00289218
937,0,0,0.0030653,0.0026311,-0.000434204
939,0.0403567,0.0412108,0.0030889,0.00433346,0.00124457
941,0,0,0.00349652,0.00338813,-0.000108386
942,4.25455e-05,8.72458e-05,0.00371846,0.00349568,-0.000222782
943,8.61756e-05,0.000143457,0.00400605,0.00371748,-0.000288572
944,7.09608e-05,3.03661e-05,0.00443277,0.004005,-0.000427768
945,5.49231e-05,7.87507e-05,0.0032436,0.00443188,0.00118827
946,0.000198665,0.000621432,0.00376716,0.00324213,-0.00052503
947,5.86598e-05,0.000152139,0.00433612,0.00376807,-0.000568052
948,4.04338e-05,9.40017e-05,0.00315416,0.00433651,0.00118235
949,0.000362673,0.00156587,0.00351264,0.00315481,-0.000357833
950,0.000585442,0.0027579,0.00278575,0.00343532,0.00064957
951,0.000504657,0.00201814,0.0042109,0.00278619,-0.00142471
952,0.000313726,0.000992998,0.00415629,0.00421123,5.49387e-05
954,0.205948,0.199202,0.00374845,0.00472089,0.000972432
955,0,0,0.00400195,0.00374868,-0.000253275
956,0,0,0.00353392,0.0040018,0.00046788
957,0.00932297,0.021127,0.00413149,0.00407621,-5.528e-05
958,0.00863261,0.0186369,0.00410159,0.00435593,0.000254345
959,0.00375619,0.00811586,0.004367,0.00431506,-5.19371e-05
960,0.00189566,0.00427175,0.00445641,0.00465954,0.000203126
961,0.00491986,0.0170174,0.00389954,0.00445625,0.000556705
962,0.00239837,0.00792351,0.00438608,0.00405199,-0.00033409
963,0.0123357,0.039249,0.00427034,0.00438553,0.000115184
964,0.00302247,0.00916499,0.00443952,0.00426594,-0.000173585
965,0.003851,0.0123703,0.00436867,0.00444447,7.58013e-05
971,0.0496429,0.0461108,0.0041246,0.00475238,0.000627779
973,0.0469898,0.03965,0.00439735,0.00467066,0.000273312
975,0.0642685,0.0600794,0.00359513,0.00455,0.000954867
976,0.00497423,0.0177133,0.00441933,0.00364116,-0.000778175
979,0.00585009,0.0184015,0.00418335,0.00374813,-0.000435223
981,0.0861777,0.072646,0.00406128,0.00471091,0.000649623
983,0.0548931,0.0467485,0.00405044,0.00463952,0.000589078
984,0,0,0.00407306,0.00405042,-2.26353e-05
987,0.000121164,0.000210323,0.0039507,0.00359914,-0.000351562
989,0.0655219,0.057563,0.00393797,0.00414299,0.000205016
991,0.0493512,0.0437508,0.00442889,0.00461879,0.000189901
993,0.0565698,0.0488333,0.00446418,0.00467438,0.000210196
995,0.0530618,0.0425322,0.00433544,0.00479099,0.000455547
997,0.0542738,0.0416078,0.00445602,0.00472717,0.000271152
1002,0.0759708,0.0640205,0.00424518,0.00505321,0.000808027
1004,0.0713903,0.0591026,0.00386483,0.00459037,0.000725538
1005,3.25106e-05,0.000123078,0.00439201,0.00390515,-0.00048686
1006,3.25106e-05,0.000123078,0.00427098,0.00439204,0.000121061
1009,2.14908e-07,1.10613e-06,0.00443173,0.00389407,-0.000537653
1011,0.0857857,0.0765935,0.00343553,0.00489935,0.00146382
1012,0.00113326,0.00278768,0.00384648,0.00338141,-0.000465071
1014,0.0572665,0.0485521,0.00386871,0.00438984,0.000521132
1018,0,0,0.00429769,0.00423892,-5.87716e-05
1020,0.0588999,0.0690737,0.00431607,0.00454881,0.000232744
1021,0.0023552,0.00268583,0.00413421,0.00449647,0.000362256
1023,0.0835102,0.0876155,0.00423035,0.00443256,0.000202208
1026,0.0663098,0.0571413,0.00344844,0.00433478,0.000886342
1027,0.000699661,0.00239419,0.00414261,0.00316388,-0.000978732
1029,0.0847566,0.064783,0.0038665,0.00470597,0.000839467
1030,0,0,0.00414598,0.00386677,-0.000279211
1031,0.00980835,0.0186617,0.00355396,0.00414595,0.000591988
1035,0.000206408,0.000714949,0.00435124,0.00394531,-0.000405928
1039,0.0831687,0.073016,0.00395498,0.00473858,0.000783606
1040,0.00603061,0.0345481,0.00392433,0.00395536,3.10317e-05
1041,0.00383585,0.0117013,0.0043766,0.00395681,-0.000419785
1042,0.00280465,0.00782307,0.0043894,0.00441289,2.3488e-05
1045,0.0298359,0.0227726,0.00407472,0.00475828,0.000683555
1046,0.0010548,0.00600592,0.00430884,0.00407429,-0.000234544
1047,0.00105087,0.0152562,0.00371964,0.00433782,0.000618175
1048,0.00597202,0.0229401,0.00441216,0.00440433,-7.83335e-06
1051,9.17497e-05,0.00194537,0.00383783,0.00371731,-0.000120517
1052,0.000804026,0.00654617,0.00437388,0.00403093,-0.000342946
1053,0.00058131,0.00308039,0.004333,0.00451694,0.000183944
1056,0,0,0.00283024,0.00220442,-0.00062582
1057,0,0,0.00267753,0.00246703,-0.000210501
1058,0.00357566,0.00993365,0.0029119,0.0026081,-0.000303797
1059,0.00248774,0.0129141,0.0023434,0.00296922,0.000625817
1060,0.000328103,0.00134968,0.00326858,0.00266645,-0.000602127
1061,4.80871e-05,0.000918912,0.00293394,0.00300941,7.54783e-05
1062,1.49012e-07,1.08246e-06,0.00331773,0.00293436,-0.000383372
1063,5.05745e-05,0.00117981,0.00299479,0.00333603,0.000341243
1064,6.71305e-05,0.000932305,0.00353506,0.00311253,-0.000422521
1065,0.000356956,0.002484,0.00330072,0.00338844,8.77164e-05
1066,5.21321e-05,0.00049186,0.00364078,0.00328003,-0.000360743
1068,1.59512e-05,7.22036e-05,0.00443863,0.00428438,-0.000154255
1069,0.00302273,0.0737014,0.00421746,0.00415816,-5.93015e-05
1070,0.00139012,0.026158,0.00445403,0.00386648,-0.00058755
1071,0.00225543,0.018485,0.00437975,0.00424784,-0.000131903
1073,0.151755,0.187454,0.00230712,0.00425163,0.00194451
1074,0.000684244,0.00286153,0.00257541,0.00228451,-0.000290903
1075,0.00523912,0.00592866,0.00234279,0.0025758,0.000233015
1076,0.00681493,0.00394224,0.00296684,0.00311717,0.000150327
1077,0.00309812,0.0017518,0.00346019,0.00297597,-0.000484219
1078,0.00262316,0.00542045,0.00346067,0.00275641,-0.00070426
1079,0.000113457,0.000635813,0.00422679,0.00357613,-0.000650664
1080,6.41604e-05,0.000412978,0.00423977,0.00422664,-1.31293e-05
1081,9.69804e-05,0.000692253,0.00428148,0.00442324,0.000141757
1082,7.4773e-05,0.000414795,0.00408665,0.00424559,0.000158942
1083,3.8017e-05,0.000288484,0.00426628,0.00414643,-0.000119848
1084,0,0,0.00422402,0.00411567,-0.000108344
1085,8.88914e-05,0.000325092,0.00388277,0.00415724,0.000274466
1086,0.000518881,0.00222925,0.00360898,0.00388346,0.000274478
1087,0.00160508,0.00153875,0.00380385,0.00360924,-0.000194616
1088,0,0,0.00402941,0.00408167,5.22584e-05
1090,0.00101736,0.00411566,0.00423628,0.00430842,7.21477e-05
1091,0.005504,0.00497108,0.00420967,0.00428206,7.23926e-05
1092,0.00278405,0.00144397,0.00413573,0.00388354,-0.000252181
1093,5.63026e-05,0.000173984,0.0040166,0.00413598,0.000119384
1094,0.00411557,0.00234051,0.00426732,0.00401196,-0.000255357
1095,0.00085274,0.00148267,0.00379439,0.00394605,0.000151663
1096,0.00456202,0.0062402,0.00395652,0.00395617,-3.4878e-07
1097,0.00272077,0.00383847,0.00430823,0.0041398,-0.000168431
1098,9.70749e-05,3.27512e-05,0.00425853,0.00432809,6.95591e-05
1100,0.430067,0.336621,0.00252184,0.00486253,0.00234069
1102,0.000193941,0.000567581,0.00253944,0.00249071,-4.87242e-05
1103,0,0,0.00285077,0.00291698,6.62096e-05
1104,0,0,0.00315452,0.00293995,-0.000214578
1105,0,0,0.00350421,0.00314451,-0.000359697
1106,0,0,0.00352892,0.00341198,-0.000116939
1107,0,0,0.00389442,0.0035287,-0.000365718
1108,0,0,0.00359951,0.00389489,0.000295384
1109,3.36729e-05,0.000110575,0.00383125,0.00360633,-0.000224924
1110,0.000151109,0.000413945,0.00422571,0.00379739,-0.00042832
1111,0.000395811,0.00126344,0.00440551,0.00406062,-0.000344892
1113,0.145406,0.10742,0.00286501,0.00462424,0.00175923
1115,2.88163e-06,2.82998e-06,0.00355429,0.00327002,-0.000284265
1116,0,0,0.00376304,0.00378374,2.07042e-05
1118,0.000558657,0.00342107,0.0038605,0.00391756,5.70649e-05
1119,5.20864e-05,7.93465e-05,0.00400253,0.00383339,-0.000169137
1120,0.000308489,0.00122024,0.00398586,0.00401983,3.39681e-05
1122,0.154396,0.119701,0.00274583,0.00484456,0.00209873
1124,0.00021656,0.00034389,0.00372533,0.0027801,-0.000945223
1125,0.000330921,0.00165888,0.00410215,0.0036362,-0.00046595
1126,0.000668649,0.00294639,0.00398785,0.00401291,2.50577e-05
1127,0.000243969,0.00113604,0.00445023,0.00411001,-0.000340214
1128,0.000502914,0.00168247,0.00435964,0.00433933,-2.0301e-05
1129,5.94125e-05,0.000174661,0.00449233,0.00436013,-0.000132197
1130,3.57016e-05,0.000122844,0.00447524,0.00439902,-7.62194e-05
1132,0.158661,0.122912,0.00307188,0.00460194,0.00153006
1133,0.00238316,0.00817191,0.00320538,0.00307043,-0.000134956
1134,0.000575332,0.00372405,0.00389099,0.00332981,-0.000561176
1135,0.00218408,0.0101619,0.003427,0.00373009,0.000303094
1136,0.00141578,0.00397558,0.00357915,0.00362847,4.93177e-05
1137,0.000667059,0.00265694,0.00362773,0.00375056,0.000122827
1138,0.00108325,0.00434332,0.00386437,0.0039537,8.93315e-05
1139,0.000265385,0.00135267,0.00414526,0.00386477,-0.00028049
1140,8.73362e-05,0.000946002,0.00399631,0.00414607,0.000149767
1142,0.123867,0.0895029,0.00351189,0.00465145,0.00113957
1143,0.00409589,0.0131995,0.00388437,0.00293746,-0.000946902
1144,0.00212353,0.00601269,0.00417811,0.00307258,-0.00110553
1145,0.000526581,0.000865129,0.00443219,0.00410635,-0.000325837
1146,0.00572084,0.0170859,0.00425125,0.0040989,-0.000152347
1148,0.119755,0.0758909,0.00398542,0.00447564,0.000490214
1150,0,0,0.00410915,0.00447465,0.000365499
1151,0.000387448,0.000254673,0.00413456,0.00410901,-2.55452e-05
1152,0.00289384,0.00441763,0.00437172,0.00413396,-0.000237758
1155,1.3328e-07,6.10766e-07,0.00355869,0.00304542,-0.000513275
1156,0,0,0.00423812,0.00355839,-0.000679729
1157,0.00349216,0.0110076,0.00411907,0.00427127,0.000152207
1159,0.0637423,0.0331098,0.00259636,0.00450685,0.00191049
1160,0,0,0.00322337,0.00259618,-0.000627191
1161,0,0,0.00379811,0.00322328,-0.000574835
1162,6.48567e-05,9.64673e-05,0.00357354,0.00379793,0.000224392
1163,0.000100586,9.17009e-05,0.00391075,0.00357328,-0.00033747
1164,0.000252944,0.000210208,0.00449503,0.00352895,-0.000966075
1166,0.126767,0.0941541,0.00353468,0.00480714,0.00127246
1168,0.0469779,0.0358254,0.00335183,0.00457028,0.00121845
1170,0,0,0.00422355,0.00357377,-0.00064978
1172,0.0822316,0.0626782,0.00291693,0.00445502,0.00153809
1174,2.2346e-05,9.302e-05,0.00448996,0.00384024,-0.000649716
1176,0.0850138,0.0652832,0.00309903,0.00501613,0.0019171
1177,0,0,0.00388873,0.00309874,-0.000789989
1179,0.0688076,0.0547141,0.00338054,0.00477827,0.00139773
1181,0.0478464,0.0376165,0.00370782,0.00455843,0.000850612
1182,0,0,0.00358001,0.00379356,0.00021355
1183,0.000706977,0.000496065,0.00356104,0.00358043,1.93941e-05
1184,0.000268596,0.000504148,0.00413057,0.00365885,-0.000471721
1185,0.0013342,0.00326724,0.00443813,0.0041375,-0.000300638
1186,0.00116194,0.00316418,0.00431334,0.00450531,0.000191965
1187,0.00104835,0.00284279,0.00383727,0.00460749,0.000770224
1189,0.189047,0.151034,0.00332765,0.00500852,0.00168087
1190,0.000543908,0.00365349,0.00343441,0.00332745,-0.000106962
1191,7.31099e-06,6.24286e-06,0.00431824,0.00341525,-0.000902992
1192,8.63548e-05,5.21651e-05,0.00402543,0.00431026,0.000284827
1193,0.000113417,0.000127243,0.00400324,0.00376243,-0.000240813
1194,8.11899e-05,0.000145832,0.00431202,0.00440122,8.92016e-05
1195,0.000163855,0.000375265,0.00416317,0.00456543,0.000402258
1196,0,0,0.00414404,0.00416379,1.97524e-05
1197,0,0,0.00401431,0.00414404,0.000129733
1198,0,0,0.00421819,0.00401577,-0.000202417
1200,0.119069,0.0956488,0.00300958,0.00437099,0.00136141
1201,0,0,0.00279943,0.00299723,0.000197806
1202,0,0,0.00256778,0.00279936,0.000231585
1203,0,0,0.00379521,0.00255603,-0.00123918
1204,3.31192e-05,7.88981e-05,0.00415663,0.00379533,-0.000361303
1208,0.0336991,0.0249267,0.00386843,0.00462742,0.00075899
1209,0,0,0.00421211,0.00386823,-0.00034388
1211,0.0941804,0.0772455,0.00286935,0.00494449,0.00207514
1212,0.000320536,0.000779303,0.00312663,0.00268871,-0.000437924
1213,0,0,0.00352662,0.0030764,-0.000450216
1214,0,0,0.00355735,0.0036303,7.29552e-05
1216,0.0973506,0.0833617,0.00267377,0.00516964,0.00249587
1217,0,0,0.00349028,0.00267373,-0.000816549
1218,5.47088e-05,6.17131e-05,0.00362926,0.00349048,-0.000138778
1219,6.52018e-05,0.000129505,0.00410691,0.00362912,-0.000477788
1220,0.000112747,0.000169784,0.00407902,0.00410721,2.81953e-05
1221,6.13042e-05,8.65096e-05,0.00419677,0.00424144,4.467e-05
1223,0.000141453,0.000265085,0.00363692,0.00421964,0.000582723
1224,1.47614e-05,1.83312e-05,0.00336158,0.00361487,0.000253294
1225,0.00263981,0.00413867,0.00347633,0.00336144,-0.000114892
1226,0.00455861,0.00698598,0.00381133,0.00346927,-0.000342061
1227,0.000328685,0.000222491,0.00414119,0.00376589,-0.000375299
1228,8.88449e-05,0.000105884,0.00366863,0.00381978,0.000151153
1229,7.05997e-05,9.95677e-05,0.00390514,0.00366834,-0.000236802
1230,0.000413136,0.000514166,0.00438192,0.00390519,-0.00047673
1231,4.25648e-05,6.91912e-05,0.00421442,0.00438223,0.00016781
1233,0.233722,0.207541,0.00341751,0.0048525,0.001435
1234,0,0,0.00395243,0.00341743,-0.000534997
1235,8.31446e-05,0.000244336,0.00386599,0.00395249,8.64975e-05
1237,0.0969175,0.0832652,0.00319034,0.00450603,0.00131569
1238,0.00303764,0.00696894,0.00332843,0.00323954,-8.88915e-05
1239,0.000243483,0.000909612,0.00374794,0.00350281,-0.000245129
1240,0.00237916,0.00223516,0.00439558,0.00360919,-0.000786391
1241,0.00159161,0.0030183,0.00414092,0.00382209,-0.000318829
1242,0.00124291,0.00583018,0.00403151,0.00415284,0.000121329
1244,0.147633,0.12148,0.00332778,0.00458669,0.00125891
1245,3.41064e-06,5.2291e-07,0.00404372,0.00332396,-0.000719755
1247,0.0605774,0.0440184,0.00354375,0.00462441,0.00108066
1248,0,0,0.00409711,0.00330681,-0.0007903
1249,6.21903e-05,0.000196271,0.00409409,0.00402545,-6.8638e-05
1250,0.000177179,0.000379231,0.00449194,0.00429144,-0.000200498
1252,0.113835,0.0960157,0.0044418,0.00500038,0.000558574
1254,0.0010844,0.00332435,0.00437887,0.00383761,-0.000541261
1255,8.45567e-07,2.09882e-06,0.00385946,0.00437896,0.000519503
1257,0.213227,0.182694,0.00309288,0.00444605,0.00135317
1259,0,0,0.00410213,0.00362914,-0.000472985
1260,0.00126925,0.00182112,0.0039203,0.00410175,0.000181455
1261,0.00215929,0.0034501,0.00428683,0.00391961,-0.000367223
1262,0.0193079,0.0257741,0.00416998,0.00423989,6.99074e-05
1263,0.00924755,0.0164559,0.00433173,0.00425113,-8.06064e-05
1264,0.00536921,0.0104538,0.00424598,0.00443865,0.000192674
1266,0.282365,0.225998,0.00333152,0.00461563,0.00128411
1267,3.76624e-05,0.000106412,0.00431121,0.00328126,-0.00102994
1268,3.76624e-05,0.000106412,0.00447375,0.00413779,-0.000335955
1270,0.0827773,0.0673272,0.00322606,0.00447715,0.00125109
1271,0,0,0.00415177,0.0032154,-0.000936377
1272,0,0,0.00431025,0.00415141,-0.000158837
1273,5.51579e-05,0.000167399,0.00413845,0.00431059,0.000172141
1274,4.29436e-05,9.70449e-05,0.00432492,0.00413797,-0.000186954
1276,0.0968993,0.0823405,0.00280563,0.00461641,0.00181078
1277,0,0,0.00333929,0.0028058,-0.000533494
1278,0,0,0.00444105,0.00333944,-0.00110161
1279,5.48578e-05,0.000182871,0.00446291,0.004441,-2.19084e-05
1280,0,6.32203e-08,0.00397322,0.00446338,0.00049016
1281,4.9447e-05,0.000654251,0.00437898,0.00397388,-0.000405098
1282,0.00229853,0.00352179,0.00422347,0.00408914,-0.000134331
1283,0.000498154,0.00577495,0.0036939,0.00441815,0.000724248
1284,4.64432e-05,0.000156718,0.00391871,0.00370194,-0.000216771
1285,5.9634e-05,0.000197627,0.00377698,0.00391921,0.000142231
1286,6.69529e-05,0.000134003,0.00444023,0.00377717,-0.000663056
1287,0.000319191,0.000820817,0.00424243,0.00417035,-7.20737e-05
1288,0.000896706,0.00142908,0.00419442,0.00386596,-0.000328467
1290,7.67548e-05,9.97382e-05,0.00385619,0.00386561,9.41637e-06
1292,0.285777,0.225128,0.00332958,0.00452906,0.00119948
1293,0,0,0.00349911,0.0033045,-0.000194601
1294,0,0,0.00388896,0.00371217,-0.00017679
1295,0,0,0.00420879,0.00409342,-0.000115371
1297,0.0853155,0.0668238,0.00262047,0.00505177,0.0024313
1298,0,0,0.00342738,0.00262059,-0.000806792
1299,0,0,0.00390014,0.00342728,-0.000472856
1300,0,0,0.00377145,0.00390002,0.00012857
1301,0.000144789,0.000286951,0.00392077,0.00377152,-0.000149253
1302,0.000192709,0.000413436,0.0039271,0.00413025,0.000203156
1303,0.00011114,0.000201738,0.00432062,0.00403374,-0.000286883
1304,0.000125122,0.000405391,0.00389039,0.00432065,0.000430264
1305,0.00029561,0.000841105,0.00446288,0.00388997,-0.000572908
1307,0.154602,0.125143,0.00340861,0.00480181,0.0013932
1309,0,0,0.00395463,0.00325306,-0.000701572
1310,0,0,0.00408668,0.00401332,-7.33617e-05
1311,0,0,0.00410288,0.00399632,-0.000106555
1312,1.93917e-05,0.000341683,0.00407818,0.00409273,1.45449e-05
1313,4.96225e-05,0.000198978,0.00420421,0.00424333,3.91142e-05
1314,0.000226912,0.000631991,0.00420484,0.00420376,-1.08359e-06
1315,0.000728364,0.00462708,0.00410407,0.00420543,0.000101361
1316,1.44893e-05,9.33101e-05,0.00437637,0.00410513,-0.000271242
1317,1.49246e-05,9.23187e-05,0.00410681,0.00437676,0.000269946
1319,0.145094,0.143408,0.00289563,0.00443839,0.00154276
1321,3.95372e-07,1.55344e-06,0.00331098,0.00336909,5.81092e-05
1322,0,0,0.00355925,0.00331054,-0.000248708
1323,7.06124e-05,8.81413e-05,0.00368983,0.00355798,-0.000131848
1324,0.000110061,9.79779e-05,0.0037162,0.00374436,2.81548e-05
1325,0.000454808,0.00195293,0.00403659,0.00356314,-0.000473451
1327,0.00135335,0.00622506,0.00388354,0.00352815,-0.000355394
1328,2.26649e-05,5.68856e-05,0.00368667,0.00388355,0.000196877
1329,2.62285e-05,7.84294e-05,0.00375704,0.00369165,-6.53837e-05
1331,5.09967e-05,0.000133865,0.00419529,0.00421298,1.76979e-05
1332,0.000136142,0.000346199,0.00424929,0.00419473,-5.45592e-05
1333,5.46937e-05,0.000101618,0.00417654,0.00424943,7.2896e-05
1334,4.74413e-05,0.000115518,0.00411233,0.00417683,6.44983e-05
1335,3.31584e-05,0.000125203,0.00444528,0.00411269,-0.00033259
1336,3.24468e-05,9.20164e-05,0.00413653,0.00415567,1.91433e-05
1337,0.000679206,0.00105648,0.00436447,0.00405901,-0.000305464
1339,0.147026,0.138019,0.00269071,0.0048422,0.00215149
1340,0,0,0.0029289,0.00268053,-0.000248362
1341,0,0,0.00330366,0.00292885,-0.00037481
1342,3.09759e-05,0.000119193,0.00335491,0.00336612,1.12155e-05
1343,0.00152634,0.00830737,0.0033925,0.00333695,-5.5548e-05
1344,0.00011959,0.000511686,0.00369613,0.00337286,-0.000323262
1345,0.000778485,0.00174969,0.00352479,0.00372735,0.000202565
1346,0.000237927,0.000460017,0.0039241,0.00352563,-0.000398471
1347,0.000743799,0.00136334,0.00361956,0.00392397,0.00030441
1348,4.3815e-05,8.86603e-05,0.00340398,0.00361943,0.000215451
1349,0.000184785,0.000284699,0.00396776,0.00344859,-0.00051917
1350,0.00210265,0.00652028,0.00425236,0.00396722,-0.000285138
1351,0.00450903,0.0131489,0.00434913,0.00418832,-0.000160806
1353,0.00370564,0.0075791,0.00400019,0.0041979,0.000197709
1354,0.00195512,0.00282268,0.00425416,0.0040006,-0.000253569
1355,0.00129857,0.00251774,0.00441566,0.00425413,-0.000161533
1357,0.181817,0.171299,0.00286725,0.00438243,0.00151518
1358,0.0027189,0.0159839,0.00282952,0.00285968,3.01618e-05
1359,1.68587e-07,3.69837e-07,0.00297837,0.00282915,-0.000149213
1360,0.000450758,0.000897344,0.0039387,0.00296909,-0.000969602
1361,0.000140931,0.000292883,0.00381622,0.00392524,0.000109017
1362,0.0019712,0.014771,0.00370142,0.00338506,-0.00031636
1363,0.000816707,0.00576852,0.00438202,0.00364476,-0.000737267
1364,4.52758e-05,0.000124084,0.00376534,0.00443141,0.000666072
1365,0.000676994,0.00615946,0.00400376,0.00375074,-0.000253024
1366,7.65636e-07,2.41955e-06,0.00330212,0.00400387,0.000701753
1367,0,0,0.00310385,0.00330155,0.000197701
1368,0.000121629,0.000434557,0.00372579,0.00310408,-0.00062171
1369,0.000106601,0.000370606,0.00425838,0.00349031,-0.000768067
1371,0.0404751,0.0460339,0.00287372,0.00470805,0.00183433
1372,0,0,0.00381784,0.00287361,-0.000944236
1373,5.73798e-05,9.65293e-05,0.00389485,0.00407593,0.000181073
1375,2.36931e-05,4.86482e-05,0.00414129,0.00452198,0.000380686
1376,2.36931e-05,4.86482e-05,0.00442599,0.00430437,-0.000121624
1377,0,0,0.00447326,0.00462967,0.000156406
1379,0.020665,0.0190233,0.00319767,0.00469255,0.00149488
1380,0,0,0.00358519,0.00319771,-0.000387472
1381,0.000267156,0.000699622,0.00352634,0.00358501,5.86675e-05
1382,6.1966e-05,0.000229273,0.00377778,0.00354421,-0.000233568
1383,0.00151137,0.00245455,0.00408034,0.00375899,-0.000321358
1384,0.00513074,0.00908328,0.00380562,0.00422548,0.000419857
1385,0.00475118,0.00687687,0.00409726,0.00388834,-0.000208916
1386,0.00370718,0.00571699,0.00411802,0.00409831,-1.97096e-05
1387,4.49931e-05,7.88994e-05,0.00436697,0.00411856,-0.000248414
1389,0.0706789,0.0546326,0.00435624,0.00490558,0.00054934
1391,0.0278612,0.016567,0.00390387,0.00451094,0.000607067
1394,0.0379397,0.0229065,0.0037481,0.00469656,0.000948458
1395,0,0,0.00411634,0.00374828,-0.000368063
1397,0.0207122,0.00803774,0.00401059,0.00466095,0.000650357
1399,0.0226992,0.0138128,0.00351641,0.00466619,0.00114978
1401,0.0220024,0.0118756,0.00402932,0.00419148,0.000162159
1404,0.0355405,0.0230004,0.00370388,0.00456291,0.000859034
1405,0,0,0.00415474,0.00368648,-0.000468256
1407,0.0280348,0.0180978,0.00428207,0.00493855,0.000656483
1409,0.0186701,0.0143804,0.00390506,0.00452991,0.000624851
1411,0.0196587,0.0163467,0.00304129,0.00432993,0.00128864
1413,0.000107146,0.000298912,0.00354122,0.00359152,5.03042e-05
1414,0.000154091,0.000277441,0.00378325,0.00354146,-0.000241793
1415,0.000220093,0.000683683,0.00424913,0.00409963,-0.000149504
1417,0.0337407,0.0332715,0.00284578,0.00509037,0.00224459
1418,0,0,0.00350449,0.00284578,-0.000658716
1420,0.0139453,0.0192912,0.00315764,0.0051859,0.00202826
1424,0.00948483,0.00609553,0.0034902,0.00497969,0.0014895
1426,0.00715949,0.00391051,0.00311394,0.00462412,0.00151018
1429,0.0153739,0.00629267,0.00370563,0.00475003,0.0010444
1432,0.0221977,0.0173668,0.00308324,0.00529542,0.00221218
1433,0,0,0.00377101,0.00307088,-0.000700134
1435,0.0114363,0.00949415,0.00299708,0.0046202,0.00162311
1436,0.00557664,0.0116476,0.00315528,0.00292709,-0.000228182
1437,1.74464e-05,5.27149e-05,0.00300088,0.00314791,0.000147031
1438,0,0,0.00351931,0.00300145,-0.000517861
1439,0,0,0.00371347,0.00352348,-0.000189984
1440,7.88689e-05,0.000171139,0.00363479,0.00368251,4.77214e-05
1441,0,0,0.00352075,0.00372806,0.00020731
1442,0.00195345,0.00485829,0.00339577,0.00350644,0.00011067
1443,0.000818985,0.00165463,0.00356468,0.00336649,-0.00019819
1444,6.58355e-07,9.35456e-07,0.00385243,0.00356496,-0.000287468
1445,0.000310998,0.000762095,0.00401005,0.00385242,-0.000157633
1446,0.00224132,0.00453925,0.00421543,0.00397775,-0.000237679
1447,0.00169571,0.00318325,0.00374979,0.00401531,0.000265523
1448,0.00259742,0.00528293,0.00402712,0.00374337,-0.000283743
1449,5.40534e-05,8.2208e-05,0.00391775,0.00402727,0.000109518
1450,7.01378e-05,9.17768e-05,0.00408254,0.00391868,-0.000163868
1451,0.00320406,0.00622743,0.00403396,0.00408331,4.93522e-05
1452,0.000182564,0.000479643,0.00392175,0.00419382,0.000272073
1455,0.00172898,0.00495539,0.00329808,0.00285198,-0.000446102
1456,1.78814e-07,3.19942e-07,0.00292856,0.00329396,0.000365402
1457,0,0,0.0031504,0.00292261,-0.000227791
1458,0.000649874,0.00169409,0.00363665,0.00308856,-0.000548091
1459,0.00163039,0.00339707,0.0036946,0.00407945,0.00038485
1461,0.00545143,0.0132189,0.00352111,0.00378872,0.000267611
1462,0.00389686,0.014064,0.0034732,0.003533,5.98035e-05
1463,0.000125841,0.000713638,0.00390889,0.00341531,-0.000493576
1464,0.00238604,0.00914524,0.00387526,0.00381988,-5.53799e-05
1465,7.31137e-05,0.000172088,0.00347042,0.00364435,0.000173932
1466,0.000594754,0.00238628,0.00336792,0.0037115,0.000343582
1468,0.00394695,0.0120191,0.00344331,0.00387416,0.000430857
1469,0.00344781,0.010439,0.00381443,0.00344273,-0.0003717
1470,0.0013004,0.00333225,0.00383544,0.00350478,-0.000330659
1471,0.000526307,0.00196889,0.00410578,0.00436034,0.000254561
1472,0.00395539,0.0111819,0.00430943,0.00403545,-0.000273975
1474,0.172922,0.19053,0.00330896,0.004599,0.00129004
1475,5.96046e-08,1.94653e-07,0.00326882,0.00330878,3.99644e-05
1476,3.7639e-05,0.000118934,0.00396668,0.00299836,-0.00096832
1477,4.48435e-05,0.000197036,0.00388994,0.00381538,-7.45538e-05
1478,1.77907e-05,0.000183017,0.00430327,0.00405883,-0.000244432
1480,0.051778,0.0560617,0.00267442,0.00466076,0.00198634
1481,0.000120287,0.000334599,0.00275968,0.00267459,-8.50868e-05
1482,1.68587e-07,1.41769e-07,0.00347217,0.00276028,-0.000711882
1483,8.67223e-05,0.000174675,0.00312177,0.00347245,0.00035068
1484,4.20536e-05,9.74067e-05,0.00372823,0.00305151,-0.000676712
1485,0.000360627,0.00124947,0.00428144,0.00355842,-0.000723023
1486,0.000699842,0.00230917,0.0039424,0.00371222,-0.000230181
1487,0.000214629,0.000594151,0.00429809,0.00394205,-0.000356039
1488,2.98643e-05,0.000110984,0.00428289,0.00421911,-6.37872e-05
1489,0.00315378,0.00885175,0.00439285,0.00428259,-0.000110261
1491,0.133226,0.138375,0.00297718,0.00463561,0.00165843
1492,0.00246395,0.00823196,0.00376964,0.00298265,-0.000786992
1493,0.000173458,0.000537158,0.00373091,0.00377221,4.13056e-05
1494,0.000390039,0.00105932,0.00398119,0.00404274,6.15511e-05
1496,0.0165616,0.0277652,0.00439914,0.00436732,-3.18289e-05
1497,0.00424312,0.00717258,0.00432144,0.00418148,-0.000139956
1498,0.000214345,0.000907996,0.00431429,0.00432098,6.68969e-06
1500,0.0504344,0.0716452,0.00287359,0.00518406,0.00231047
1501,0.00196437,0.00563604,0.00328526,0.00310499,-0.000180268
1502,0.000251659,0.000124091,0.00339649,0.00323281,-0.000163684
1503,0.00502931,0.00537747,0.00319695,0.00334637,0.000149427
1504,0.00115835,0.0015914,0.00341893,0.00333872,-8.0212e-05
1505,6.30335e-05,0.000140242,0.00354994,0.00343751,-0.000112425
1506,3.54126e-05,7.25942e-05,0.0034858,0.00327101,-0.000214795
1507,0.000668725,0.000698708,0.00349452,0.00348624,-8.28831e-06
1508,0.00282901,0.00506534,0.00352357,0.00349568,-2.78971e-05
1509,5.4588e-05,0.000135456,0.00331353,0.00352465,0.000211114
1510,0.00053756,0.000812824,0.00350582,0.00333871,-0.000167114
1511,0.000952622,0.00298578,0.00386792,0.0033495,-0.000518421
1512,0.00186637,0.00246793,0.00426311,0.00401271,-0.000250408
1513,7.95963e-05,0.000145959,0.00405447,0.004246,0.000191528
1514,4.90346e-05,8.36332e-05,0.00430925,0.00405599,-0.00025326
1516,0.0892661,0.119803,0.00270096,0.00464678,0.00194582
1517,0.00296613,0.00587623,0.00407984,0.00270104,-0.00137879
1519,0.0414845,0.0388645,0.00293948,0.00520922,0.00226974
1521,0.000629116,0.000886058,0.00301926,0.00303296,1.3703e-05
1522,0.000920827,0.000925884,0.00328143,0.00309913,-0.000182302
1523,0.000181972,0.000494617,0.00318296,0.00326427,8.13103e-05
1524,0.000103378,0.000257733,0.00325798,0.00328394,2.59622e-05
1525,0.000168848,0.000148188,0.00401022,0.00330576,-0.000704459
1526,0.000251548,0.000329456,0.00394552,0.00400931,6.379e-05
1528,0.0431958,0.0690449,0.00320028,0.00456713,0.00136686
1530,0.00113485,0.00202443,0.00417179,0.00358177,-0.000590024
1531,0.000338742,0.000107622,0.00388525,0.00417164,0.000286389
1532,0.000607685,0.00117852,0.00389705,0.00388536,-1.16965e-05
1533,0.000743636,0.00155443,0.00398994,0.00390643,-8.35117e-05
1534,0.000164229,0.000113501,0.00362475,0.0039911,0.000366353
1535,0.000157975,0.000115781,0.00389039,0.00362524,-0.000265155
1536,0.000268478,0.000119512,0.00381925,0.00388911,6.98583e-05
1537,6.29027e-05,0.000109251,0.00415902,0.00416163,2.6091e-06
1539,0.0250527,0.0530608,0.0032454,0.0048222,0.0015768
1541,0.00732852,0.00452429,0.00339353,0.00293999,-0.000453541
1542,3.86393e-05,6.86236e-05,0.0029599,0.00339875,0.000438849
1543,0.00281219,0.0012207,0.00336321,0.0029603,-0.000402909
1544,2.81264e-05,3.89491e-05,0.00378059,0.00341008,-0.000370508
1545,0.00145769,0.00158471,0.00368355,0.00378066,9.71146e-05
1547,0.00231185,0.00498196,0.00361188,0.00349662,-0.00011526
1548,0.00229971,0.00966956,0.00407301,0.00358791,-0.000485095
1549,0.0012597,0.00191074,0.00402911,0.00361425,-0.000414866
1550,0.00713357,0.010301,0.00426375,0.00412361,-0.000140146
1551,0.00117655,0.00230795,0.00326959,0.00406655,0.000796953
1552,0,0,0.00374426,0.0032655,-0.000478761
1553,0.000125879,0.000193026,0.00367679,0.00381509,0.000138303
1554,6.59619e-05,8.07277e-05,0.00400964,0.00367546,-0.000334177
1555,0.000203212,0.000286184,0.00437961,0.00400959,-0.00037002
1556,0.000140273,0.000208201,0.00445167,0.00437998,-7.16988e-05
1557,0.000355621,0.00045343,0.00449385,0.00445171,-4.21386e-05
1558,9.31264e-05,0.000122457,0.00419904,0.00449438,0.000295338
1559,0.000114049,0.000114052,0.00417772,0.0042004,2.26726e-05
1560,8.99854e-05,5.12745e-05,0.00420168,0.00417628,-2.53967e-05
1562,0.064793,0.0978935,0.00260456,0.00458063,0.00197608
1563,5.23668e-05,5.22675e-05,0.00273726,0.00257424,-0.000163024
1564,0,0,0.00280274,0.00274062,-6.21197e-05
1565,0.0043502,0.0053812,0.00313753,0.00265414,-0.000483397
1566,0.00158113,0.00248417,0.00318115,0.00304235,-0.000138796
1567,0.00104482,0.00183954,0.00325925,0.00322022,-3.90371e-05
1568,0.022433,0.0258013,0.00310288,0.00361399,0.000511114
1569,0.00775657,0.0122915,0.00286364,0.00312687,0.000263227
1570,2.8748e-06,8.03448e-06,0.00298988,0.0028562,-0.000133684
1571,0,0,0.00308293,0.00298528,-9.76438e-05
1572,0.000151918,0.000360559,0.00330081,0.00308266,-0.000218153
1573,0.000136784,0.000360596,0.00334455,0.00327336,-7.1187e-05
1574,0.000265057,0.000644731,0.00391966,0.00336133,-0.000558324
1575,0.00692454,0.0145046,0.00341368,0.00391903,0.000505353
1576,0.000787107,0.00165566,0.0039073,0.0034133,-0.000493998
1577,0.000147864,0.000351572,0.0042328,0.00390731,-0.000325488
1578,1.27884e-05,6.46216e-05,0.00427555,0.00413276,-0.000142785
1579,0.00794667,0.0171664,0.00347889,0.00321725,-0.000261633
1580,0.0206926,0.0215433,0.00423515,0.00331224,-0.000922904
1581,0.0128012,0.0161314,0.00389407,0.00423559,0.000341517
1582,0.00930941,0.0108721,0.0037874,0.00382543,3.80317e-05
1583,0.00414959,0.0053859,0.00444228,0.0037343,-0.000707978
1584,0.000605425,0.00137331,0.00398786,0.00416535,0.000177487
1586,0.0116856,0.00598746,0.00441813,0.00423858,-0.000179552
1588,0.152988,0.164944,0.00345044,0.00461962,0.00116918
1589,0.00193384,0.00243729,0.00358458,0.00345021,-0.000134371
1590,0.0233186,0.0268788,0.00329048,0.00381798,0.000527495
1591,0.0071059,0.0092485,0.00297277,0.0027821,-0.000190663
1592,0,0,0.00322236,0.00294966,-0.0002727
1593,0,0,0.00340874,0.0031315,-0.000277235
1594,0,0,0.00340155,0.00337038,-3.11742e-05
1596,0.00514307,0.0105746,0.00304297,0.00317961,0.000136647
1597,0.00510133,0.0104618,0.00314374,0.0034739,0.00033016
1598,0.000618968,0.00146307,0.00363049,0.00321614,-0.000414351
1599,0.00646249,0.0119489,0.00368467,0.00372343,3.87602e-05
1600,0.00428301,0.00707173,0.00328577,0.00379899,0.000513216
1602,0.00852014,0.0240771,0.00256255,0.00335542,0.000792875
1603,0.0124078,0.0160593,0.00241143,0.00273895,0.000327516
1604,0.0115197,0.0174961,0.00292228,0.00267436,-0.000247914
1605,0.00515678,0.00402875,0.00358928,0.00278135,-0.000807931
1607,0.0151157,0.0159574,0.00301931,0.00479936,0.00178005
1608,0.0156291,0.0121616,0.00280593,0.00301533,0.000209399
1609,0.000230451,0.000228601,0.00337567,0.00282003,-0.000555646
1610,0.000360145,0.000195291,0.00356072,0.00333937,-0.000221346
1611,0.00209682,0.00193346,0.00439056,0.0034957,-0.000894865
1612,0.00560699,0.00626673,0.00441908,0.0043302,-8.88756e-05
1613,0.00402078,0.0030438,0.0044123,0.00467166,0.000259364
1614,0.00256993,0.00581766,0.00433559,0.00441193,7.63391e-05
1616,0.0238311,0.0396854,0.00315166,0.0045612,0.00140954
1617,0.0124545,0.00578577,0.00287745,0.00293938,6.19376e-05
1618,0.0132566,0.00620779,0.00287257,0.00261855,-0.000254019
1619,0.00112489,0.00253217,0.00278504,0.00296971,0.000184667
1620,0.005124,0.00800237,0.00300213,0.00283552,-0.000166612
1621,0.00500721,0.00798001,0.00326521,0.00302227,-0.000242942
1622,0.00436919,0.0106647,0.00307796,0.00328806,0.000210092
1623,0.00378416,0.00656848,0.00334492,0.00303847,-0.000306456
1624,0.000957345,0.00103602,0.00352224,0.00335971,-0.000162531
1625,0.000100098,0.000130358,0.00386774,0.0035413,-0.000326442
1626,0.000229802,0.000518698,0.0035426,0.00343534,-0.000107261
1627,0.000476235,0.00165972,0.00356061,0.00348396,-7.66572e-05
1628,0.00248577,0.00693241,0.00364399,0.00360167,-4.23179e-05
1630,0.0910314,0.0967882,0.00318667,0.00471503,0.00152836
1631,1.09836e-05,1.25425e-05,0.00295539,0.00318698,0.000231586
1632,0.00124092,0.00163963,0.00282841,0.0029398,0.000111394
1633,0.00922546,0.0157589,0.00321487,0.00285685,-0.000358026
1634,0.00639095,0.00936037,0.00354826,0.00324949,-0.000298769
1635,0.00122371,0.00230586,0.0033797,0.00346406,8.4362e-05
1636,0.000206422,0.000391196,0.00346277,0.003621,0.000158232
1637,5.94741e-07,1.01067e-06,0.0033536,0.0034625,0.0001089
1638,0.00017431,0.00013615,0.00407757,0.00335401,-0.000723559
1640,0.0303285,0.0329538,0.00274371,0.00324137,0.000497668
1642,0.00596801,0.00835025,0.00301628,0.0029248,-9.14752e-05
1643,0.0188967,0.0101163,0.00288849,0.00299803,0.000109546
1644,8.45126e-06,1.03315e-05,0.00302464,0.00288637,-0.000138264
1645,0.00408049,0.0152986,0.0032314,0.00302647,-0.000204926
1646,3.57184e-06,7.63138e-06,0.00284,0.00322379,0.000383792
1648,0.00373964,0.0112973,0.00257863,0.00292202,0.000343391
1649,3.55898e-06,5.55684e-06,0.00290291,0.00258169,-0.000321218
1650,0,0,0.00300659,0.0027365,-0.000270094
1651,0.0120443,0.016429,0.00337184,0.0028951,-0.000476735
1652,0.000675972,0.000925721,0.00321242,0.00333642,0.000123997
1653,0,0,0.00320615,0.00321232,6.16931e-06
1654,0.000308526,0.000340778,0.00387143,0.00320628,-0.000665153
1655,2.8376e-05,5.95068e-05,0.00428537,0.00385838,-0.000426987
1656,0.0280625,0.0355108,0.00320329,0.00424474,0.00104145
1657,0.00310116,0.00379817,0.00325286,0.00310781,-0.000145051
1658,0.00475165,0.00719884,0.00341153,0.00325516,-0.000156372
1660,0.0155085,0.0129435,0.00284094,0.00308417,0.000243221
1661,1.4567e-05,1.72869e-05,0.00283928,0.00282744,-1.18434e-05
1662,0.00342405,0.0128825,0.0031453,0.00295366,-0.000191647
1663,0.0190289,0.0245104,0.00307026,0.00290718,-0.000163086
1664,0.00619768,0.0104599,0.00246658,0.00301372,0.000547137
1666,0.00996482,0.0194804,0.00287422,0.00275256,-0.000121662
1667,0.00372563,0.0115131,0.00325472,0.00292391,-0.000330814
1668,9.82788e-05,0.000153171,0.00318554,0.00324426,5.87183e-05
1669,0.00647613,0.0108072,0.00362528,0.00318471,-0.000440578
1670,0.0355367,0.0335853,0.00187513,0.00338292,0.00150779
1671,0.00647954,0.0126961,0.00245575,0.00200268,-0.000453072
1672,0.00790904,0.00506937,0.00160413,0.00251032,0.000906191
1673,0.0132157,0.0251193,0.00387676,0.00222467,-0.0016521
1674,0.0231141,0.0391479,0.00415116,0.0038768,-0.000274356
1676,0.0384975,0.0408312,0.00392553,0.00433835,0.000412818
1678,0.0120525,0.0118458,0.00371078,0.00360491,-0.000105868
1679,0.0154299,0.0216169,0.00290928,0.00372467,0.000815392
1680,0.0110849,0.020079,0.00302642,0.00299349,-3.29276e-05
1681,0.00782422,0.0119178,0.0028241,0.0030236,0.000199504
1682,0.00650547,0.00405115,0.0026686,0.00252345,-0.000145157
1684,0.0043677,0.00249727,0.00260444,0.0029059,0.000301452
1685,0.0103288,0.0147588,0.00187761,0.00260489,0.000727274
1686,0.00338153,0.00697144,0.00289001,0.00292824,3.82285e-05
1687,0.00757201,0.0112294,0.00274132,0.00282006,7.87412e-05
1688,0.0055983,0.013301,0.00289841,0.00236151,-0.000536899
1690,0.00244561,0.00336499,0.00273881,0.00273138,-7.43545e-06
1691,0.00990612,0.0147472,0.00287794,0.00273858,-0.000139361
1692,7.61391e-06,1.0244e-05,0.00287482,0.00286022,-1.45987e-05
1693,0.00606032,0.00822701,0.00369918,0.00288346,-0.00081572
1694,0.00905981,0.0176759,0.0034047,0.00369968,0.000294977
1696,0.0411366,0.044221,0.0019978,0.00365421,0.00165641
1697,0.00912443,0.0147453,0.0022363,0.00198461,-0.000251687
1698,0.00752681,0.0110709,0.00213221,0.00216651,3.42974e-05
1699,0.00560436,0.00950822,0.00230547,0.00172708,-0.000578394
1700,0.00123505,0.000671587,0.00331413,0.00323502,-7.91056e-05
1702,4.31266e-05,8.91582e-05,0.00337165,0.00301143,-0.000360216
1703,0.00731382,0.013842,0.00323045,0.0033695,0.000139045
1704,0.00729487,0.0130754,0.00331128,0.00321998,-9.13031e-05
1705,0.00109604,0.00268044,0.00397277,0.00353717,-0.000435599
1706,0,0,0.00364173,0.00383342,0.000191689
1707,0.015562,0.0208275,0.00291723,0.00372431,0.000807086
1708,3.69766e-06,5.12378e-06,0.00328176,0.00291677,-0.000364987
1709,0,0,0.00334117,0.00328174,-5.94296e-05
1710,0,0,0.00310689,0.00336114,0.000254252
1711,0,0,0.00388799,0.00310783,-0.000780165
1712,0.000223325,0.000351719,0.00380476,0.00388828,8.35287e-05
1713,0.00320197,0.00481377,0.00325351,0.00380481,0.000551298
1714,0.0462494,0.044037,0.00311092,0.00325336,0.000142437
1715,0.011666,0.0145795,0.00152104,0.0031615,0.00164046
1716,0.00444483,0.00532313,0.0028535,0.00150533,-0.00134817
1717,0.00483432,0.00493875,0.00260891,0.00246829,-0.000140616
1718,0.00326906,0.00211955,0.00230598,0.00219337,-0.00011261
1719,0.00399683,0.00292884,0.00288603,0.00187827,-0.00100776
1720,0.00400471,0.00728702,0.00161653,0.00264173,0.00102521
1722,0.00508672,0.0051073,0.001855,0.00215449,0.00029949
1723,0.00659104,0.00705731,0.00266075,0.00184168,-0.000819064
1724,0.00416893,0.00892406,0.00256511,0.00215428,-0.000410836
1725,0.00601998,0.01084,0.00279018,0.00234442,-0.000445756
1726,0.00904044,0.0126195,0.00141091,0.00239758,0.000986677
1727,0.00409157,0.0102766,0.00313669,0.00140719,-0.0017295
1728,0.010222,0.0155294,0.00198568,0.00312709,0.00114141
1729,0.00646669,0.00996163,0.0027032,0.00198071,-0.000722487
1730,0.00212943,0.00961768,0.00240137,0.00223582,-0.000165547
1731,0.00154937,0.000880222,0.00244803,0.00192931,-0.000518717
1733,0.00414933,0.00911126,0.00171441,0.00236539,0.000650977
1735,0.00360109,0.00784234,0.00136107,0.00149358,0.000132503
1736,0.00304794,0.00605999,0.00183801,0.00137417,-0.000463843
1737,0.00319128,0.00663196,0.00212289,0.0018211,-0.000301785
1738,0.00383628,0.00550745,0.00219787,0.00161687,-0.000580994
1739,0.00376737,0.00374711,0.00217963,0.00169707,-0.000482557
1740,0.00369992,0.00639901,0.00222466,0.00185033,-0.00037433
1741,0.00210813,0.0039397,0.0022979,0.00183506,-0.000462834
1742,0.00358305,0.00638389,0.00235771,0.00197566,-0.000382041
1743,0.00414933,0.00641209,0.00224549,0.00203325,-0.000212237
1744,0.0037646,0.00671649,0.00229732,0.00203187,-0.000265453
1745,0.00392457,0.00275264,0.00261519,0.00211262,-0.00050257
1746,0.00329768,0.00330507,0.00163577,0.00242183,0.000786057
1748,0.00669948,0.00902809,0.00113822,0.0017795,0.000641283
1749,0.00445719,0.0020643,0.0019292,0.00116521,-0.000763992
1750,0.0026411,0.00371829,0.00243042,0.00129749,-0.00113292
1751,0.0083354,0.0102843,0.00245551,0.00203215,-0.000423356
1752,0.00457073,0.00707404,0.00236268,0.00203992,-0.000322752
1753,0.0031999,0.00499014,0.00238418,0.00197557,-0.000408604
1754,0.00589752,0.00672294,0.00251169,0.00215399,-0.000357702
1755,0.0031533,0.0113957,0.00119775,0.00218548,0.000987728
1757,0.00794156,0.0113234,0.00147617,0.0019311,0.000454931
1758,0.0063987,0.00814812,0.00223953,0.00148192,-0.00075761
1759,0.00392115,0.00690767,0.00297299,0.00146941,-0.00150359
1760,0.00814489,0.0135794,0.00278753,0.00249895,-0.000288573
1761,0.00798445,0.0158604,0.00133444,0.00225523,0.000920799
1763,0.00673038,0.0100296,0.00142401,0.00135901,-6.50059e-05
1764,0.000200157,0.000257965,0.00144567,0.00144596,2.8871e-07
1766,0.00970194,0.0117607,0.00215811,0.00188262,-0.000275489
1767,7.61956e-05,6.98484e-05,0.00196906,0.00196707,-1.99187e-06
1769,0.00934368,0.0127172,0.00234765,0.00175137,-0.000596274
1770,0.00879994,0.0120134,0.00269263,0.00234123,-0.000351401
1771,0.00652264,0.0113199,0.00189742,0.00265352,0.000756092
1772,0.00870793,0.0109483,0.00151043,0.0019179,0.00040747
1773,0.00453853,0.0069305,0.00121269,0.00150932,0.00029663
1774,0.00363539,0.00740182,0.00253931,0.00119024,-0.00134907
1775,0.00351404,0.00437457,0.00276527,0.00203358,-0.000731687
1776,0.00705255,0.00795317,0.00254953,0.00249423,-5.52977e-05
1777,0.00381901,0.0077405,0.0020427,0.00196149,-8.1213e-05
1779,0.0122926,0.0205829,0.00419457,0.00292378,-0.00127078
1780,0.0192496,0.0297216,0.00372379,0.00410046,0.000376672
1781,0.00998462,0.0202191,0.00371313,0.00341438,-0.000298753
1782,0.0147015,0.0241257,0.00342846,0.00348232,5.38621e-05
1783,0.0135452,0.0170837,0.00219586,0.00313542,0.000939566
1785,0.011114,0.0177907,0.00207904,0.000902407,-0.00117663
1786,0.00991916,0.0135937,0.00244788,0.00207815,-0.000369735
1787,0.00846764,0.016928,0.00206386,0.00193482,-0.000129043
1788,0.0106621,0.0169079,0.0033504,0.00156692,-0.00178348
1789,0.00154445,0.00180462,0.00286477,0.00294,7.52385e-05
1790,0.0211695,0.0342586,0.00363227,0.00286645,-0.000765818
1791,0.0121482,0.0202728,0.00196076,0.00363961,0.00167885
1792,0.0235947,0.0404286,0.00249846,0.00194284,-0.000555624
1793,0.0076732,0.0128082,0.00204783,0.00215299,0.000105158
1794,0.00626934,0.011485,0.00223796,0.00159735,-0.000640607
1795,0.0055478,0.0145682,0.00278406,0.00189746,-0.000886601
1796,0.00754792,0.0108034,0.00274809,0.0025537,-0.000194397
1797,0.00537492,0.0104696,0.00276811,0.00273551,-3.26049e-05
1798,0.00811819,0.0119052,0.00282664,0.00275983,-6.68094e-05
1799,0.0135496,0.0177229,0.00363485,0.00281573,-0.000819125
1800,0.00596784,0.0117573,0.00251464,0.00341507,0.000900432
1801,0.0086276,0.014746,0.00275477,0.00230677,-0.000447999
1802,0.0132691,0.0160428,0.00202378,0.00248278,0.000458999
1803,0.0113489,0.0159927,0.00139992,0.00202333,0.000623406
1804,0.0107508,0.0129777,0.0021915,0.00139992,-0.000791579
1805,0.00996325,0.0112649,0.00249917,0.00219576,-0.000303416
1806,0.00738801,0.00878256,0.00269513,0.00248002,-0.000215118
1807,0.00910453,0.00688443,0.00274464,0.00268988,-5.47625e-05
1808,0.00841573,0.0141296,0.00130092,0.00276243,0.00146151
1809,0.0101709,0.0111177,0.00127292,0.00131053,3.76143e-05
1810,0.00893188,0.0106137,0.00125442,0.00127416,1.97412e-05
1811,0.0101341,0.0131077,0.0022123,0.0012558,-0.0009565
1812,0.00839893,0.0109178,0.00219812,0.00189119,-0.000306935
1813,0.0127079,0.0122314,0.0019065,0.00181972,-8.67746e-05
1814,0.0114916,0.0124998,0.00248061,0.00160068,-0.000879924
1815,0.00811567,0.0159196,0.00222344,0.00247428,0.000250839
1816,0.0106116,0.0134212,0.00241064,0.0019522,-0.000458445
1817,0.0166625,0.0157585,0.00253283,0.00215097,-0.000381866
1818,0.00745598,0.0128771,0.00227938,0.00241856,0.000139187
1819,0.00797436,0.0100184,0.00228735,0.00227852,-8.83033e-06
1820,0.0134898,0.0145145,0.00123762,0.00231125,0.00107364
1821,0.00902767,0.0118673,0.0030847,0.0012393,-0.0018454
1822,0.0128249,0.0152227,0.00301713,0.00262281,-0.000394322
1823,0.015204,0.0162988,0.00291981,0.00266095,-0.000258859
1824,0.00872048,0.0106078,0.00141438,0.00244697,0.00103259
1825,0.0109435,0.0163349,0.00190118,0.00141433,-0.000486846
1826,0.0128682,0.0132714,0.00119186,0.00190874,0.000716873
1827,0.00822467,0.0135666,0.00210847,0.00120436,-0.00090411
1828,0.00925141,0.0133189,0.00207182,0.00175673,-0.000315086
1829,0.0135625,0.0166723,0.00209546,0.00176585,-0.000329613
1830,0.00965932,0.0164109,0.00203587,0.0017298,-0.000306066
1831,0.00864433,0.0153094,0.00293137,0.00188021,-0.00105116
1832,0.0165125,0.0204054,0.00238622,0.00274575,0.000359528
1833,0.0103023,0.0171639,0.00215899,0.00240731,0.000248325
1834,0.0082546,0.013158,0.00260408,0.0021848,-0.000419279
1835,0.0164694,0.0192542,0.00321576,0.00260391,-0.00061185
1836,0.0088444,0.0186389,0.0032797,0.00321362,-6.60783e-05
1837,0.0110545,0.0175464,0.00331753,0.00306884,-0.000248696
1838,0.0139237,0.0229301,0.00123686,0.00305059,0.00181373
1840,0.00934615,0.0158259,0.00108855,0.00101628,-7.22657e-05
1841,0.0128571,0.0189543,0.00141181,0.00108797,-0.000323841
1842,0.0113549,0.0187815,0.00149461,0.000935123,-0.000559484
1843,0.00895508,0.0143373,0.00186407,0.00103748,-0.000826592
1844,0.00980264,0.011463,0.00200652,0.00150516,-0.000501363
1845,0.00821179,0.0143047,0.00195905,0.00172261,-0.000236442
1846,0.00723086,0.0120085,0.00228838,0.00173127,-0.00055711
1847,0.00787529,0.013025,0.00221893,0.00211784,-0.00010109
1848,0.00714685,0.0120171,0.0020422,0.00204189,-3.12226e-07
1849,0.00778725,0.00998021,0.00236577,0.00185479,-0.000510982
1850,0.00829085,0.0100581,0.0023727,0.00223202,-0.000140677
1851,0.00628107,0.00925678,0.00249572,0.00222254,-0.000273182
1852,0.00782163,0.00703234,0.0026034,0.00232267,-0.000280726
1853,0.0099427,0.0113465,0.0014124,0.00256399,0.0011516
1854,0.00728317,0.0122415,0.000818406,0.00140998,0.000591578
1855,0.00925769,0.00961855,0.000923159,0.000818235,-0.000104923
1856,0.00338272,0.00356213,0.00182866,0.0012629,-0.000565762
1858,0.00919975,0.00597726,0.00189505,0.00113609,-0.000758959
1859,0.00597307,0.00593823,0.00195698,0.00137244,-0.000584546
1860,0.0100425,0.0107659,0.00193582,0.00153181,-0.000404004
1861,0.0141663,0.0157941,0.00216367,0.00149309,-0.000670584
1862,0.0076191,0.00893408,0.00212154,0.00176351,-0.000358029
1863,0.00895975,0.0111218,0.0020255,0.00175986,-0.000265641
1864,0.0105134,0.00922583,0.00214982,0.00173218,-0.000417639
1865,0.0076931,0.00660595,0.00203594,0.00194408,-9.18588e-05
1866,0.0108736,0.00969973,0.00212534,0.00185443,-0.000270917
1867,0.0100392,0.00794679,0.00217029,0.0019083,-0.000261987
1868,0.00375766,0.00448321,0.0030394,0.00269071,-0.000348695
1871,0.00786883,0.0067134,0.00175564,0.0012655,-0.000490142
1872,0.00844303,0.0112831,0.00200354,0.00175035,-0.000253191
1873,0.0122373,0.0126634,0.00203134,0.00122129,-0.000810043
1874,0.00529213,0.00638206,0.0020776,0.00146291,-0.00061469
1875,0.0021034,0.00268627,0.0022998,0.00145808,-0.000841721
1876,0.0130266,0.0185605,0.00202327,0.00185133,-0.000171947
1877,0.00428447,0.0117713,0.00292576,0.00153248,-0.00139329
1878,0.00386002,0.00719158,0.0017654,0.00233377,0.000568364
1879,0.0102428,0.0121905,0.00178238,0.00176631,-1.60628e-05
1880,0.0045685,0.00773034,0.0010552,0.00180564,0.000750444
1881,0.005224,0.00622918,0.00236211,0.00105632,-0.00130579
1882,0.00906842,0.00988592,0.00247269,0.00199421,-0.000478484
1883,0.00912057,0.0089761,0.00224794,0.00216257,-8.5369e-05
1884,0.00843642,0.0089647,0.00243824,0.00192965,-0.000508588
1885,0.00771363,0.00797237,0.00267347,0.00216289,-0.000510575
1886,0.00859638,0.00940085,0.000661565,0.00221038,0.00154882
1887,0.00607026,0.008614,0.00085868,0.000654679,-0.000204002
1888,0.00602887,0.00878623,0.00119796,0.000866188,-0.000331769
1889,0.0108067,0.0154737,0.00177887,0.00121805,-0.000560819
1890,0.00830523,0.0137335,0.00207504,0.00147369,-0.000601356
1891,0.0108207,0.0174285,0.00257646,0.00168548,-0.000890983
1892,0.0177452,0.0262005,0.00063596,0.00223591,0.00159995
1893,0.0105346,0.0161637,0.00110432,0.000632567,-0.000471749
1894,0.0100257,0.0170914,0.000933477,0.00102394,9.04646e-05
1895,0.00965918,0.0196053,0.00183254,0.000838124,-0.000994419
1896,0.0176792,0.030416,0.00195906,0.00145933,-0.00049973
1897,0.0037742,0.00490212,0.00215929,0.00206266,-9.66329e-05
1899,0.00359717,0.00659564,0.00226203,0.00254596,0.00028393
1901,0.00786719,0.0194466,0.00274292,0.00224067,-0.000502248
1902,0.0103484,0.010977,0.00121348,0.00269032,0.00147684
1904,0.00897953,0.014937,0.00168985,0.00170281,1.29569e-05
1905,0.00421593,0.00670511,0.00232243,0.00210653,-0.000215906
1907,0.00670696,0.0100492,0.00250775,0.001818,-0.000689753
1908,0.00566285,0.00850206,0.000747104,0.00205464,0.00130754
1910,0.00560672,0.00593921,0.00133406,0.00109425,-0.00023981
1911,0.00583657,0.00890102,0.00203101,0.00132458,-0.000706422
1912,0.00726507,0.00972045,0.00199926,0.00138791,-0.000611345
1913,0.001535,0.00250338,0.00208416,0.00174522,-0.000338945
1915,0.00472471,0.00557432,0.00227801,0.00149867,-0.000779341
1916,0.00631123,0.00388236,0.00243703,0.00160377,-0.000833256
1917,0.00948903,0.00799767,0.0021826,0.00194735,-0.000235246
1918,0.00841051,0.0109135,0.00248987,0.00204374,-0.000446129
1919,0.00586619,0.00377325,0.00226925,0.00253247,0.000263229
1920,0.00671683,0.00727244,0.00221681,0.00194576,-0.000271044
1921,0.00790964,0.00807574,0.00218862,0.00185803,-0.000330597
1922,0.0115174,0.0110744,0.00255517,0.00217831,-0.000376856
1923,0.00857769,0.00793156,0.000880469,0.0025077,0.00162723
1925,0.00384885,0.00683887,0.00129292,0.00123079,-6.21284e-05
1926,0.00742901,0.00996178,0.00164757,0.00107168,-0.000575889
1927,0.0130365,0.0161072,0.00232098,0.00106619,-0.00125479
1928,0.00541604,0.00518118,0.00214197,0.00185737,-0.0002846
1929,0.010602,0.0198641,0.0019749,0.00268722,0.000712316
1930,0.00119238,0.0075605,0.002735,0.00155463,-0.00118036
1931,0.00802349,0.0143665,0.00136806,0.00160498,0.00023692
1933,0.00758527,0.0190277,0.00262502,0.00200457,-0.000620447
1934,0.00740942,0.0170642,0.00169732,0.00262001,0.000922697
1935,0.00736997,0.0161799,0.00249091,0.000962499,-0.00152841
1936,0.000577593,0.00339342,0.00304489,0.00282725,-0.000217649
1939,0.00405706,0.0111213,0.00129965,0.00275506,0.00145542
1940,0.0091695,0.0183184,0.00227982,0.00128617,-0.000993649
1941,0.003081,0.0106721,0.00290527,0.00226005,-0.000645221
1942,0.00364192,0.0132464,0.00208938,0.00256704,0.000477661
1943,0.00336103,0.0120243,0.00266002,0.00167923,-0.000980787
1944,0.0101835,0.0176586,0.00172561,0.00230018,0.000574578
1946,1.66813e-06,8.66328e-06,0.00100163,0.00100078,-8.49366e-07
1948,0.00339894,0.00629055,0.00187006,0.00303734,0.00116728
1949,0.00536453,0.0122512,0.00164219,0.00147482,-0.000167366
1950,0.00729874,0.0128479,0.00241444,0.00129469,-0.00111976
1951,0.00488304,0.00890849,0.00196536,0.00228923,0.000323878
1952,0.00841758,0.01545,0.00222654,0.00173902,-0.000487511
1953,0.0122829,0.017777,0.00270457,0.00228475,-0.000419818
1954,0.00224573,0.00424234,0.00206153,0.00244368,0.000382155
1956,0.00386618,0.00848359,0.00133523,0.00239177,0.00105654
1957,0.00223126,0.00465286,0.00160564,0.00138584,-0.000219801
1958,0.00601177,0.00365946,0.00250165,0.00157977,-0.000921888
1959,0.00498666,0.0067984,0.00223832,0.00222226,-1.606e-05
1960,0.0105445,0.0142319,0.00238879,0.00149946,-0.000889328
1961,0.011081,0.0148917,0.00249496,0.0017266,-0.000768365
1962,0.0118411,0.0177792,0.0027975,0.00180607,-0.000991429
1963,0.015281,0.0151575,0.000733032,0.00215719,0.00142416
1965,0.00628291,0.00376534,0.00100777,0.00103002,2.22506e-05
1966,0.00774361,0.0121672,0.00214451,0.0010068,-0.0011377
1967,0.00396528,0.00499452,0.00207263,0.00150759,-0.000565041
1968,0.00633933,0.0085228,0.00210946,0.00137588,-0.00073358
1969,0.00626031,0.00913625,0.00214699,0.00161734,-0.00052965
1970,0.00274739,0.00696728,0.00230677,0.00164847,-0.000658298
1971,0.00509509,0.00903868,0.00235821,0.00190774,-0.000450475
1972,0.00431951,0.0110356,0.00297279,0.00195785,-0.00101494
1973,0.004984,0.0118416,0.00111885,0.00259639,0.00147754
1974,0.00313996,0.00850473,0.00178624,0.00112584,-0.000660402
1975,0.00463372,0.00492971,0.00106635,0.00179974,0.000733397
1976,0.0128939,0.0240785,0.00241229,0.00104609,-0.0013662
1977,0.0153387,0.0265215,0.00257963,0.00156562,-0.001014
1978,0.00337142,0.0087072,0.00277109,0.00174972,-0.00102137
1979,0.010045,0.0113919,0.00122755,0.00236619,0.00113864
1980,0.00327214,0.00928789,0.00135246,0.00122742,-0.000125032
1981,0.00541469,0.0102541,0.00086743,0.00134514,0.000477713
1982,0.0033315,0.00568614,0.0033381,0.00351617,0.000178072
1984,0.00716507,0.00383718,0.00201503,0.00299737,0.00098234
1985,0.0062744,0.0144112,0.00244879,0.00167585,-0.000772936
1986,0.00570955,0.0035898,0.00275282,0.00245487,-0.00029795
1987,0.0035259,0.00195129,0.000651998,0.00256401,0.00191201
1989,0.00215055,0.00746258,0.00097216,0.00135838,0.000386225
1990,0.00543725,0.00665465,0.0018383,0.000982957,-0.000855348
1991,0.0118644,0.0131936,0.00207663,0.00143589,-0.000640739
1992,0.0074583,0.00823438,0.00192348,0.00168342,-0.000240058
1993,0.00493275,0.00320292,0.00183344,0.00146341,-0.000370029
1994,0.0105166,0.0121561,0.00215317,0.00157076,-0.000582406
1995,0.00502543,0.00509227,0.0031338,0.00198739,-0.00114641
1996,0.00538182,0.0102818,0.00241473,0.00241525,5.17815e-07
1997,0.00620667,0.00723801,0.00249116,0.00240893,-8.22328e-05
1998,0.00865705,0.00756664,0.00155807,0.00251687,0.000958796
1999,0.003646,0.00634182,0.00381207,0.00158909,-0.00222299
2000,0.00681931,0.00903428,0.00343643,0.00381625,0.000379821
2001,0.0150198,0.0162455,0.00243032,0.0034692,0.00103888
2002,0.00849627,0.0194777,0.00286502,0.00193926,-0.000925759
2003,0.00528869,0.0123243,0.0020915,0.00292207,0.000830574
2005,0.00375574,0.0069367,0.000930959,0.00109982,0.000168863
2006,0.00752845,0.0132428,0.00200756,0.000909715,-0.00109784
2007,0.0108795,0.0146619,0.00198621,0.00129621,-0.00069
2008,0.0104959,0.0151272,0.00189874,0.0012817,-0.000617042
2009,0.00950852,0.00973934,0.00225161,0.00123948,-0.00101213
2010,0.00778509,0.00841234,0.00233716,0.00166669,-0.000670471
2011,0.0102659,0.0159611,0.00222918,0.00162526,-0.000603916
2012,0.0129911,0.0184824,0.00237217,0.00169608,-0.000676084
2013,0.0102162,0.0123995,0.00352552,0.00199306,-0.00153246
2014,0.0100777,0.0176186,0.00160816,0.00345919,0.00185102
2016,0.00222936,0.00556532,0.00338329,0.00192306,-0.00146023
2017,0.00361763,0.00460996,0.00389795,0.00374461,-0.000153346
2019,0.00388259,0.0113951,0.00447218,0.00375505,-0.000717135
2021,0.00306839,0.00680386,0.000578229,0.00121587,0.00063764
2022,0.0043881,0.0115677,0.00108609,0.000588455,-0.000497631
2023,0.00476672,0.0129141,0.00096403,0.0010842,0.000120168
2024,0.00428115,0.00762739,0.0015492,0.00097117,-0.000578029
2025,0.00594849,0.0122698,0.00344663,0.000995551,-0.00245108
2026,0.00867759,0.0223041,0.00270319,0.00322229,0.000519098
2027,0.00876068,0.0134875,0.00334471,0.00255885,-0.000785863
2028,0.000940498,0.00810352,0.00272123,0.00343639,0.000715158
2029,0.00147432,0.00830354,0.00276173,0.00271392,-4.78122e-05
2030,0.006941,0.0133091,0.00319257,0.0027394,-0.000453172
2031,0.00846178,0.0108101,0.00391914,0.0028829,-0.00103624
2032,0.00219437,0.0083895,0.00182627,0.00351866,0.00169239
2033,0.00204561,0.0061686,0.00249868,0.00182145,-0.000677232
2034,0.00771919,0.00898073,0.00173659,0.0024892,0.000752612
2035,0.00616479,0.00233832,0.00196186,0.00174754,-0.000214312
2036,0.0063407,0.00872839,0.0027741,0.00123793,-0.00153617
2037,0.00601895,0.00960474,0.00301921,0.00236094,-0.000658271
2038,0.00739651,0.00555273,0.00175997,0.00269045,0.000930476
2039,0.0102629,0.0136538,0.00231346,0.00175369,-0.000559768
2040,0.00744581,0.0127954,0.00150122,0.00232392,0.000822701
2041,0.012995,0.0150555,0.00244857,0.00156708,-0.000881498
2042,0.0126091,0.0101711,0.00309338,0.00202724,-0.00106615
2043,0.00278451,0.00693465,0.00216058,0.00288869,0.000728115
2044,0.00876461,0.0097065,0.00247885,0.00179395,-0.000684904
2045,0.0131331,0.0102313,0.00346045,0.00228511,-0.00117534
2046,0.00586058,0.00664465,0.00132951,0.00332815,0.00199864
2047,0.00432678,0.014935,0.00201157,0.00133603,-0.000675541
2048,0.00502476,0.00592553,0.00184023,0.00199767,0.000157441
2049,0.00600805,0.0053434,0.00176013,0.00182993,6.98073e-05
2050,0.0043497,0.0136305,0.00250166,0.00176491,-0.000736749
2051,0.00675305,0.0132068,0.00295606,0.00213153,-0.000824532
2052,0.0074082,0.0113282,0.00146735,0.00281136,0.00134401
2053,0.00549186,0.0108331,0.00255809,0.00148198,-0.00107611
2054,0.00211658,0.00848061,0.00243868,0.00255039,0.000111709
2055,0.00527047,0.00870439,0.00230607,0.00240885,0.000102771
2056,0.00452628,0.0151806,0.00204259,0.00231094,0.000268346
2057,0.0040651,0.00567536,0.00281482,0.00162816,-0.00118666
2058,0.00291665,0.00933625,0.00191506,0.00248765,0.000572594
2059,0.00607731,0.0180796,0.00221204,0.00190326,-0.000308779
2060,0.00624468,0.0110302,0.00181167,0.00221203,0.000400358
2061,0.00296271,0.0138765,0.00253177,0.00125465,-0.00127712
2062,0.00266876,0.0141473,0.00249588,0.00204083,-0.000455057
2063,0.00557261,0.0152434,0.00233837,0.0020179,-0.000320469
2064,0.00446804,0.0146959,0.00278655,0.00190122,-0.000885336
2065,0.00219665,0.0122386,0.00133774,0.00248562,0.00114788
2066,0.00257207,0.0137083,0.00136414,0.00133619,-2.79441e-05
2067,0.00345209,0.00646679,0.00157325,0.00136017,-0.00021308
2068,0.00455208,0.0149243,0.00179372,0.000870657,-0.000923067
2069,0.00234889,0.0147003,0.00221855,0.00104314,-0.00117541
2070,0.00527317,0.0135536,0.00222076,0.00181554,-0.000405226
2071,0.00999194,0.0181693,0.00198092,0.00169377,-0.000287149
2072,0.0127319,0.0250323,0.00269434,0.00146512,-0.00122922
2073,0.0084248,0.00705563,0.00259955,0.0024841,-0.000115449
2075,0.00215627,0.0096844,0.00195369,0.001594,-0.000359698
2076,0.00574846,0.0044686,0.00198266,0.00131964,-0.000663019
2077,0.00480289,0.00667343,0.00225854,0.00151888,-0.00073966
2078,0.0037648,0.0099139,0.00300538,0.00161155,-0.00139384
2079,0.00730644,0.0165047,0.00144757,0.0025552,0.00110763
2081,0.00553307,0.01606,0.00189314,0.00160682,-0.00028632
2082,0.00888917,0.0216512,0.00272337,0.000983813,-0.00173956
2083,0.00228413,0.0130279,0.0021463,0.00182189,-0.000324404
2085,0.00850626,0.0192782,0.00104551,0.00153723,0.00049172
2086,0.00207197,0.010213,0.000922871,0.00106244,0.000139572
2087,0.00335528,0.010406,0.00160787,0.000923362,-0.000684505
2088,0.00417121,0.0133695,0.00250886,0.00097869,-0.00153017
2089,0.0048397,0.00556116,0.0023711,0.002132,-0.0002391
2090,0.0040833,0.00669599,0.00185672,0.00203955,0.00018283
2091,0.00703806,0.0178067,0.00255169,0.00126488,-0.00128681
2092,0.00596667,0.0119254,0.000942943,0.00213227,0.00118933
2094,0.00316633,0.0134024,0.0024108,0.00112288,-0.00128792
2095,0.00464244,0.0173473,0.00187213,0.00192916,5.70307e-05
2096,0.00192553,0.00804152,0.001882,0.00130667,-0.000575337
2097,0.00288699,0.0124685,0.00166736,0.00154554,-0.000121823
2098,0.00323741,0.0138584,0.00185946,0.000966712,-0.000892751
2099,0.0056317,0.0196371,0.00210292,0.00155128,-0.000551644
2100,0.0100507,0.021979,0.00289173,0.00160348,-0.00128825
2101,0.00827217,0.026555,0.00229964,0.00263454,0.000334898
2102,0.00162863,0.0219285,0.00248158,0.00223524,-0.000246343
2103,0.0074841,0.0279189,0.00138214,0.00204618,0.000664033
2104,0.00686176,0.022537,0.00283461,0.000765516,-0.00206909
2105,0.00707555,0.0209655,0.00342678,0.00241238,-0.00101439
2106,0.00587783,0.0221757,0.0023121,0.0030175,0.000705392
2107,0.00354798,0.0147063,0.0033568,0.00179586,-0.00156094
2108,0.0124267,0.0316216,0.00148181,0.00314244,0.00166064
2110,0.0068214,0.0148236,0.00260485,0.00241011,-0.000194744
2111,0.00752036,0.0238394,0.00220942,0.00241586,0.000206438
2112,0.00872352,0.0214256,0.00209027,0.00194271,-0.000147564
2113,0.0102164,0.016482,0.00326368,0.00168951,-0.00157417
2115,0.00676268,0.0112043,0.00309263,0.00242207,-0.000670561
2116,0.00567757,0.0117865,0.00222854,0.00288187,0.000653329
2117,0.00683536,0.0200135,0.00299084,0.00186463,-0.00112621
2118,0.00508755,0.0120195,0.00306684,0.00259219,-0.00047465
2119,0.00688731,0.0145454,0.00169222,0.00292337,0.00123115
2120,0.00793187,0.019066,0.00310378,0.00166816,-0.00143561
2122,0.00841374,0.0157674,0.00318653,0.00136495,-0.00182158
2123,0.00407555,0.0124177,0.00129476,0.00319619,0.00190144
2124,0.00425073,0.0101675,0.00249307,0.00129568,-0.0011974
2125,0.0069077,0.0134162,0.00290913,0.00251962,-0.000389512
2126,0.00188255,0.00791972,0.0020201,0.00291063,0.000890531
2127,0.00666576,0.010061,0.00189949,0.00202207,0.000122584
2128,0.00572495,0.0118802,0.00280717,0.0018942,-0.000912966
2130,0.00588574,0.00465827,0.00195004,0.00302603,0.00107599
2131,0.00777603,0.010713,0.00236956,0.001964,-0.000405555
2132,0.00503534,0.0226646,0.00321671,0.00198145,-0.00123526
2133,0.00480762,0.0190751,0.00293257,0.00293515,2.57371e-06
2134,0.00791871,0.0136733,0.00214631,0.00245684,0.000310529
2135,0.00516699,0.00770553,0.00318201,0.00269223,-0.00048978
2137,0.00688408,0.00963358,0.00298189,0.00157296,-0.00140893
2138,0.00639767,0.014984,0.0018983,0.00298282,0.00108452
2139,0.00536703,0.0148451,0.00338999,0.00188991,-0.00150008
2140,0.00384522,0.0054353,0.00303423,0.00296916,-6.50769e-05
2142,0.00148484,0.00778093,0.00226742,0.0022927,2.5281e-05
2143,0.0102923,0.00667776,0.0030879,0.00219825,-0.000889644
2144,0.00740734,0.0221644,0.00178912,0.00296569,0.00117657
2146,0.00710346,0.0120695,0.00136255,0.00294785,0.0015853
2147,0.00350513,0.0204016,0.00216895,0.000728159,-0.00144079
2148,0.00655035,0.0193342,0.00283193,0.00193357,-0.000898359
2149,0.00634518,0.0150423,0.00238238,0.00251998,0.000137598
2150,0.00284432,0.0123145,0.00275863,0.00206438,-0.000694257
2151,0.00824252,0.0124295,0.00130414,0.00253912,0.00123497
2153,0.00191609,0.00296049,0.00188184,0.0014546,-0.000427234
2155,0.0036867,0.012164,0.00220144,0.0016158,-0.000585642
2156,0.00437675,0.0152098,0.00360468,0.00192933,-0.00167535
2157,0.00430469,0.0162678,0.00237383,0.00377345,0.00139962
2159,0.00369495,0.013935,0.00154175,0.00324298,0.00170123
2160,0.00538222,0.017832,0.00199022,0.00156111,-0.000429105
2161,0.0046289,0.0226243,0.00289095,0.00169042,-0.00120052
2162,0.00429116,0.0251101,0.00285274,0.00262116,-0.00023158
2163,0.00465468,0.0296746,0.00198568,0.00262747,0.000641788
2164,0.00534815,0.0257736,0.00244522,0.00198657,-0.00045865
2165,2.7827e-05,7.09362e-05,0.00200546,0.00200995,4.49317e-06
2167,0.00820944,0.0297701,0.00331495,0.00193295,-0.001382
2168,0.0061102,0.0271026,0.00323527,0.00300998,-0.000225286
2169,0.00411137,0.0212515,0.00108727,0.00296841,0.00188114
2171,0.00593567,0.0217183,0.00359038,0.0023959,-0.00119448
2172,0.00625054,0.0206272,0.00224628,0.00357962,0.00133334
2173,0.00664301,0.0215452,0.00368426,0.0022474,-0.00143686
2174,0.00716251,0.0270748,0.00422435,0.00370711,-0.000517237
2175,0.0133528,0.0344412,0.00220602,0.00400256,0.00179655
2176,0.00473173,0.0220792,0.00187194,0.00223185,0.00035991
2177,0.00493187,0.0221298,0.00141917,0.00188043,0.000461255
2178,0.00384028,0.0199888,0.00218806,0.00141714,-0.000770915
2179,0.00491525,0.0119589,0.00224356,0.00218187,-6.1685e-05
2180,0.00673131,0.0075027,0.00213102,0.00222789,9.68659e-05
2181,0.00463001,0.0121072,0.00263379,0.00213161,-0.000502187
2182,0.0460239,0.0406538,0.00302572,0.00303134,5.61518e-06
2184,0.0464607,0.0421969,0.0022973,0.00300103,0.000703738
2185,0.0417999,0.0377718,0.00306028,0.00229727,-0.000763009
2186,0.0459047,0.0482388,0.00222409,0.00305327,0.000829173
2187,0.0482519,0.0441074,0.00296049,0.00222445,-0.000736042
2188,0.0465173,0.0308942,0.0026014,0.0022268,-0.000374592
2190,0.00589896,0.0108544,0.0021495,0.00175464,-0.000394859
2191,0.00732548,0.0134365,0.00153464,0.00215431,0.000619671
2192,0.00368233,0.00345988,0.00128824,0.0015612,0.000272959
2193,0.0037324,0.00782756,0.00208962,0.00129267,-0.000796951
2194,0.00451548,0.0115359,0.00254578,0.00209296,-0.000452818
2195,0.00636349,0.0129052,0.00179912,0.00255515,0.000756035
2196,0.00510158,0.0121752,0.00178555,0.00179929,1.37349e-05
2197,0.00490075,0.012183,0.0014941,0.00178424,0.000290136
2198,0.00620153,0.0147796,0.00125409,0.00149058,0.000236486
2199,0.00576649,0.0176419,0.00301421,0.0012441,-0.00177011
2200,0.00905922,0.00647544,0.002966,0.00190825,-0.00105775
2202,0.00705883,0.0177256,0.0017508,0.00191691,0.000166112
2203,0.00473243,0.00646121,0.00174786,0.00174542,-2.43401e-06
2204,0.00788548,0.0117615,0.00184926,0.00174328,-0.000105983
2205,0.00737713,0.0170331,0.0013155,0.00183267,0.000517168
2206,0.00678569,0.0130968,0.00183221,0.0013156,-0.000516607
2207,0.00903064,0.0160094,0.00199033,0.00183557,-0.000154761
2208,0.00567444,0.00860506,0.00192456,0.00199048,6.59202e-05
2209,0.00848259,0.0161769,0.00161476,0.00192108,0.00030632
2210,0.00993506,0.0157497,0.00236586,0.00160386,-0.000762
2211,0.000601539,0.00084331,0.00285015,0.0025316,-0.000318544
2212,0.00790036,0.010175,0.00290841,0.00248115,-0.000427256
2214,0.00610812,0.00309982,0.0014523,0.00101824,-0.000434062
2215,0.00679331,0.00690867,0.00216422,0.00145218,-0.000712043
2216,0.00773299,0.0120173,0.00148781,0.00216438,0.000676569
2217,0.00721621,0.00607796,0.00170476,0.0015016,-0.000203164
2218,0.00702454,0.00639811,0.00229276,0.00170266,-0.000590101
2219,0.00653717,0.0108024,0.00179426,0.00230288,0.000508623
2220,0.005812,0.00753515,0.00204357,0.00179372,-0.00024985
2221,0.00140963,0.00176829,0.00299579,0.00279302,-0.000202772
2223,0.0053077,0.00629426,0.00214247,0.00137658,-0.000765891
2224,0.00760449,0.00369416,0.00221647,0.00214285,-7.36199e-05
2225,0.00764853,0.0230333,0.00248405,0.00221666,-0.000267392
2226,5.50684e-05,7.71115e-05,0.00202817,0.00202826,8.68458e-08
2228,0.00432504,0.0134155,0.00179269,0.00149643,-0.000296265
2229,0.00731948,0.0186693,0.00206536,0.00180267,-0.000262686
2230,0.000212852,0.000393867,0.00234372,0.0021346,-0.000209117
2232,0.00711832,0.0108174,0.00259028,0.00210478,-0.000485498
2233,0.00752855,0.0130607,0.00149338,0.00240965,0.000916273
2234,0.00451587,0.00898049,0.0013146,0.0014933,0.000178698
2235,0.00559057,0.00700435,0.00117825,0.00131773,0.000139485
2236,0.00452804,0.00344303,0.00133689,0.00117818,-0.000158709
2237,0.00574652,0.00643003,0.00131373,0.0013368,2.30719e-05
2238,0.00731298,0.00553671,0.00222192,0.00131422,-0.000907705
2239,0.00616766,0.00776904,0.00243659,0.00222079,-0.000215791
2240,0.00510103,0.00595293,0.00252351,0.00244486,-7.86481e-05
2241,0.00860908,0.00253212,0.00170504,0.00251724,0.000812196
2243,0.00671131,0.00286563,0.00127854,0.00127147,-7.07828e-06
2244,0.0105094,0.00572761,0.00195873,0.00104766,-0.000911067
2245,0.00799679,0.012596,0.00279297,0.00185776,-0.000935207
2246,0.00471382,0.0245497,0.00379722,0.00272786,-0.00106936
2247,0.00945958,0.0250124,0.00168381,0.00370741,0.0020236
2248,0.00791212,0.0142571,0.00312016,0.00168377,-0.00143639
2249,0.00274495,0.0117328,0.00297921,0.00311448,0.000135272
2250,0.007736,0.00942957,0.00347488,0.00297657,-0.000498306
2251,0.00025158,0.000300399,0.00429218,0.00428174,-1.04392e-05
2253,0.0091249,0.0140904,0.00273805,0.00346769,0.00072964
2254,0.00465808,0.00680654,0.00312234,0.00272755,-0.000394787
2255,0.00564976,0.00942856,0.00283649,0.00312187,0.00028538
2256,0.00546273,0.00744441,0.00324132,0.0028307,-0.000410619
2257,0.00342917,0.0118859,0.00302823,0.0031965,0.000168269
2258,0.00881972,0.00797155,0.00338017,0.003023,-0.000357179
2259,0.011432,0.0154482,0.00170653,0.00332219,0.00161566
2260,0.00235,0.00469104,0.00275151,0.00169365,-0.00105786
2261,0.00593611,0.0120623,0.00278615,0.00279345,7.29715e-06
2262,0.00749327,0.00717003,0.00216004,0.00278903,0.000628991
2263,0.00330065,0.00496899,0.00290218,0.00216983,-0.000732352
2264,0.00504454,0.0132918,0.00287686,0.00289363,1.67738e-05
2265,0.0110858,0.0144891,0.0021119,0.0029112,0.000799309
2266,0.00333832,0.00408276,0.00135204,0.00211325,0.000761208
2267,0.0054267,0.00806453,0.00172254,0.0013433,-0.000379236
2268,0.00832931,0.0117139,0.00239734,0.00169834,-0.000698999
2269,0.00440814,0.00867117,0.00168644,0.00239547,0.000709025
2270,0.00591819,0.00855564,0.00169023,0.00168073,-9.5017e-06
2271,0.00745894,0.00886249,0.00248774,0.00169441,-0.000793335
2272,0.00560458,0.00890766,0.00207824,0.0024932,0.00041496
2273,0.00545587,0.00962317,0.002111,0.00207873,-3.22738e-05
2274,0.00744397,0.0116719,0.00208414,0.00212031,3.61707e-05
2275,0.00711225,0.00802562,0.00249554,0.00212375,-0.000371781
2276,0.00581629,0.00658621,0.00237818,0.00230809,-7.00897e-05
2277,0.0086632,0.0164983,0.00245073,0.00231045,-0.000140286
2278,0.0101366,0.0132787,0.00290977,0.00241631,-0.000493465
2279,0.00775926,0.00664183,0.00255873,0.00280675,0.000248022
2280,0.00669265,0.0156783,0.00354767,0.00255777,-0.000989894
2281,0.00798046,0.018207,0.00297143,0.00354774,0.000576312
2282,0.0073901,0.0128854,0.0023938,0.00297849,0.000584688
2283,0.00837771,0.0165395,0.0032982,0.00242052,-0.000877677
2284,0.00992839,0.0206699,0.00232898,0.00330981,0.000980831
2285,0.00811156,0.00815118,0.00207511,0.0023175,0.000242385
2286,0.00652045,0.0084137,0.00296976,0.00207654,-0.000893217
2287,0.00978604,0.0195594,0.00346789,0.00298473,-0.000483161
2288,0.00994947,0.0183096,0.00325711,0.00347844,0.000221337
2289,0.00655623,0.00599625,0.00258667,0.00322363,0.000636958
2290,0.00742131,0.00498807,0.00282108,0.00244316,-0.000377922
2291,0.00776682,0.00590666,0.00312396,0.00279231,-0.000331641
2292,0.00624871,0.00869434,0.00303023,0.00310464,7.44164e-05
2293,0.00597105,0.00417029,0.00285077,0.00299555,0.000144782
2294,0.00581642,0.0114332,0.00288174,0.00287828,-3.45847e-06
2295,0.00506309,0.00935789,0.00192015,0.00287298,0.000952824
2296,0.00805881,0.00566088,0.00280311,0.00191239,-0.000890716
2297,0.00690404,0.0116874,0.00362928,0.00281134,-0.000817941
2298,0.00634875,0.0137007,0.00241106,0.00363704,0.00122598
2299,0.00698521,0.00695949,0.0025679,0.00239498,-0.000172923
2300,0.00783053,0.012145,0.00163046,0.00257034,0.000939882
2302,0.00800009,0.0114195,0.00342854,0.00279627,-0.000632273
2303,0.00633898,0.0165604,0.00232177,0.00339891,0.00107714
2304,0.00512688,0.00662671,0.00320557,0.00218574,-0.00101983
2305,0.00484591,0.00708874,0.00284709,0.00320407,0.000356979
2306,0.00667115,0.00876873,0.00184354,0.00279652,0.000952979
2307,0.00355751,0.00836798,0.00256909,0.00184281,-0.000726284
2308,0.00522754,0.0113655,0.00258841,0.00255738,-3.10254e-05
2309,0.00724669,0.0115927,0.00230854,0.00259088,0.000282332
2310,0.00739187,0.0148365,0.00237221,0.00230717,-6.50403e-05
2311,0.00303634,0.0119676,0.00267044,0.0023863,-0.000284143
2312,0.00916753,0.0103856,0.00178706,0.0026713,0.000884245
2313,0.0044371,0.00652626,0.00275365,0.00178688,-0.000966766
2314,0.00119816,0.00136456,0.00328237,0.00328842,6.04917e-06
2316,0.0079981,0.00667379,0.0031547,0.00198048,-0.00117422
2317,0.00692754,0.0150663,0.00216072,0.00323997,0.00107925
2318,0.00178806,0.0098525,0.00174188,0.00201381,0.00027193
2320,0.00488867,0.00835914,0.00208829,0.00198269,-0.000105606
2321,0.00232757,0.00888297,0.00181306,0.00183819,2.51342e-05
2322,0.00409583,0.00903662,0.00239976,0.00153376,-0.000865996
2323,0.0031733,0.0107312,0.00311011,0.00224893,-0.00086118
2324,0.00373173,0.00930187,0.00172387,0.00304058,0.00131671
2325,5.49153e-05,7.6338e-05,0.00227435,0.00227657,2.22353e-06
2327,0.00467811,0.00818951,0.00185999,0.00207684,0.000216852
2328,0.0023809,0.00672177,0.00214517,0.00186213,-0.000283041
2329,0.00456878,0.0108424,0.00297634,0.00214559,-0.00083074
2330,0.00829904,0.0128907,0.00108157,0.00294084,0.00185927
2331,0.00591639,0.0133892,0.00211145,0.00109267,-0.00101878
2332,0.00603065,0.0130228,0.00143971,0.0019545,0.000514788
2333,0.00661866,0.00973009,0.00261349,0.00124615,-0.00136734
2334,0.00313829,0.00928436,0.00249205,0.00251572,2.36698e-05
2335,0.00453809,0.0101547,0.00117355,0.00244975,0.00127619
2336,0.00692699,0.012711,0.00148446,0.000925504,-0.000558955
2337,0.00607775,0.0120879,0.00225998,0.0012822,-0.000977783
2338,0.0054526,0.0104506,0.00304656,0.00211307,-0.000933489
2339,0.00228847,0.00702486,0.00249943,0.00292699,0.000427558
2341,0.00484233,0.011441,0.00162873,0.0014574,-0.00017133
2342,0.00281488,0.00835532,0.00119255,0.00163824,0.000445691
2343,0.00361565,0.00752133,0.00250874,0.00117545,-0.0013333
2344,0.00472178,0.00852516,0.00113327,0.00250058,0.00136731
2345,0.00191537,0.00818026,0.00174472,0.00113338,-0.00061134
2346,0.00110504,0.00550371,0.00215728,0.00173168,-0.000425597
2347,0.00363208,0.0119033,0.00202413,0.00214163,0.000117504
2348,0.00365606,0.00800131,0.00282282,0.00205413,-0.000768691
2349,0.00235252,0.0115438,0.00213264,0.00283723,0.000704592
2351,0.000848211,0.00389316,0.00256513,0.00251025,-5.48845e-05
2353,0.00555607,0.0109309,0.00215482,0.00108628,-0.00106855
2354,0.00693311,0.0139098,0.00183213,0.00215514,0.00032301
2355,0.00411415,0.0174517,0.00232038,0.00182775,-0.000492627
2356,0.00446049,0.0139446,0.00234364,0.00231431,-2.93304e-05
2357,0.00422031,0.01051,0.00321062,0.00234493,-0.000865695
2358,0.00750975,0.00517216,0.002986,0.00319144,0.000205439
2359,0.00315433,0.0139944,0.00331311,0.00300798,-0.000305134
2360,0.000106391,0.000120103,0.00224745,0.00207715,-0.000170306
2362,0.0011712,0.00809414,0.00303445,0.00267812,-0.00035633
2363,0.00332909,0.0105855,0.00210988,0.00295123,0.000841353
2364,0.00348009,0.0121943,0.00239038,0.00189753,-0.000492853
2365,0.00227538,0.00837609,0.00287603,0.00236163,-0.000514401
2366,0.00615902,0.0109043,0.00253711,0.00278504,0.000247922
2367,0.00655045,0.0141914,0.00259933,0.00254637,-5.29611e-05
2368,0.00444474,0.00968624,0.00201432,0.00259896,0.000584645
2369,0.00359852,0.0134725,0.00251666,0.00201021,-0.000506455
2370,0.00464412,0.0107813,0.00277627,0.00252335,-0.000252919
2371,0.0039412,0.0074971,0.00181468,0.00275433,0.000939653
2372,0.00206401,0.0118722,0.0021357,0.00181482,-0.000320885
2373,0.002718,0.00346226,0.00256381,0.00213496,-0.00042885
2374,0.00706088,0.00888045,0.00246183,0.00257162,0.000109792
2375,5.24233e-05,7.65853e-05,0.00211367,0.00211258,-1.08965e-06
2377,0.00415872,0.00489269,0.00217782,0.00246594,0.000288118
2378,0.000237993,0.000322398,0.00216353,0.00216534,1.8077e-06
2380,0.00593525,0.00764056,0.00166309,0.00249964,0.000836544
2381,0.00455127,0.00973739,0.0012613,0.00166217,0.000400876
2382,0.00418647,0.0070197,0.00167651,0.00125875,-0.000417753
2383,0.00458539,0.00744129,0.00185268,0.00122809,-0.000624593
2384,0.00489845,0.00510594,0.00194529,0.00146601,-0.000479279
2385,0.004172,0.00203906,0.00272163,0.001839,-0.000882623
2386,0.00384698,0.0120872,0.00144542,0.00253492,0.0010895
2387,0.00578826,0.0150966,0.00158784,0.00144131,-0.000146528
2388,0.00310617,0.0130367,0.00150939,0.00158835,7.89594e-05
2389,0.00273993,0.00758306,0.00199925,0.00151256,-0.000486687
2390,0.00299646,0.00555837,0.00146189,0.00199758,0.00053569
2391,0.00290962,0.00899516,0.00180644,0.0014543,-0.000352144
2392,0.00261492,0.00381369,0.00195822,0.00180637,-0.000151849
2393,0.00330162,0.00833316,0.00221999,0.00192554,-0.000294448
2394,0.00301974,0.00531985,0.00280908,0.00196378,-0.000845299
2395,0.00345522,0.00738497,0.00113754,0.00266204,0.0015245
2396,0.00317804,0.00476439,0.0019345,0.00113567,-0.000798836
2397,0.00244368,0.00706337,0.00086803,0.00193372,0.00106569
2398,0.00276776,0.00373035,0.00148644,0.000870632,-0.000615806
2399,0.00225908,0.00661227,0.00137763,0.00148015,0.000102523
2400,0.00147031,0.00590436,0.00134847,0.00137858,3.01129e-05
2401,0.00350083,0.00328389,0.00266093,0.00134786,-0.00131307
2402,0.0048707,0.0112194,0.00251377,0.00266549,0.00015172
2403,0.000951204,0.00136473,0.00278258,0.00261291,-0.000169671
2405,0.00221131,0.00660605,0.00275399,0.00100068,-0.0017533
2406,0.00105193,0.00320469,0.00291813,0.00265537,-0.000262756
2407,0.00204747,0.00419442,0.00197407,0.00280104,0.000826961
2408,0.00369181,0.00848696,0.00289572,0.00167502,-0.0012207
2409,0.00264809,0.00571553,0.00121579,0.00278029,0.0015645
2411,0.00287776,0.0051974,0.00153383,0.0013803,-0.000153533
2412,0.00585647,0.00889767,0.00118778,0.00150429,0.000316516
2413,0.00211408,0.00549946,0.00145352,0.00119361,-0.000259916
2414,0.00449151,0.00712724,0.00158752,0.00145309,-0.000134433
2415,0.00483045,0.00774104,0.00142726,0.00158863,0.000161362
2416,0.00730227,0.0112473,0.00209244,0.00142165,-0.000670792
2417,0.000144443,0.000282761,0.00188312,0.00146515,-0.000417964
2419,0.00560698,0.0117094,0.00252158,0.00213426,-0.000387315
2420,0.00717519,0.0127552,0.00150421,0.00226817,0.00076396
2421,0.00508124,0.0078557,0.00244327,0.00149656,-0.000946708
2422,0.00257177,0.00473277,0.00213726,0.002448,0.000310736
2423,0.00502426,0.010506,0.00186447,0.00213024,0.000265767
2424,0.00416193,0.00833649,0.00153461,0.00185856,0.000323955
2425,0.00456606,0.00900842,0.00164084,0.00154699,-9.38454e-05
2426,0.00496594,0.0110437,0.00208342,0.00164093,-0.000442486
2427,0.00362435,0.00615309,0.00242607,0.0020771,-0.000348968
2428,0.00171642,0.00453268,0.00250177,0.00240971,-9.20561e-05
2429,0.00457068,0.00910387,0.00256464,0.00228419,-0.000280447
2430,0.00749353,0.0149591,0.00154711,0.00256451,0.0010174
2431,0.00406326,0.00620767,0.00146294,0.00154523,8.22861e-05
2432,0.00284071,0.00373114,0.00235972,0.00146295,-0.000896766
2433,0.00497656,0.00990738,0.00146669,0.00235928,0.000892592
2434,0.00393278,0.00727857,0.00126338,0.00146929,0.000205915
2435,0.00330933,0.00332561,0.00230884,0.00126318,-0.00104566
2436,0.00546306,0.0123645,0.00174012,0.00231838,0.000578261
2437,0.00434893,0.0080533,0.00165401,0.00173907,8.50552e-05
2438,0.00490693,0.00722921,0.00244416,0.00164316,-0.000801002
2439,0.00845209,0.0187162,0.00222392,0.00243526,0.000211347
2440,0.00516315,0.0131265,0.0024333,0.00223247,-0.000200827
2441,0.00232339,0.00535691,0.00260044,0.00241289,-0.000187545
2442,0.00811172,0.0150132,0.00177724,0.00258968,0.00081244
2444,0.00532299,0.00549974,0.00215315,0.00227748,0.000124334
2445,0.00516639,0.0112681,0.00159358,0.00211731,0.000523732
2446,0.00686208,0.0117589,0.00208556,0.00160468,-0.000480875
2447,0.00569189,0.00634079,0.00202986,0.00211054,8.06791e-05
2448,0.00573522,0.011131,0.00231895,0.002029,-0.00028995
2449,0.00531787,0.00773472,0.00231065,0.00232808,1.74271e-05
2450,0.00222452,0.00663883,0.00236836,0.00225955,-0.000108813
2451,0.00616203,0.0117395,0.0025329,0.00238078,-0.00015212
2452,0.00580802,0.00864699,0.00244438,0.00229315,-0.000151225
2453,0.00460736,0.0124982,0.00178876,0.00243765,0.000648887
2454,0.00460926,0.0086016,0.00156202,0.00178634,0.000224325
2455,0.00524872,0.00694921,0.00339832,0.00156608,-0.00183224
2456,0.00351805,0.0166047,0.00214105,0.00344874,0.00130769
2457,0.00430188,0.00399271,0.00231867,0.00214828,-0.000170387
2458,0.00862886,0.00962239,0.00307759,0.00231144,-0.000766143
2459,0.00242147,0.0141243,0.00234011,0.00307677,0.000736663
2460,0.00438924,0.00558478,0.00310835,0.00236769,-0.000740659
2461,0.00705914,0.00696099,0.00148507,0.00311281,0.00162774
2462,0.000272563,0.000382901,0.00241544,0.00241046,-4.97699e-06
2463,0.000134979,5.92411e-05,0.00315993,0.00316663,6.70017e-06
2465,0.00424327,0.00780939,0.00312083,0.00244941,-0.000671421
2466,0.00706234,0.00520712,0.0017481,0.0031166,0.0013685
2467,0.00653805,0.00772868,0.00154826,0.00174851,0.00020025
2468,0.0083847,0.0125013,0.00294021,0.00154678,-0.00139343
2469,0.003914,0.0130223,0.00275093,0.00290153,0.000150604
2470,0.00751828,0.0150975,0.00194899,0.00265763,0.000708639
2471,0.00714434,0.00873463,0.00167099,0.00169555,2.45521e-05
2472,0.00899954,0.00529868,0.00343201,0.00152324,-0.00190877
2474,0.00703221,0.00189681,0.00307463,0.0030682,-6.43334e-06
2475,0.0051559,0.00731979,0.00234567,0.0030489,0.00070323
2476,0.00893377,0.0130606,0.00318312,0.00236362,-0.000819502
2477,0.00868184,0.00609994,0.00340766,0.0032199,-0.000187764
2478,0.00669179,0.00950724,0.00305856,0.00344633,0.000387771
2479,0.00443013,0.00543127,0.00198513,0.0030564,0.00107127
2480,0.00853467,0.00643733,0.00236326,0.00199845,-0.000364811
2481,0.00714778,0.00626524,0.00117426,0.00238287,0.00120861
2482,0.00580388,0.00459471,0.0019272,0.00117439,-0.000752814
2483,0.00632522,0.0012868,0.00274426,0.00177768,-0.000966583
2484,0.00961122,0.0126507,0.00221663,0.00267202,0.000455395
2485,0.00999329,0.0118466,0.00206204,0.00213018,6.8137e-05
2486,0.00561753,0.0101465,0.00234855,0.00198821,-0.000360338
2487,0.00439436,0.00306537,0.00264337,0.00214744,-0.00049593
2489,0.00606539,0.00950702,0.00141821,0.0018098,0.000391593
2490,0.0045601,0.00516854,0.00180312,0.00142039,-0.000382734
2491,0.00504536,0.00953381,0.00202761,0.00180167,-0.000225948
2492,0.0100323,0.00980988,0.0020524,0.00202747,-2.49303e-05
2493,0.004337,0.0048055,0.00219146,0.00206159,-0.000129868
2494,0.00632963,0.0102353,0.00232331,0.00217706,-0.000146252
2495,0.00531068,0.00729334,0.00221462,0.00232762,0.000112996
2496,0.00381746,0.0041962,0.00216711,0.002219,5.18919e-05
2497,0.00731663,0.013612,0.00281343,0.00216247,-0.000650962
2498,0.005031,0.0123925,0.00140114,0.00258182,0.00118068
2499,0.00514583,0.00589092,0.00202431,0.00140467,-0.00061964
2500,0.00538777,0.00862893,0.00174562,0.00202813,0.000282515
2501,0.00503974,0.00331036,0.00167424,0.00175129,7.70512e-05
2502,0.00384976,0.00711657,0.00189755,0.0016762,-0.000221349
2503,0.00794498,0.0124916,0.00182037,0.001901,8.06317e-05
2504,0.00358125,0.00507977,0.00191987,0.00181986,-0.000100013
2505,0.000182684,0.00021095,0.00305418,0.00309347,3.92899e-05
2508,0.00706795,0.00637617,0.00170075,0.00275642,0.00105567
2509,0.00452289,0.0115901,0.00326814,0.00169775,-0.00157039
2510,0.00557127,0.00836011,0.00320194,0.00326601,6.40762e-05
2511,0.00473019,0.00263316,0.00297105,0.00317453,0.000203479
2512,0.00519445,0.00670285,0.00177674,0.00298069,0.00120395
2513,0.00679811,0.0102676,0.00175035,0.00176888,1.8538e-05
2514,0.00550002,0.00745086,0.00128302,0.00175081,0.000467791
2515,0.000311611,0.000450676,0.00180622,0.00154027,-0.000265949
2517,0.00523663,0.00560671,0.00167136,0.00150129,-0.000170072
2518,0.0021065,0.00472652,0.00215507,0.00147283,-0.000682243
2519,0.00365108,0.00558601,0.00208875,0.00206867,-2.00726e-05
2520,0.00454509,0.00913503,0.00227451,0.00194152,-0.000332991
2521,0.00475837,0.00856377,0.00248583,0.00217669,-0.000309138
2522,0.00221594,0.00736327,0.00269315,0.00233367,-0.00035948
2523,0.00591061,0.0146453,0.00140907,0.00257783,0.00116876
2524,0.00581228,0.0133787,0.00232632,0.00140884,-0.000917472
2525,0.00408202,0.0164287,0.00125895,0.00233598,0.00107704
2526,0.00319955,0.0134174,0.00290185,0.00126048,-0.00164137
2527,0.00812346,0.024691,0.00333792,0.00290561,-0.000432316
2528,0.00712574,0.0226752,0.00194917,0.00334283,0.00139366
2529,0.00613343,0.0154764,0.00155591,0.00197085,0.000414941
2530,0.00639493,0.0181959,0.00228738,0.0015671,-0.000720278
2531,0.00554751,0.0168993,0.00228469,0.0023327,4.8006e-05
2532,0.00443485,0.00928271,0.00184675,0.00227457,0.000427815
2533,0.00454473,0.0117488,0.00216944,0.00186045,-0.000308996
2534,0.000607284,0.000778363,0.00298852,0.00280166,-0.000186866
2536,0.00459494,0.0093015,0.00199748,0.00142518,-0.000572295
2537,0.0081119,0.0130455,0.00145064,0.00198762,0.000536981
2538,0.00412775,0.00735841,0.00168964,0.00145665,-0.000232989
2539,0.00455595,0.00307526,0.00184297,0.00168924,-0.000153728
2540,0.00689513,0.0100541,0.00192798,0.00185106,-7.69194e-05
2541,7.08745e-05,7.77566e-05,0.00195418,0.0019513,-2.87313e-06
2543,0.00827239,0.0151187,0.00209544,0.00203333,-6.21083e-05
2544,0.00531576,0.00786555,0.00223394,0.00209892,-0.000135017
2545,0.00451181,0.00607153,0.002336,0.00221982,-0.000116186
2546,0.00647207,0.0138914,0.00247583,0.00220204,-0.000273794
2547,0.00724491,0.0142576,0.00257664,0.00220915,-0.000367489
2548,0.00477841,0.0138048,0.001831,0.0023485,0.000517502
2549,0.00539336,0.0115025,0.00138109,0.00182524,0.000444146
2550,0.00555054,0.00837213,0.00126515,0.00138056,0.000115408
2551,0.00550915,0.00923698,0.00213172,0.00126419,-0.00086753
2552,0.00563083,0.0106822,0.00180725,0.00213108,0.000323832
2553,0.00479156,0.0149165,0.00152462,0.00180558,0.000280958
2554,0.00372425,0.0101264,0.00214069,0.00152561,-0.00061508
2555,0.00723023,0.00962355,0.00209149,0.00214094,4.94528e-05
2556,0.00415451,0.00539041,0.00249123,0.00209256,-0.000398668
2557,0.00039199,0.000519985,0.00270034,0.00246051,-0.000239833
2559,0.00430461,0.00606868,0.000994811,0.00190158,0.000906766
2560,0.00640793,0.00856651,0.00201695,0.000996728,-0.00102022
2561,0.00282294,0.00848098,0.00150814,0.00202687,0.000518738
2562,0.00372855,0.00424638,0.00227851,0.00152132,-0.000757191
2563,0.00727635,0.0133126,0.00181518,0.00228254,0.000467356
2564,0.00290171,0.00326312,0.00176846,0.00181433,4.58722e-05
2565,0.00296173,0.00340363,0.00193348,0.00177361,-0.000159865
2566,0.00566934,0.00875264,0.00203418,0.00191791,-0.000116272
2567,0.000829602,0.00536779,0.00213206,0.00204527,-8.679e-05
2568,0.00129643,0.00998972,0.00192438,0.00211161,0.00018723
2569,0.00632782,0.0111339,0.00219701,0.00190252,-0.000294482
2570,0.00213598,0.00823922,0.00236507,0.00219596,-0.000169109
2571,0.0020871,0.00970945,0.00222279,0.00235798,0.000135193
2572,0.00616186,0.0110642,0.00258369,0.00221991,-0.000363774
2573,0.000680665,0.0108485,0.00114925,0.00260357,0.00145432
2574,0.00283697,0.00853659,0.00226778,0.00114968,-0.00111809
2575,0.00347991,0.00171814,0.00139956,0.00226303,0.000863475
2576,0.00245194,0.0121703,0.00194641,0.00140778,-0.000538633
2577,0.0038896,0.00916027,0.00254161,0.00194677,-0.000594842
2578,0.00471112,0.0101604,0.00211038,0.00256816,0.000457773
2579,0.00203077,0.00619423,0.00216122,0.00211083,-5.03927e-05
2580,0.00208524,0.0079854,0.00262645,0.00217704,-0.000449418
2581,0.00673292,0.0109041,0.00256913,0.00260866,3.95349e-05
2582,0.000171508,0.000230614,0.00233128,0.00220024,-0.000131039
2584,0.00497955,0.00809997,0.00290768,0.00126379,-0.00164389
83,0.00253197,0.00256749,0.00254798,0.00228346,-0.000264517
43,0.0114779,0.0109366,0.00334793,0.00223424,-0.00111368
44,0.000123358,0.000188939,0.00187929,0.00186706,-1.22376e-05
45,6.87741e-06,9.51912e-06,0.00192744,0.00192488,-2.55753e-06
46,3.96792e-05,5.72036e-05,0.00177266,0.00177284,1.72528e-07
47,3.899e-05,4.88917e-05,0.00201221,0.00201153,-6.74743e-07
48,4.09993e-05,0.000137357,0.00160807,0.00161837,1.03033e-05
49,4.77278e-05,9.79813e-05,0.00142472,0.0014246,-1.20024e-07
50,2.64717e-05,4.27944e-05,0.00108774,0.0010875,-2.36556e-07
51,5.20667e-05,7.68054e-05,0.00190041,0.00190857,8.15862e-06
52,0.000226137,0.000339743,0.00217414,0.00217808,3.94671e-06
53,6.97723e-06,1.72546e-05,0.00204026,0.00204122,9.62755e-07
55,0.000112536,0.000138236,0.00244579,0.00246137,1.55782e-05
56,6.60931e-05,9.97602e-05,0.00220974,0.00220646,-3.27802e-06
57,0.000107646,0.000150303,0.00226374,0.00226254,-1.19605e-06
58,0.000131233,0.000216004,0.00223681,0.00225265,1.5843e-05
59,7.03686e-05,0.000114167,0.00243096,0.00243989,8.93511e-06
60,8.37781e-05,0.000121156,0.00233484,0.00233384,-1.00024e-06
61,7.45838e-05,0.000113589,0.00239873,0.00240343,4.70015e-06
62,4.18927e-05,7.00142e-05,0.002509,0.00250877,-2.29804e-07
63,0.00953215,0.0119964,0.00277687,0.00127732,-0.00149955
64,2.39658e-05,4.26298e-05,0.00127932,0.00127801,-1.30292e-06
65,6.75548e-05,9.78296e-05,0.00206801,0.00208005,1.20376e-05
66,4.90493e-05,7.43639e-05,0.00273854,0.00274207,3.53134e-06
69,2.43692e-05,3.57833e-05,0.00110176,0.00110201,2.46684e-07
70,2.99207e-05,5.87997e-05,0.00178704,0.00178731,2.69851e-07
71,7.06558e-05,5.84334e-05,0.00152121,0.00152151,3.02913e-07
72,4.39875e-05,6.51688e-05,0.00191699,0.0019173,3.11993e-07
73,0.000191868,0.000262048,0.00227847,0.00227079,-7.68481e-06
74,6.21246e-05,7.14086e-05,0.00194335,0.00194199,-1.36043e-06
75,5.16374e-05,6.21293e-05,0.00169732,0.00169732,-2.79397e-09
76,2.77332e-05,3.33058e-05,0.00185346,0.00185333,-1.33412e-07
77,5.46515e-05,8.04963e-05,0.00165647,0.00166585,9.37656e-06
78,4.50654e-05,7.98495e-05,0.00184209,0.00184421,2.11538e-06
79,5.83522e-05,9.88894e-05,0.002304,0.00230881,4.80702e-06
80,5.11479e-05,7.12141e-05,0.00224981,0.00224948,-3.35276e-07
81,8.46397e-05,0.000101682,0.00259691,0.00260949,1.25803e-05
82,0.00474787,0.00539702,0.00298943,0.00223067,-0.000758756
83,4.44106e-05,6.30201e-05,0.00173093,0.00173607,5.13671e-06
84,4.31787e-05,3.20293e-05,0.00159013,0.00156349,-2.66409e-05
85,1.93889e-05,2.98034e-05,0.00157763,0.00157852,8.85688e-07
86,4.15521e-05,8.83786e-05,0.0012628,0.00126318,3.88245e-07
87,8.06597e-05,0.000122963,0.00130071,0.0012775,-2.3213e-05
88,3.58119e-05,6.3877e-05,0.00162108,0.00162199,9.04896e-07
89,6.75227e-05,8.4565e-05,0.00180215,0.00180243,2.87779e-07
90,0.000113394,0.000157905,0.00200281,0.00199786,-4.94788e-06
91,5.48742e-05,4.00788e-05,0.00175888,0.00176429,5.40889e-06
92,5.86104e-05,7.17831e-05,0.00194973,0.00195485,5.12053e-06
93,4.08354e-05,5.97823e-05,0.00252727,0.00252798,7.0571e-07
95,0.00408414,0.0033323,0.00281542,0.00185064,-0.000964781
46,3.98114e-05,5.72636e-05,0.00177266,0.00177293,2.72994e-07
47,3.90901e-05,4.88375e-05,0.00201221,0.00201152,-6.89644e-07
48,4.0517e-05,0.00013662,0.00160807,0.00161839,1.03132e-05
49,4.7941e-05,9.8118e-05,0.00142473,0.00142462,-1.10362e-07
50,2.67104e-05,4.31778e-05,0.00108773,0.00108747,-2.57744e-07
51,5.20384e-05,7.64689e-05,0.0019004,0.00190855,8.15233e-06
52,0.000226107,0.000339746,0.00217413,0.0021781,3.97069e-06
54,7.08679e-05,0.000120875,0.00188175,0.00188239,6.34464e-07
55,0.000182549,0.000220992,0.00244579,0.00246811,2.23191e-05
56,6.62328e-05,9.97398e-05,0.00220975,0.00220645,-3.29479e-06
57,0.000107731,0.000150468,0.00226374,0.00226255,-1.19349e-06
58,0.000131267,0.000216175,0.0022368,0.00225261,1.58104e-05
59,7.00434e-05,0.000113762,0.00243096,0.00243983,8.87015e-06
60,8.38704e-05,0.000121338,0.00233483,0.00233383,-1.00676e-06
64,0.0100994,0.0126382,0.00303592,0.00187761,-0.00115831
66,4.76641e-05,6.46273e-05,0.00273113,0.00272415,-6.98562e-06
68,0.00641318,0.00646591,0.00333566,0.00271253,-0.000623125
70,8.76171e-05,0.000165514,0.00179165,0.00178732,-4.32623e-06
71,5.85377e-05,8.18019e-05,0.00152575,0.00152596,2.04775e-07
72,3.54475e-05,4.87928e-05,0.00193008,0.00193042,3.38536e-07
73,0.000174883,0.000241758,0.00227911,0.00227387,-5.23683e-06
74,0.000119565,0.000153433,0.00193369,0.00193712,3.4261e-06
75,5.28062e-05,8.00418e-05,0.00166499,0.00166727,2.28232e-06
76,6.48768e-05,9.4473e-05,0.00185645,0.00186317,6.71472e-06
79,0.000112578,0.000116143,0.00230081,0.00228161,-1.92004e-05
80,9.99193e-05,0.000137655,0.00217437,0.00217546,1.08895e-06
81,6.48298e-05,7.87749e-05,0.00259871,0.00259004,-8.67411e-06
83,0.00580867,0.00720182,0.00289105,0.00209659,-0.000794458
85,2.74291e-05,5.02701e-05,0.00211341,0.00211395,5.45057e-07
86,2.56893e-05,4.4233e-05,0.00212325,0.00212428,1.02865e-06
87,2.69548e-05,7.63238e-05,0.00187763,0.00187495,-2.68384e-06
88,3.88052e-05,6.4859e-05,0.00215277,0.00215253,-2.4098e-07
91,4.16752e-05,6.91903e-05,0.00231816,0.00231164,-6.52112e-06
95,0.00363605,0.00235819,0.00272992,0.00181245,-0.000917471
97,0.00275308,0.00279173,0.00294971,0.00263051,-0.000319204
99,0.00132292,0.00189317,0.00178767,0.0013282,-0.000459474
100,0.00204998,0.00300004,0.00275318,0.00248919,-0.000263989
102,0.00470392,0.0034281,0.00290463,0.002576,-0.000328628
105,3.47904e-05,7.05056e-05,0.00302896,0.00302891,-5.23869e-08
107,0.00253326,0.00247125,0.0019638,0.00169954,-0.000264268
109,0.00223287,0.00171152,0.00157841,0.00126146,-0.000316949
110,0.00256159,0.00248834,0.00170478,0.00145713,-0.000247657
111,0.00235399,0.00230444,0.00290319,0.00249413,-0.000409056
114,0.00225664,0.00178893,0.00201255,0.00161578,-0.000396765
115,0.002575,0.00211275,0.00181352,0.00132648,-0.000487044
120,2.5004e-05,0.000133331,0.00176377,0.00176416,3.9197e-07
121,2.53635e-05,2.78923e-05,0.00291404,0.00291409,4.6799e-08
123,0.00339477,0.0037761,0.00265116,0.00200048,-0.000650679
127,0.000231658,0.000347903,0.00231326,0.0022924,-2.08516e-05
128,0.000414487,0.000484395,0.00241018,0.00241043,2.55648e-07
129,1.29373e-05,5.01676e-05,0.00256464,0.00255782,-6.82077e-06
132,0.00440639,0.0063164,0.00198187,0.00115029,-0.000831577
133,0.00450391,0.00641317,0.00211703,0.00149746,-0.00061957
136,0.00492811,0.00712005,0.00227906,0.00185047,-0.000428587
137,0.00495953,0.00712636,0.00255333,0.00226062,-0.000292707
140,0.00232141,0.00222229,0.00209829,0.00138471,-0.000713582
144,0.00250412,0.00273391,0.00224499,0.0016263,-0.000618689
146,0.00267641,0.00290902,0.00202042,0.00144373,-0.000576688
147,0.00260116,0.00299351,0.00260164,0.00229026,-0.000311381
149,4.50582e-05,5.70072e-05,0.00171209,0.00171244,3.49944e-07
43,0.0114779,0.0109366,0.00334793,0.00223424,-0.00111368
45,8.81458e-05,6.15297e-05,0.00191496,0.00191525,2.94647e-07
46,4.50858e-05,8.92988e-05,0.00175345,0.00176678,1.33296e-05
47,3.98519e-05,4.18676e-05,0.00200868,0.00200532,-3.36301e-06
48,5.30464e-05,0.000141934,0.00160866,0.00161509,6.43206e-06
54,6.31292e-05,0.000111728,0.00187457,0.00187468,1.04192e-07
55,0.000101982,0.000159339,0.00245477,0.00245672,1.9467e-06
57,6.42887e-05,9.37954e-05,0.00225268,0.00225236,-3.16417e-07
60,0.000281419,0.000412758,0.00233764,0.00233265,-4.99026e-06
61,5.83723e-05,8.9359e-05,0.00240328,0.00240557,2.28593e-06
70,0.0028196,0.00203905,0.00197969,0.00108567,-0.000894019
71,0.0031109,0.00267716,0.0022879,0.00138549,-0.000902411
72,0.00290208,0.00244371,0.00259794,0.00174472,-0.000853223
74,0.00102374,0.0012107,0.00206685,0.0013391,-0.000727751
78,0.00206812,0.00101588,0.00245228,0.00171715,-0.000735124
79,0.00210151,0.0012202,0.00248442,0.00199972,-0.000484702
80,0.00195138,0.000875564,0.00258183,0.00186943,-0.000712404
82,0.00271486,0.00330529,0.00222114,0.00175379,-0.000467353
83,0.00299006,0.00372585,0.00222822,0.00179068,-0.000437545
84,0.00338136,0.00445471,0.00253658,0.00210863,-0.000427953
86,0.00254435,0.00357842,0.00220843,0.00185219,-0.000356246
87,0.00227298,0.00324862,0.00183527,0.00144089,-0.000394375
88,0.00279952,0.00402919,0.00250983,0.00238414,-0.000125688
90,0.00295976,0.00172149,0.00253142,0.00193409,-0.000597327
92,5.30172e-05,0.000119236,0.00199459,0.00199725,2.66032e-06
93,0.00200435,0.00221517,0.00226001,0.00182962,-0.000430399
94,0.00200103,0.00218417,0.00232765,0.00193303,-0.000394621
95,0.00210741,0.00236997,0.00218281,0.00179801,-0.000384798
96,0.00182971,0.00186298,0.00223915,0.00184538,-0.000393773
97,0.00196764,0.00195104,0.00231885,0.00205661,-0.000262239
98,0.00202943,0.00206956,0.00242179,0.00216813,-0.000253665
99,0.00203735,0.00195956,0.00248717,0.00231126,-0.000175906
100,0.00227665,0.00210552,0.00315404,0.00302808,-0.000125965
102,2.87047e-05,6.41389e-05,0.00256159,0.00255677,-4.8175e-06
105,0.00187056,0.00155685,0.00319726,0.00289966,-0.000297591
107,0.00345206,0.00360983,0.00222266,0.00159707,-0.000625597
108,0.00335718,0.0033467,0.00191441,0.00120899,-0.000705421
109,0.00313471,0.00291969,0.00163636,0.0011437,-0.000492655
110,0.00335476,0.00330297,0.00201398,0.00141086,-0.000603121
111,0.00379915,0.00401552,0.00283561,0.00236342,-0.000472181
114,0.00351862,0.00518121,0.00230808,0.00160087,-0.000707203
118,0.00189445,0.00232943,0.00294989,0.00237995,-0.000569944
120,5.02542e-05,7.3939e-05,0.00138251,0.00138267,1.55298e-07
121,0.00100543,0.000329986,0.0017054,0.00119808,-0.000507323
122,0.000943903,0.000488737,0.00188051,0.0015765,-0.000304008
123,0.00106622,0.000357145,0.0023651,0.00229712,-6.79852e-05
124,0.000900517,0.000340643,0.00190581,0.0017938,-0.000112007
125,0.00133768,0.000675149,0.00242159,0.00219207,-0.000229517
128,2.91639e-05,3.04031e-05,0.00241395,0.00241002,-3.93181e-06
129,0.00183747,0.00230268,0.00264618,0.00247129,-0.000174891
130,0.00191922,0.00233114,0.00273426,0.00250109,-0.000233175
131,0.00150506,0.00148683,0.00277247,0.00266219,-0.000110283
134,3.29316e-05,8.83297e-05,0.00150648,0.00150355,-2.93262e-06
138,0.00182107,0.00289613,0.00219275,0.00170174,-0.000491013
142,0.00184589,0.00283925,0.00239615,0.00194333,-0.000452824
147,0.0011987,0.00224154,0.00262633,0.00242649,-0.000199834
150,0.0029659,0.00381054,0.00194057,0.00112261,-0.000817958
151,0.00284144,0.00371339,0.00251345,0.00179217,-0.000721281
161,0.00184318,0.00186396,0.00239965,0.00200046,-0.000399193
180,0.00100809,0.00126146,0.00248356,0.00190926,-0.000574305
35,4.19991e-05,4.63e-05,0.00202561,0.00202583,2.21655e-07
43,0.0120161,0.011797,0.00336426,0.00222716,-0.0011371
44,3.46924e-05,8.1545e-05,0.00187912,0.00187894,-1.82306e-07
45,9.58472e-05,6.76954e-05,0.00191295,0.00191875,5.79492e-06
46,4.47083e-05,6.9837e-05,0.00176511,0.00176534,2.2992e-07
47,4.69644e-05,6.79567e-05,0.00199894,0.00199911,1.73459e-07
48,3.49987e-05,0.000119902,0.00162331,0.00162387,5.60773e-07
49,5.15511e-05,0.000103796,0.00142163,0.00142222,5.92088e-07
51,0.000115373,0.000132691,0.00190515,0.00190314,-2.00304e-06
52,9.12254e-05,0.000109715,0.00220583,0.00218601,-1.98223e-05
53,0.000111162,0.000164189,0.00203893,0.00203897,3.72529e-08
54,6.28162e-05,0.000109886,0.00187712,0.00187696,-1.62399e-07
55,8.81483e-05,0.000129076,0.00245843,0.00245663,-1.80304e-06
56,0.000220461,0.000360558,0.00220353,0.00221119,7.66153e-06
57,0.000154735,0.000217051,0.00226839,0.00226002,-8.36514e-06
58,0.000187487,0.000276463,0.00224843,0.00226148,1.30527e-05
59,0.00011695,0.00018105,0.00242301,0.00240923,-1.37845e-05
60,6.24145e-05,9.58075e-05,0.00232736,0.00232471,-2.65473e-06
61,6.30461e-05,8.67614e-05,0.00240331,0.00240767,4.36604e-06
62,2.05482e-05,5.05729e-05,0.00248875,0.00248817,-5.77653e-07
63,0.000154393,0.000220908,0.00226218,0.0022513,-1.08776e-05
64,9.30687e-05,0.000128464,0.00225215,0.00223603,-1.61186e-05
65,0.000112304,0.000137772,0.00268692,0.00267263,-1.42958e-05
66,0.0124185,0.0136878,0.00265002,0.00130041,-0.0013496
68,0.0038824,0.0035409,0.00303728,0.00267011,-0.000367163
69,3.81579e-05,4.54295e-05,0.00109494,0.00109508,1.3446e-07
70,0.000639404,0.000964148,0.00238787,0.00173491,-0.000652967
71,0.00117128,0.00172223,0.00209906,0.00148546,-0.000613604
72,0.00080988,0.0012799,0.00244021,0.00192249,-0.000517717
73,0.000608159,0.00129357,0.00275906,0.00227095,-0.000488114
74,1.44097e-05,4.42643e-05,0.00107472,0.00107532,6.03031e-07
75,0.00218658,0.00272091,0.00237427,0.00180391,-0.00057036
76,0.00221125,0.00272264,0.00279058,0.00236385,-0.000426738
77,3.99786e-05,6.75611e-05,0.000935296,0.00093535,5.41331e-08
78,0.00166691,0.00186504,0.0022688,0.0017428,-0.000525994
79,0.00178229,0.00196562,0.00249552,0.00205438,-0.000441143
80,0.00141578,0.00139831,0.00248426,0.00183,-0.000654254
81,0.00149413,0.00131217,0.00248115,0.00189902,-0.000582133
82,0.00191784,0.00199696,0.00257829,0.00221699,-0.000361295
83,3.29844e-05,4.66746e-05,0.00167678,0.00167702,2.45171e-07
84,5.90869e-05,7.94468e-05,0.00164827,0.00163295,-1.53136e-05
85,1.26658e-05,2.56838e-05,0.00153555,0.00153587,3.19793e-07
86,2.79283e-05,4.81929e-05,0.00126737,0.00126745,8.2422e-08
87,5.44186e-05,7.62414e-05,0.0013226,0.00132841,5.80703e-06
88,6.1273e-05,8.64259e-05,0.00166643,0.00166663,1.97906e-07
89,7.32859e-05,7.1342e-05,0.00180806,0.00180947,1.41026e-06
90,5.64755e-05,8.49237e-05,0.00205704,0.00205768,6.3749e-07
91,5.1812e-05,6.78899e-05,0.00178966,0.00179928,9.61951e-06
92,8.48583e-05,6.64972e-05,0.0019671,0.00196745,3.42261e-07
93,4.68514e-05,6.27085e-05,0.00251774,0.00251796,2.20025e-07
94,0.000165976,0.000273777,0.00221282,0.00219656,-1.62544e-05
95,0.00346243,0.00228418,0.00268089,0.00190303,-0.00077786
96,9.29863e-05,0.000122352,0.00248603,0.00247365,-1.23882e-05
97,0.005444,0.00504106,0.00302316,0.00255762,-0.000465541
98,2.82246e-05,0.000125829,0.00106887,0.00106887,5.00586e-09
99,4.10482e-05,7.27135e-05,0.00125343,0.00125301,-4.18397e-07
100,0.000548961,0.000758801,0.00247157,0.00247256,9.93488e-07
101,1.01604e-05,1.88776e-05,0.00177206,0.0017718,-2.55532e-07
43,0.0114779,0.0109366,0.00334793,0.00223424,-0.00111368
44,0.000125134,0.000177729,0.00189523,0.0018715,-2.37279e-05
45,8.54537e-05,5.60823e-05,0.00192427,0.00192473,4.61936e-07
46,4.55646e-05,7.01724e-05,0.00177203,0.00177307,1.04227e-06
47,4.2536e-05,5.77697e-05,0.00201303,0.00201315,1.16648e-07
48,3.67785e-05,0.000120366,0.00162453,0.00162573,1.20106e-06
49,5.23777e-05,0.000103238,0.00142598,0.00142604,5.97211e-08
50,2.96372e-05,4.70552e-05,0.00108971,0.00108979,8.71951e-08
51,0.00011518,0.000135649,0.00190716,0.00190544,-1.71969e-06
52,0.000267984,0.000431717,0.00217259,0.00218391,1.13153e-05
53,1.68355e-05,2.86706e-05,0.0020514,0.00205005,-1.35251e-06
54,6.55644e-05,0.00011206,0.00188118,0.00188142,2.41213e-07
55,0.000167988,0.00020199,0.0024601,0.00245758,-2.51667e-06
56,0.000222383,0.000362006,0.00220081,0.00220849,7.68574e-06
57,0.000101903,0.000142722,0.00226522,0.00226445,-7.73696e-07
58,0.000211284,0.00031358,0.00224049,0.00225115,1.0659e-05
59,0.000107211,0.000155531,0.00242454,0.00244363,1.90926e-05
60,6.82384e-05,9.92043e-05,0.00233304,0.00232944,-3.597e-06
61,0.000111306,0.000143529,0.0023983,0.00240048,2.17301e-06
62,3.66798e-05,6.50985e-05,0.00250712,0.00250749,3.68571e-07
63,0.00951843,0.0119726,0.00277401,0.00127667,-0.00149734
64,2.58094e-05,4.52267e-05,0.00127711,0.00127688,-2.30852e-07
65,7.37369e-05,0.000152474,0.00207886,0.00207523,-3.6282e-06
66,3.06529e-05,4.47438e-05,0.00274618,0.00275044,4.25708e-06
67,4.81731e-05,4.667e-05,0.00209559,0.00210054,4.95184e-06
68,0.00547318,0.00540682,0.00327721,0.00262448,-0.000652728
69,1.46485e-05,2.20252e-05,0.00111984,0.00111992,8.06758e-08
70,3.92144e-05,6.21487e-05,0.00180226,0.00180228,1.47847e-08
71,6.77475e-05,0.000111071,0.0015665,0.00156699,4.8487e-07
72,4.52133e-05,7.25319e-05,0.00194723,0.00194695,-2.78931e-07
73,8.80734e-05,0.000124903,0.00229532,0.00229357,-1.74949e-06
74,5.84393e-05,6.49095e-05,0.00195418,0.001954,-1.83936e-07
75,2.27164e-06,5.26544e-06,0.00171435,0.00171441,5.82077e-08
76,3.25561e-05,4.77837e-05,0.0018818,0.00187676,-5.03578e-06
77,2.22323e-05,4.25401e-05,0.00165501,0.00166274,7.72695e-06
78,4.19969e-05,5.96133e-05,0.00185572,0.00185553,-1.8382e-07
79,6.7534e-05,0.000110397,0.00232564,0.00232463,-1.01211e-06
80,4.09114e-05,6.34519e-05,0.00222158,0.00222707,5.48922e-06
81,5.71253e-05,8.31358e-05,0.00263099,0.00262505,-5.93741e-06
82,8.15871e-05,4.6737e-05,0.00219572,0.0022132,1.74756e-05
83,0.00626445,0.007525,0.00287702,0.00208197,-0.000795051
84,5.9665e-05,9.47821e-05,0.00148819,0.0014969,8.70426e-06
85,2.88979e-05,4.06707e-05,0.00206896,0.00206926,3.0268e-07
86,5.52488e-05,7.48214e-05,0.0021229,0.00212314,2.41911e-07
87,5.99608e-05,0.000116731,0.00184154,0.00184191,3.62867e-07
88,4.2166e-05,6.72103e-05,0.00211389,0.00211377,-1.23633e-07
89,0.000176855,0.000230613,0.00221806,0.00223136,1.33042e-05
90,4.82536e-05,5.91422e-05,0.00235667,0.00235629,-3.74159e-07
91,6.41023e-05,0.000147478,0.00227051,0.00226656,-3.95137e-06
92,8.73014e-05,0.000149028,0.00217779,0.0021724,-5.39934e-06
93,3.80711e-05,5.27571e-05,0.00274399,0.00274427,2.80095e-07
94,5.4214e-05,8.18177e-05,0.00217147,0.00217149,1.95578e-08
95,0.00483287,0.00443868,0.00279819,0.00187969,-0.000918502
96,9.46765e-05,0.000140611,0.00248828,0.00248821,-6.56582e-08
97,0.00342843,0.00396763,0.00295325,0.0026023,-0.000350948
98,4.64372e-05,8.07728e-05,0.00108246,0.00108273,2.69152e-07
43,0.0117585,0.0113781,0.00333963,0.00223462,-0.00110501
44,5.16503e-05,9.58723e-05,0.00187172,0.00187123,-4.9232e-07
45,0.000116681,0.000129537,0.00191083,0.0019153,4.46604e-06
46,4.1701e-05,6.33805e-05,0.00176313,0.0017638,6.67642e-07
47,4.4523e-05,6.34883e-05,0.00199314,0.0019935,3.67872e-07
48,4.69803e-05,0.000140418,0.00160584,0.0016166,1.07585e-05
49,5.38901e-05,0.000102352,0.00142244,0.00142303,5.88945e-07
50,3.06519e-05,4.86177e-05,0.00108104,0.00108162,5.76023e-07
51,8.67882e-05,0.000117958,0.00189676,0.0018959,-8.54721e-07
52,0.000249835,0.000362233,0.00218243,0.00218014,-2.29711e-06
54,6.05792e-05,0.000106211,0.00187904,0.00187904,-1.28057e-09
55,0.000131968,0.00019491,0.00246756,0.00247572,8.15839e-06
56,0.000148338,0.000212202,0.002232,0.00222445,-7.54953e-06
57,0.000108838,0.000164684,0.00226937,0.00225883,-1.05398e-05
58,9.39786e-05,0.000136956,0.00228391,0.00228441,4.98723e-07
59,4.72402e-05,7.92352e-05,0.00245013,0.00244119,-8.94023e-06
60,6.32429e-05,8.89965e-05,0.00234332,0.00233861,-4.71412e-06
61,6.97992e-05,9.24757e-05,0.00241461,0.00242152,6.916e-06
62,0.000175665,0.000223112,0.00251549,0.00251362,-1.87242e-06
63,0.00956989,0.012019,0.00275449,0.00128055,-0.00147394
64,2.88836e-05,4.71476e-05,0.00128121,0.00128123,2.18861e-08
65,4.48032e-05,8.23988e-05,0.00209804,0.00209748,-5.58095e-07
66,0.00016114,0.000255885,0.00276324,0.00277386,1.06215e-05
67,6.3713e-05,7.07846e-05,0.00206622,0.00206628,5.33182e-08
68,0.00561032,0.00551359,0.00331594,0.00267455,-0.000641389
69,1.98733e-05,2.75214e-05,0.00110246,0.00110229,-1.70781e-07
70,0.00011401,0.000202816,0.00178496,0.00177821,-6.74836e-06
71,0.00012849,0.000212516,0.00151887,0.00152503,6.16605e-06
72,6.39474e-05,9.35702e-05,0.00193291,0.0019332,2.93949e-07
73,7.10107e-05,0.000118309,0.0022973,0.00231644,1.91377e-05
74,0.000190882,0.000235187,0.00193986,0.00194671,6.84883e-06
75,4.56859e-05,5.14471e-05,0.00171989,0.00172004,1.51689e-07
76,0.00011362,0.000130426,0.00187719,0.00187485,-2.33506e-06
77,3.12457e-05,4.33099e-05,0.0016779,0.00168479,6.88934e-06
78,2.80591e-05,4.66301e-05,0.0018294,0.00182938,-1.78115e-08
79,0.00044667,0.000609906,0.00225726,0.00226966,1.23919e-05
80,3.67501e-05,5.80054e-05,0.00223332,0.00223238,-9.42033e-07
81,6.81643e-05,0.00010298,0.00258339,0.00258314,-2.58209e-07
82,9.41965e-05,5.61182e-05,0.00221138,0.00220405,-7.32392e-06
83,0.00657233,0.00814565,0.00283263,0.00209417,-0.000738452
84,4.0646e-05,6.23905e-05,0.00148272,0.00148263,-9.28994e-08
85,7.24013e-05,0.000131786,0.00206922,0.00207331,4.0934e-06
86,7.58905e-05,0.000109125,0.00208294,0.00207719,-5.75371e-06
87,6.67505e-05,0.000116073,0.00181266,0.00182215,9.49053e-06
88,4.28058e-05,6.50927e-05,0.00212374,0.00212366,-8.12579e-08
89,6.62457e-05,7.01282e-05,0.00227323,0.00227308,-1.48779e-07
90,8.30733e-05,4.80474e-05,0.00233633,0.00233131,-5.02216e-06
91,6.82783e-05,0.000101558,0.00224215,0.00224706,4.91063e-06
92,6.58346e-05,0.000115224,0.00214224,0.00214246,2.24682e-07
93,7.51021e-05,0.000106974,0.00268871,0.00268924,5.29923e-07
94,0.000254573,0.000425499,0.00217711,0.00213963,-3.74878e-05
95,0.00436339,0.00373284,0.00281601,0.00182303,-0.000992976
96,0.000253436,0.000295198,0.00242751,0.00241611,-1.13917e-05
97,0.00333695,0.00360038,0.00311061,0.00258815,-0.000522465
98,3.85647e-05,6.53814e-05,0.00107559,0.00107536,-2.25496e-07
99,0.00115029,0.00112807,0.00173955,0.0012978,-0.000441747
100,0.00156695,0.00204016,0.0027261,0.00249977,-0.000226328
101,9.12693e-05,0.000122878,0.00125903,0.00125918,1.44355e-07
102,0.00423879,0.00292832,0.00304152,0.00258548,-0.000456035
103,0.000155445,0.000195766,0.00316342,0.00314128,-2.21378e-05
104,1.4501e-05,3.2021e-05,0.00216951,0.00216269,-6.82264e-06
105,0.00227686,0.0022902,0.00332171,0.00303579,-0.000285924
106,3.6681e-05,4.55791e-05,0.00166266,0.00166274,7.81147e-08
107,0.000334051,0.000409581,0.00172025,0.00172035,9.91859e-08
108,0.00319134,0.00323044,0.00182124,0.00125943,-0.000561817
109,0.00341628,0.00348676,0.00167871,0.001248,-0.000430707
110,0.00342165,0.00349855,0.00199874,0.00146879,-0.000529945
111,0.00335197,0.00329565,0.00283,0.00251814,-0.000311859
112,7.36627e-05,6.92416e-05,0.000674354,0.000676223,1.86882e-06
113,0.0042547,0.00459894,0.00172683,0.000954831,-0.000771997
114,0.00467808,0.00519733,0.00208693,0.00163737,-0.000449563
115,0.00411355,0.00443142,0.00190475,0.0013533,-0.000551456
116,0.00537097,0.00631065,0.0030113,0.00279002,-0.000221273
117,2.33483e-05,2.69247e-05,0.00157549,0.0015762,7.08504e-07
118,0.00212655,0.00166602,0.00308587,0.00246016,-0.000625707
119,0.000319561,0.000477556,0.00245575,0.00244587,-9.88017e-06
120,0.00126041,0.00123559,0.001913,0.00141113,-0.000501872
121,0.00149564,0.00140597,0.00173231,0.00121456,-0.00051775
122,0.00102337,0.00101461,0.00186849,0.00156252,-0.000305969
123,0.0015019,0.00163321,0.00243502,0.00232062,-0.000114406
124,0.00115172,0.000989999,0.00203785,0.00176306,-0.000274788
125,0.00135917,0.00111911,0.00244083,0.00221583,-0.000224997
126,0.0016265,0.001503,0.00263258,0.00242821,-0.000204363
127,3.61226e-05,3.28401e-05,0.00105256,0.0010532,6.46687e-07
128,0.000925243,0.0010873,0.00263758,0.00246585,-0.00017173
129,0.00157082,0.00219515,0.00267717,0.00245657,-0.000220602
130,0.00230921,0.00329371,0.00272771,0.00258583,-0.000141875
131,0.00210608,0.00260506,0.00290565,0.00267041,-0.000235241
132,0.00131695,0.00154032,0.00281028,0.00270946,-0.000100822
133,1.68505e-05,6.46362e-05,0.000943208,0.000943591,3.83297e-07
134,0.00246826,0.00340956,0.00232749,0.00156633,-0.000761163
135,0.00221601,0.0030605,0.00157245,0.00100988,-0.000562573
136,0.00206693,0.00283356,0.0018683,0.00134408,-0.000524226
137,0.00265009,0.00363616,0.00244927,0.00199922,-0.000450053
138,0.00226347,0.00304426,0.00229633,0.00173904,-0.000557291
139,0.00227878,0.00302807,0.00218209,0.00172064,-0.000461448
140,0.00255495,0.00352643,0.00208857,0.00162966,-0.000458907
141,0.00260242,0.00366945,0.00234277,0.00181355,-0.000529225
142,0.00259488,0.00358617,0.00239436,0.00207929,-0.000315063
143,0.0022709,0.0030958,0.00218222,0.00197719,-0.00020503
144,0.00245854,0.00335825,0.00222414,0.00200365,-0.000220486
145,0.00265236,0.00375395,0.00247864,0.00220581,-0.000272828
146,0.00256299,0.00368483,0.00260037,0.00229573,-0.00030464
147,3.96836e-05,6.73412e-05,0.00140789,0.0014109,3.01015e-06
148,0.00126933,0.00196827,0.00183756,0.00115129,-0.00068626
149,0.00178967,0.00271809,0.00257969,0.00210997,-0.000469712
43,0.0116675,0.0113378,0.00334793,0.00231277,-0.00103515
44,0.000247739,0.000354142,0.00189036,0.00201442,0.00012406
45,0.000171287,0.000167751,0.00191916,0.0020472,0.000128039
46,0.000152423,0.000268741,0.00175731,0.00184461,8.72922e-05
47,0.000266995,0.000313544,0.00201306,0.00208486,7.18057e-05
48,0.000224187,0.000284918,0.00161203,0.00169216,8.0138e-05
49,6.85192e-05,0.000107422,0.00142619,0.00143395,7.7635e-06
50,2.93196e-05,4.67925e-05,0.00108698,0.00108668,-3.00119e-07
51,0.000198516,0.000122829,0.00190715,0.00216349,0.000256342
52,0.000317552,0.000540006,0.00218527,0.00248509,0.000299817
53,0.000638133,0.000897175,0.00204645,0.00244386,0.000397416
54,0.000325497,0.000361594,0.00187776,0.00216707,0.000289308
55,0.000786173,0.00128027,0.00245883,0.00302092,0.000562088
56,0.000234813,0.000368474,0.00221912,0.00268454,0.000465411
57,0.000492934,0.000678165,0.00225622,0.00268733,0.000431102
58,0.000782275,0.0013088,0.00223995,0.00289977,0.000659818
59,0.000808391,0.00127771,0.00247516,0.00321664,0.000741483
60,0.000421146,0.000652235,0.00233446,0.00285283,0.000518369
61,0.000467252,0.000610308,0.00240385,0.00280892,0.000405073
62,0.000335256,0.00061684,0.00248109,0.00281791,0.000336821
63,0.000937081,0.00127604,0.00227247,0.00256796,0.000295499
64,0.000526035,0.000796243,0.00221765,0.00260569,0.000388033
65,0.000638933,0.00114452,0.0026926,0.00315439,0.000461792
66,1.59402e-05,3.00059e-05,0.00129825,0.00129791,-3.37604e-07
67,0.0143081,0.0160303,0.00284929,0.00162665,-0.00122264
68,4.74377e-05,2.64057e-05,0.0012917,0.00130036,8.66049e-06
69,0.000103255,0.000115128,0.000987207,0.00100023,1.30228e-05
70,0.000107676,0.000174058,0.00109548,0.00115318,5.77067e-05
71,0.000154037,0.000194574,0.00137752,0.00142623,4.87093e-05
72,0.000118088,0.00014838,0.00175843,0.00175565,-2.77837e-06
73,0.000259647,0.000328661,0.00170658,0.00178577,7.91956e-05
74,0.000244428,0.000323706,0.00153738,0.00166114,0.000123758
75,0.000109178,0.000172164,0.00160849,0.00170783,9.93353e-05
76,0.000206636,0.000237132,0.0020759,0.00236862,0.000292724
77,0.000470081,0.000550445,0.0019897,0.00226537,0.000275673
78,0.00062021,0.000939101,0.0022692,0.00252397,0.00025477
79,0.000742262,0.00109377,0.0022219,0.00247361,0.00025171
80,0.000208482,0.000304545,0.00210412,0.00232969,0.000225567
81,0.000315764,0.000483488,0.00240454,0.0025848,0.00018026
82,0.000508355,0.000698331,0.00239641,0.00274026,0.000343851
83,0.000140624,0.000371321,0.0027733,0.00330198,0.000528677
84,7.12206e-05,3.43526e-05,0.00153659,0.00154594,9.35304e-06
85,0.00270081,0.00331747,0.00286717,0.00210129,-0.000765872
86,1.42889e-05,5.62636e-05,0.00134601,0.00134631,2.9488e-07
87,0.00339512,0.00306669,0.00244867,0.00138714,-0.00106153
88,0.00301059,0.00255654,0.00287671,0.00216483,-0.000711885
89,0.000132762,0.000198027,0.00155642,0.0015773,2.08862e-05
90,0.00179421,0.00232475,0.00244639,0.00201177,-0.000434614
91,0.0023764,0.00311702,0.00222428,0.00164349,-0.000580791
92,0.00203726,0.00253101,0.00168214,0.00116351,-0.000518623
93,0.00253955,0.00308522,0.00203489,0.00174204,-0.000292849
94,0.00241983,0.00302604,0.00326166,0.00335851,9.68503e-05
95,3.57915e-05,6.85834e-05,0.00133113,0.00133096,-1.74972e-07
96,0.00362934,0.00323519,0.00261435,0.00215505,-0.000459303
97,5.10339e-05,7.15841e-05,0.00122371,0.00121783,-5.87839e-06
98,0.000119293,0.000141737,0.00110554,0.00113556,3.0024e-05
99,6.14419e-05,8.68218e-05,0.0014397,0.00146628,2.65712e-05
100,0.000348852,0.000406355,0.00225137,0.00232673,7.5361e-05
101,7.52944e-05,9.2757e-05,0.00167325,0.00176914,9.58923e-05
102,0.000160889,0.000205572,0.00147652,0.00154931,7.27868e-05
103,0.00135458,0.00180836,0.0029274,0.00318289,0.00025549
104,0.000633931,0.000967655,0.00217006,0.00225713,8.70684e-05
105,0.00294398,0.00274172,0.00343415,0.00313111,-0.000303043
106,0.000108023,8.62096e-05,0.00167075,0.0017029,3.2147e-05
107,0.000282954,0.000478483,0.00166952,0.00170497,3.54514e-05
108,2.22917e-05,5.14279e-05,0.00124066,0.00124052,-1.43191e-07
109,6.7468e-05,0.000128298,0.00118033,0.00122785,4.75227e-05
110,9.31581e-05,0.000113993,0.00150759,0.00159861,9.10239e-05
111,0.000162045,0.000303866,0.00256272,0.00267242,0.000109702
112,6.80157e-05,6.53322e-05,0.00063509,0.000637698,2.60794e-06
113,3.58558e-05,4.6341e-05,0.000903704,0.000901992,-1.71241e-06
114,0.00402505,0.00401596,0.00229938,0.00174315,-0.00055623
115,0.00444538,0.00468421,0.00202041,0.00135914,-0.000661276
116,0.00543556,0.00633187,0.0029121,0.00282008,-9.20249e-05
117,1.76707e-05,3.3813e-05,0.00156613,0.00156788,1.74681e-06
118,0.00193507,0.00177969,0.00305253,0.00244438,-0.000608149
119,0.000364259,0.000573612,0.00237451,0.00243602,6.15069e-05
120,0.000185267,0.000267791,0.0014305,0.00146743,3.69292e-05
121,0.00040417,0.000589803,0.00113219,0.0012564,0.000124209
122,0.000198109,0.000274433,0.00160543,0.00161975,1.43134e-05
123,0.000368595,0.000539187,0.00224517,0.00239945,0.000154288
124,0.000316412,0.000472648,0.00169701,0.00183783,0.000140826
125,0.000304152,0.000420547,0.00205245,0.00234857,0.000296127
126,0.000538385,0.000710271,0.00233985,0.00264616,0.000306311
127,0.000244079,0.000326613,0.00204835,0.00238313,0.000334782
128,0.000168241,0.000205984,0.00262198,0.00302525,0.000403274
129,8.77553e-05,0.000121962,0.00121193,0.00122162,9.68669e-06
130,0.00121878,0.00207551,0.00232232,0.00140318,-0.000919141
131,0.00129684,0.0021376,0.00218004,0.00132224,-0.000857804
132,0.00138489,0.00235421,0.00242909,0.00163753,-0.000791561
133,0.00151118,0.00247654,0.00247224,0.00177328,-0.000698959
134,0.00134385,0.00238536,0.00250909,0.00201955,-0.000489537
135,6.884e-05,8.94327e-05,0.00147363,0.00148543,1.17979e-05
136,0.00645394,0.00831863,0.00181293,0.000906677,-0.000906257
137,0.00652194,0.00833764,0.00169291,0.00089194,-0.000800971
138,0.00680302,0.00885539,0.00243359,0.00200933,-0.000424262
139,0.00684157,0.0087526,0.00253865,0.00211355,-0.000425107
140,8.71759e-05,0.000156902,0.0013663,0.0013919,2.56035e-05
141,0.00189739,0.00192163,0.00224172,0.00141536,-0.000826367
142,0.00230333,0.00262527,0.00210656,0.00144193,-0.000664635
143,0.00198442,0.00191681,0.00192065,0.0013463,-0.000574356
144,0.0018545,0.00157345,0.00201221,0.00151236,-0.00049985
145,0.00189998,0.00179871,0.00249347,0.00219253,-0.000300936
146,0.00244738,0.00280149,0.00241742,0.00207418,-0.000343241
147,0.00205268,0.00193121,0.00260305,0.0025547,-4.83531e-05
148,6.06203e-05,3.63314e-05,0.000952269,0.000952579,3.09956e-07
149,0.000775108,0.000867964,0.00207111,0.00166957,-0.000401539
150,0.000847098,0.000927639,0.00160547,0.00116125,-0.000444227
151,0.00066595,0.000807783,0.00227872,0.00192187,-0.000356852
152,0.00168185,0.00219581,0.00383107,0.00400783,0.000176758
153,0.00122989,0.00154233,0.00253171,0.00258219,5.04786e-05
154,0.000438635,0.000611639,0.00233313,0.00259501,0.000261876
155,0.000303417,0.00110331,0.00273609,0.00263443,-0.000101662
156,0.00039358,0.000746612,0.00313603,0.0031158,-2.02376e-05
157,0.000606618,0.000806999,0.00262793,0.00244216,-0.000185776
158,0.0011904,0.00163161,0.00259772,0.00254809,-4.96274e-05
159,0.000846847,0.00124057,0.00254709,0.0025383,-8.79634e-06
160,0.000254064,0.000415449,0.00118953,0.00119695,7.42136e-06
161,0.00177762,0.00116024,0.00238509,0.00215769,-0.0002274
162,0.00189465,0.00129717,0.00255839,0.002542,-1.63869e-05
163,0.0021693,0.00200813,0.00250088,0.0020472,-0.000453678
164,0.00201888,0.00158546,0.00244581,0.00192855,-0.000517261
165,0.00200503,0.0017065,0.00229992,0.00189717,-0.000402749
166,0.00198061,0.00171334,0.00268663,0.00246366,-0.000222968
167,0.000257001,0.000370352,0.000734278,0.000791761,5.74832e-05
168,5.85195e-05,8.72255e-05,0.00137986,0.00138581,5.95627e-06
169,0.0013724,0.00173343,0.00263324,0.00225684,-0.0003764
170,0.00150229,0.0018215,0.00239735,0.00203628,-0.000361071
171,0.00145009,0.00177206,0.00282091,0.00283898,1.80702e-05
172,0.00140524,0.00166205,0.00251718,0.00224299,-0.000274187
173,9.17051e-05,0.000145247,0.00102938,0.00104633,1.69434e-05
174,0.00081204,0.000960842,0.00225103,0.00175158,-0.000499446
176,0.000541411,0.000858371,0.00221277,0.00164395,-0.000568819
178,0.000692656,0.000614249,0.00221584,0.00204669,-0.000169156
179,0.000818327,0.000670332,0.00237383,0.00234744,-2.63872e-05
180,0.00100728,0.00075968,0.00264701,0.00275554,0.000108524
184,0.00218988,0.00245875,0.00184139,0.00141921,-0.000422176
188,0.00243841,0.00296188,0.00223987,0.00212984,-0.000110026
189,0.00254032,0.00301886,0.00191655,0.00195029,3.37381e-05
190,0.00244973,0.00290808,0.00233716,0.00219237,-0.000144795
191,0.00253738,0.00349863,0.00260824,0.00273761,0.000129366
192,8.65069e-05,0.000136227,0.00172785,0.00175498,2.71288e-05
193,7.522e-05,8.60909e-05,0.00145712,0.00148971,3.25849e-05
194,0.00151725,0.002194,0.00241556,0.00198491,-0.000430641
195,0.000820539,0.00108379,0.00194268,0.00137212,-0.000570565
196,0.000801497,0.00108288,0.0021407,0.0018772,-0.000263501
197,0.000763462,0.000887108,0.00233213,0.00212167,-0.00021046
41,4.96235e-05,7.50769e-05,0.0020362,0.002037,8.00937e-07
42,0.000215497,0.000258006,0.00348447,0.00347579,-8.68738e-06
43,0.0101827,0.0089173,0.00343563,0.00222685,-0.00120878
44,4.91613e-05,9.05444e-05,0.00190213,0.00190193,-1.96742e-07
45,3.95973e-06,5.25552e-06,0.00192137,0.00191902,-2.35671e-06
46,4.46751e-05,5.33732e-05,0.00175438,0.0017545,1.23051e-07
47,3.75753e-05,4.50252e-05,0.00198425,0.00198662,2.36952e-06
48,3.11481e-05,0.000101007,0.00160961,0.00160955,-5.71599e-08
49,5.35283e-05,0.000106252,0.00141274,0.00141304,3.01981e-07
50,2.75263e-05,4.38064e-05,0.00109024,0.00109052,2.78465e-07
51,0.000169848,0.000211921,0.0019312,0.00194479,1.3593e-05
52,6.19774e-05,0.000101355,0.00216481,0.00216488,6.51926e-08
53,5.89429e-06,1.64491e-05,0.00209693,0.00209768,7.46222e-07
54,3.10525e-05,5.16528e-05,0.00191149,0.00191148,-1.6531e-08
55,4.36808e-05,6.51977e-05,0.00248631,0.00248599,-3.23402e-07
56,8.28612e-05,0.000108971,0.0022952,0.00228532,-9.87318e-06
57,0.000398539,0.000554841,0.00226023,0.00227012,9.88902e-06
58,0.000158196,0.000192144,0.00229763,0.0022797,-1.79273e-05
59,0.000161828,0.000225317,0.00244713,0.00246072,1.35843e-05
60,6.04388e-05,7.90236e-05,0.00242691,0.00243028,3.37698e-06
61,5.80175e-05,0.000100512,0.00246854,0.00245592,-1.26236e-05
62,0.000112415,0.000179974,0.00254977,0.00255991,1.01451e-05
63,0.00948948,0.012177,0.00274483,0.00126995,-0.00147488
64,2.51749e-05,4.56024e-05,0.00128586,0.00128575,-1.10944e-07
65,5.59083e-05,9.08895e-05,0.00209185,0.00209338,1.52853e-06
66,0.000112018,0.000146395,0.0027398,0.00275026,1.04639e-05
67,4.86775e-05,5.58643e-05,0.00207225,0.00207231,5.44824e-08
68,0.00662109,0.00697402,0.00329228,0.00266362,-0.000628667
69,1.33236e-05,1.84319e-05,0.00111336,0.00111358,2.20258e-07
70,2.19668e-05,4.18791e-05,0.00180279,0.00180281,2.14204e-08
71,5.39284e-05,8.28753e-05,0.00153963,0.00153988,2.53553e-07
72,2.62709e-05,4.26398e-05,0.00194185,0.00194231,4.62634e-07
73,2.50722e-05,5.82012e-05,0.00230124,0.00230499,3.74485e-06
74,0.000143132,0.000201919,0.00194109,0.00194159,5.00586e-07
75,9.111e-05,0.000137342,0.00170128,0.00170022,-1.06124e-06
76,6.82294e-05,0.000101206,0.001887,0.00189255,5.55231e-06
77,3.97818e-05,6.06832e-05,0.00165443,0.00167742,2.29964e-05
78,2.97343e-05,4.98779e-05,0.00187737,0.00187779,4.13042e-07
79,3.69103e-05,6.13556e-05,0.00231325,0.00231304,-2.12342e-07
80,0.000104124,0.000149341,0.00220527,0.00221712,1.18555e-05
81,9.0587e-05,0.000135954,0.00259169,0.00258644,-5.24591e-06
82,5.66098e-05,6.70785e-05,0.00224939,0.00224902,-3.66708e-07
83,0.00584258,0.0068846,0.00277484,0.00206675,-0.00070809
84,3.80783e-05,6.5097e-05,0.00147126,0.00147131,4.72646e-08
85,8.58835e-05,0.000155617,0.00209533,0.00208765,-7.68248e-06
86,2.16706e-05,4.34268e-05,0.00210156,0.00210157,1.25729e-08
87,5.76665e-05,0.000115366,0.00185944,0.00187551,1.60713e-05
88,5.16961e-05,8.18955e-05,0.00214722,0.00214712,-1.02445e-07
89,4.84729e-05,5.06085e-05,0.00223383,0.0022337,-1.29454e-07
90,8.18198e-05,0.000104382,0.00234955,0.00233882,-1.07335e-05
91,0.000333106,0.000569981,0.0022373,0.00224519,7.88132e-06
92,3.27412e-05,5.17929e-05,0.00220607,0.00220665,5.79283e-07
93,8.4761e-05,0.000121397,0.00266724,0.00266745,2.14903e-07
94,7.93909e-05,0.000132384,0.00215945,0.00216919,9.73302e-06
95,0.00397035,0.00256477,0.00279775,0.00185383,-0.000943918
96,8.89439e-05,0.000160693,0.00239037,0.0023903,-7.63685e-08
97,0.00289964,0.00267063,0.00292076,0.00262228,-0.000298476
98,2.84607e-05,5.58444e-05,0.00107977,0.00107987,9.72068e-08
99,2.9129e-05,6.20715e-05,0.00129287,0.00129317,2.98372e-07
100,0.0023262,0.00314172,0.00272527,0.0024473,-0.000277965
101,3.89369e-05,3.31773e-05,0.00129197,0.00129194,-2.78233e-08
102,0.00348834,0.00350905,0.00297455,0.00258007,-0.00039448
103,0.000114943,0.000117662,0.00308883,0.00307419,-1.46406e-05
104,0.000125683,0.000178465,0.00224937,0.00224512,-4.25358e-06
105,0.00304634,0.00275257,0.00331178,0.00306616,-0.000245618
106,4.04452e-05,0.000100825,0.00163668,0.00163951,2.83786e-06
107,0.00153715,0.00120187,0.00222545,0.00164337,-0.000582079
108,0.00218812,0.00214168,0.00178954,0.00123654,-0.000553005
109,0.00254072,0.00258967,0.00167572,0.00122402,-0.000451703
110,0.0023947,0.00245658,0.00192896,0.00147168,-0.000457277
111,0.00234204,0.00218836,0.00280334,0.002448,-0.000355344
112,3.84808e-05,8.64759e-05,0.000617669,0.000616344,-1.32545e-06
113,0.00296902,0.00333154,0.00159619,0.000882683,-0.000713505
114,0.00328295,0.00377138,0.00210336,0.00157145,-0.000531913
115,0.00319692,0.00363036,0.00183477,0.00126339,-0.000571376
116,0.00386955,0.0045754,0.002831,0.00263755,-0.000193446
117,0.000213005,0.000306329,0.00157782,0.00158874,1.09191e-05
118,8.71239e-05,7.3951e-05,0.00246111,0.0024516,-9.51369e-06
119,1.73624e-05,5.44835e-05,0.000636488,0.000636698,2.09955e-07
120,5.29253e-05,6.63436e-05,0.00181534,0.00181567,3.34228e-07
121,3.79298e-05,5.31096e-05,0.00297666,0.00296994,-6.72066e-06
122,2.86548e-05,2.8541e-05,0.00128501,0.00128562,6.12112e-07
123,0.00412781,0.0048465,0.00258987,0.00203343,-0.000556433
124,4.07087e-05,1.55235e-05,0.00174166,0.00174149,-1.71596e-07
125,0.00523323,0.00646193,0.00266085,0.00216238,-0.000498475
126,3.93839e-05,5.1871e-05,0.000928239,0.000928717,4.78118e-07
127,1.35782e-05,3.37373e-05,0.000881954,0.000882151,1.968e-07
128,0.000105727,0.000151069,0.00203579,0.00203665,8.61706e-07
129,0.000134943,0.000221876,0.00227435,0.0022609,-1.34481e-05
130,0.000122478,0.000183464,0.00233565,0.00233446,-1.19116e-06
131,7.28269e-05,0.000169306,0.00240165,0.00241076,9.10833e-06
132,3.07682e-05,5.70688e-05,0.0024562,0.00245552,-6.76606e-07
133,4.42253e-05,6.40538e-05,0.00239422,0.00239356,-6.60541e-07
134,1.95912e-05,5.25191e-05,0.00234305,0.00233685,-6.19842e-06
135,9.18595e-05,0.000152119,0.00248774,0.00250599,1.82563e-05
136,8.01146e-05,0.000151761,0.00246143,0.00245327,-8.15676e-06
137,0.000138546,0.000220284,0.00255437,0.00252145,-3.29239e-05
138,6.39823e-05,8.2605e-05,0.00195985,0.00196024,3.80911e-07
139,5.67833e-05,7.96234e-05,0.00205062,0.00204948,-1.13971e-06
140,0.00191438,0.00207023,0.0020039,0.00130666,-0.000697247
141,0.00216636,0.00239235,0.00218157,0.00156597,-0.000615593
142,0.00243056,0.0028419,0.00271538,0.00232727,-0.000388109
143,0.00225522,0.00262517,0.00272541,0.00230568,-0.000419735
144,5.76711e-05,0.000100009,0.00085687,0.000853245,-3.62407e-06
145,0.00153668,0.000876124,0.00236412,0.00165348,-0.000710635
146,0.00168874,0.000746754,0.00201901,0.00135293,-0.000666081
147,0.00161986,0.000883967,0.00242988,0.00192038,-0.000509493
148,0.00172558,0.000701372,0.00233033,0.0019493,-0.000381035
149,0.00196163,0.00120039,0.00304669,0.00274791,-0.000298785
150,2.39403e-05,4.96487e-05,0.00136256,0.00136265,9.34815e-08
151,0.001755,0.00146403,0.00207886,0.00148038,-0.000598481
152,0.00134982,0.00052959,0.00335457,0.00326108,-9.34859e-05
153,0.0019485,0.00179567,0.00259622,0.00218317,-0.000413054
154,0.00185545,0.00171465,0.00342709,0.00324119,-0.000185898
155,0.0024655,0.00239977,0.00355422,0.0033955,-0.000158712
156,5.17464e-05,5.46436e-05,0.00187285,0.00187354,6.97095e-07
157,0.00150276,0.0012618,0.00212264,0.00118543,-0.000937213
158,0.00191548,0.00204292,0.00233501,0.00174035,-0.000594653
159,0.00125846,0.000990216,0.0024157,0.00183172,-0.000583975
160,0.00178519,0.00194024,0.00252976,0.0019667,-0.000563063
161,0.00148414,0.0012931,0.00186772,0.00142595,-0.000441771
162,0.00139567,0.00122656,0.00196014,0.00155191,-0.000408234
163,0.00144758,0.00102862,0.00272927,0.00221485,-0.000514428
164,9.58285e-06,4.22323e-05,0.00113052,0.00113049,-2.61934e-08
165,0.000224047,0.000324308,0.00211934,0.00139396,-0.000725376
166,0.000428915,0.000520676,0.00167931,0.00100294,-0.000676367
167,0.000503725,0.000691631,0.00177213,0.0012368,-0.000535334
168,0.000611017,0.000759931,0.00229541,0.00180774,-0.000487667
169,0.000826138,0.00104659,0.0025595,0.00221317,-0.000346337
170,1.78196e-05,3.15615e-05,0.00112763,0.00112664,-9.81847e-07
171,3.37323e-05,6.32842e-05,0.00180813,0.00180875,6.20494e-07
172,0.00118561,0.00164801,0.00227866,0.00161047,-0.000668183
173,0.00169055,0.00238575,0.00226402,0.00167647,-0.000587542
174,0.00121059,0.00162725,0.00205808,0.00165182,-0.000406261
175,0.00156927,0.0022481,0.00213827,0.00162807,-0.000510194
176,0.0010915,0.00166296,0.00269544,0.00228752,-0.000407912
177,2.60409e-05,0.000103503,0.00194695,0.00195762,1.06728e-05
178,7.60482e-05,0.00018192,0.00184676,0.00184799,1.234e-06
179,0.00113763,0.00156434,0.00256196,0.00210793,-0.00045403
180,0.000204399,0.000489538,0.0025143,0.00219886,-0.000315443
181,0.000829977,0.00104221,0.0026669,0.00247,-0.000196899
182,0.000243321,0.000370122,0.00271147,0.00248174,-0.000229732
183,0.000107483,0.000140196,0.00157421,0.00158095,6.73346e-06
184,7.71659e-05,9.76539e-05,0.00214529,0.00214106,-4.23426e-06
185,0.00153898,0.000601556,0.00218711,0.00181424,-0.000372875
186,0.00155899,0.000859738,0.00193968,0.0014477,-0.000491977
187,0.00134054,0.000460706,0.00211887,0.00145979,-0.000659086
188,0.0015151,0.000863276,0.00220632,0.00177991,-0.000426413
189,0.00175139,0.00120308,0.00244296,0.00233971,-0.000103249
190,0.00142171,0.000830787,0.00228153,0.00195047,-0.000331066
191,0.00161609,0.000684561,0.00267572,0.00237246,-0.000303264
192,3.60515e-05,7.13369e-05,0.00174659,0.00174662,2.68919e-08
193,6.27501e-05,6.10054e-05,0.00153619,0.00152248,-1.3712e-05
195,0.0013568,0.00191449,0.00188062,0.00133056,-0.000550058
196,0.00146443,0.00183613,0.00213183,0.00172362,-0.000408207
198,0.00112884,0.0012571,0.00318201,0.0029589,-0.000223112
199,5.55469e-05,9.47002e-05,0.000798343,0.000798098,-2.45403e-07
200,3.36801e-05,7.81368e-05,0.0015678,0.00157243,4.62751e-06
201,0.00123611,0.001229,0.00235782,0.0018356,-0.000522225
202,0.00186417,0.00237692,0.0032003,0.00296294,-0.000237361
203,0.00136607,0.00162103,0.0035458,0.00324142,-0.00030438
205,8.94059e-05,0.000177664,0.00180869,0.00186034,5.16438e-05
206,1.06403e-05,2.06738e-05,0.00225043,0.00224917,-1.25961e-06
207,0.000732348,0.00141249,0.00278915,0.00254916,-0.000239993
208,0.000462192,0.000607624,0.00263826,0.00248052,-0.000157744
209,0.000589919,0.00105522,0.00265549,0.00251944,-0.000136048
210,0.000611674,0.00126668,0.00284843,0.00271682,-0.000131612
211,9.50585e-05,0.00012935,0.00116789,0.00119007,2.21827e-05
212,6.59422e-05,0.000102391,0.00160369,0.00160121,-2.48803e-06
213,0.0026469,0.00340109,0.00218405,0.00163851,-0.000545539
214,0.00306936,0.00395323,0.00245446,0.00211823,-0.000336227
215,0.00350672,0.00459046,0.00317811,0.00285738,-0.000320733
216,0.00248697,0.00339191,0.0031398,0.00279597,-0.000343831
217,4.56021e-05,0.00017887,0.00129438,0.00129503,6.50529e-07
218,0.000134772,0.00019698,0.00131429,0.00132981,1.55211e-05
219,0.00165785,0.00207433,0.00208626,0.0016176,-0.000468667
220,0.00136897,0.00155138,0.00199976,0.0015225,-0.000477259
221,0.00166683,0.00161514,0.00221185,0.00166458,-0.000547268
222,0.00162549,0.00209956,0.0029558,0.00261293,-0.000342866
223,1.30022e-05,5.52751e-05,0.00213578,0.00212158,-1.42029e-05
224,3.1143e-05,5.91285e-05,0.00178757,0.00179285,5.27431e-06
225,0.00139063,0.00126886,0.00253127,0.00197024,-0.000561026
226,0.00154985,0.00164098,0.00208003,0.00157393,-0.000506103
227,0.00134089,0.00133514,0.00267153,0.00235931,-0.000312212
228,0.00149608,0.00164314,0.00239101,0.00208604,-0.000304969
229,0.0013073,0.000989971,0.00202628,0.00171678,-0.000309499
230,0.00123609,0.00121577,0.00245138,0.00214481,-0.000306575
231,0.00133158,0.0012596,0.0027447,0.0023028,-0.000441901
232,1.89241e-05,7.74332e-05,0.00159182,0.00159543,3.60981e-06
233,0.000532261,0.0008529,0.00272883,0.00268624,-4.25891e-05
234,0.000824386,0.000957169,0.00243452,0.0019616,-0.000472925
235,0.000885678,0.00108369,0.00235263,0.00193232,-0.000420301
236,0.000791621,0.000933607,0.00233589,0.00193544,-0.000400448
237,0.00134206,0.00173743,0.00247541,0.00197885,-0.000496554
238,0.000815249,0.00108638,0.00236569,0.00188938,-0.00047631
239,0.00133066,0.00180825,0.00251933,0.00191704,-0.000602285
240,0.000172826,0.000109431,0.00101975,0.0010157,-4.05067e-06
241,4.68641e-05,0.000124815,0.00121312,0.00119467,-1.84501e-05
242,0.00146563,0.00159048,0.00195801,0.00147477,-0.00048324
243,0.00146867,0.0016507,0.00209757,0.00150226,-0.000595302
244,0.00171542,0.00196417,0.00206895,0.00161686,-0.00045209
245,0.00166699,0.00184657,0.00195535,0.00149299,-0.000462356
246,0.0017081,0.00211538,0.00294287,0.00261444,-0.000328429
247,5.30099e-05,0.000160889,0.00120778,0.00121004,2.26183e-06
248,4.30334e-06,1.51124e-05,0.00152638,0.00152477,-1.60583e-06
249,0.00574231,0.00667634,0.002827,0.00290021,7.32075e-05
250,0.00528699,0.00690704,0.0028196,0.00202928,-0.000790319
251,0.00179437,0.00198453,0.00274925,0.00235919,-0.000390063
252,0.0134316,0.0182546,0.00325265,0.00349333,0.000240682
253,0.000124375,0.000156436,0.000811059,0.000805161,-5.89737e-06
254,3.67493e-05,0.000104748,0.00131023,0.00129744,-1.27936e-05
255,0.00120193,0.00192494,0.00135799,0.0014009,4.29151e-05
256,0.0055301,0.00853265,0.00301637,0.00190801,-0.00110836
257,0.00105178,0.00121755,0.00298131,0.00270177,-0.000279541
258,0.00426142,0.00593766,0.00314103,0.00274279,-0.000398233
259,0.000125738,0.000141493,0.00176259,0.00171921,-4.3383e-05
260,0.000123445,0.000334646,0.0014736,0.00146486,-8.74302e-06
261,0.0014056,0.00103993,0.00193422,0.00152792,-0.000406308
262,0.00112474,8.23371e-05,0.00213732,0.00176113,-0.000376188
263,0.00113054,0.000483682,0.00219068,0.00174545,-0.000445239
264,0.00262461,0.00298849,0.00200145,0.0016213,-0.000380157
265,0.00168917,0.00128237,0.00227586,0.00190189,-0.000373967
266,0.00145441,0.00112502,0.00235352,0.00191396,-0.000439555
267,0.00123926,0.000160993,0.00224664,0.00193029,-0.000316348
268,0.001474,0.00126274,0.00249136,0.00212017,-0.000371191
269,0.00150247,0.00124199,0.00243083,0.00209518,-0.000335653
270,0.00115271,0.000723537,0.00249272,0.00225402,-0.000238697
271,0.000969585,0.000414757,0.00250232,0.00218947,-0.000312847
272,0.000498359,0.000716048,0.00178254,0.00179266,1.01242e-05
273,4.02723e-05,9.03296e-05,0.00142252,0.00142263,1.1432e-07
274,0.000361476,0.000459428,0.00253155,0.00251096,-2.05908e-05
275,0.00194528,0.00227056,0.00217095,0.00167305,-0.000497899
276,0.0016492,0.00234855,0.00186838,0.00145895,-0.000409429
277,0.00154552,0.00230799,0.00221383,0.00175752,-0.000456303
278,0.00203835,0.00219972,0.00229297,0.00201011,-0.000282863
279,0.00190241,0.00261642,0.00212227,0.00178594,-0.000336336
280,0.00144247,0.00238895,0.00240742,0.00206847,-0.000338949
281,0.00277577,0.00473989,0.00302342,0.00319223,0.00016881
282,0.000312406,0.000521879,0.00256819,0.00254705,-2.1138e-05
283,1.33e-05,3.61378e-05,0.00262587,0.00262282,-3.05334e-06
284,0.00527074,0.00498881,0.00198982,0.00114303,-0.000846798
285,0.0043017,0.00417945,0.0026424,0.00207653,-0.00056587
286,0.0036376,0.00357653,0.00283775,0.00251195,-0.000325803
288,0.00468171,0.00268267,0.0034121,0.00296614,-0.00044596
289,2.58118e-05,2.79277e-05,0.00142008,0.00142429,4.20283e-06
290,0.000246472,0.000146129,0.0026613,0.00266549,4.18699e-06
291,0.00184673,0.00265352,0.0023621,0.00179891,-0.000563183
292,0.000745772,0.000925181,0.00238673,0.00176407,-0.000622662
293,0.00129916,0.00188005,0.00278488,0.00249854,-0.000286343
294,0.000650716,0.000565073,0.00306445,0.00277493,-0.000289521
295,0.000116565,0.000115977,0.00190879,0.00192158,1.27873e-05
297,0.000226031,0.000363639,0.00419055,0.00415142,-3.91286e-05
299,0.000803635,0.0010258,0.00259797,0.00254536,-5.26111e-05
300,0.0013793,0.00154428,0.00251456,0.00242532,-8.92403e-05
301,0.00110413,0.0017054,0.00163791,0.00157763,-6.02735e-05
302,1.70362e-05,2.91032e-05,0.00245438,0.00245519,8.07922e-07
303,0,0,0.0030557,0.00305565,-5.75092e-08
304,1.28884e-06,1.87577e-06,0.00229293,0.00229305,1.17812e-07
305,7.6543e-06,1.05528e-05,0.00269992,0.00270033,4.06755e-07
306,4.5072e-06,1.09702e-05,0.00099564,0.000994649,-9.91509e-07
307,0,0,0.00252383,0.00252431,4.78933e-07
308,0,0,0.00279226,0.00279276,4.99422e-07
309,0.000932039,0.00129266,0.00190784,0.00138888,-0.000518955
310,0.000681728,0.000748821,0.00184108,0.00134393,-0.000497146
311,0,0,0.00251751,0.00251589,-1.62446e-06
312,0.000133603,0.000136433,0.00123058,0.00123296,2.38034e-06
313,0.00022518,0.0002491,0.00122243,0.00116104,-6.13835e-05
314,1.06791e-06,1.78055e-06,0.0010846,0.0010847,9.96515e-08
315,0.00113496,0.000540239,0.00246517,0.00216676,-0.00029841
316,0.000677125,0.00104369,0.0035514,0.00355486,3.4594e-06
317,0.00149368,0.00213644,0.00376006,0.00363712,-0.000122935
318,6.51144e-05,0.000258221,0.00322583,0.0032725,4.6673e-05
320,0.00312867,0.0045294,0.00306255,0.00320386,0.000141302
321,0.00279794,0.00379266,0.00355796,0.00304339,-0.000514574
322,0.00822648,0.00966437,0.00355768,0.00304174,-0.000515936
323,0.00549966,0.00805052,0.00374131,0.00335344,-0.000387874
324,0,0,0.00362657,0.00363735,1.07826e-05
325,0,0,0.00374085,0.00373979,-1.06147e-06
326,0.00108556,0.000601688,0.00418434,0.00397724,-0.000207097
327,3.2412e-05,4.1421e-05,0.00395359,0.00417062,0.00021703
328,0,0,0.00431417,0.00456424,0.00025007
330,0.000492734,0.000876732,0.00295019,0.0029961,4.59093e-05
331,2.2808e-06,4.79088e-06,0.00325181,0.00326246,1.06501e-05
332,0,0,0.00317677,0.0031747,-2.07848e-06
333,0,0,0.00304863,0.00295557,-9.30647e-05
334,0.000161454,0.000201548,0.00345591,0.00333384,-0.000122067
335,0.000411419,0.00149798,0.0032078,0.00324264,3.48401e-05
336,1.23635e-06,2.24588e-06,0.00307236,0.00306589,-6.47362e-06
337,0,0,0.00310452,0.00310525,7.32485e-07
338,0,0,0.00339114,0.00339201,8.68924e-07
339,0,0,0.00318965,0.00332556,0.000135917
340,0.000193162,0.000545656,0.00336146,0.00352431,0.000162851
341,0.000115928,0.000294114,0.00357202,0.0039553,0.000383277
342,5.96046e-08,1.26441e-07,0.00398962,0.00399034,7.11996e-07
343,0,0,0.00421639,0.00421633,-5.44824e-08
344,5.3165e-05,9.88131e-05,0.0038753,0.00387486,-4.44939e-07
345,0.000560598,0.000645518,0.00397709,0.00406296,8.58605e-05
346,0.00061358,0.000576514,0.00414899,0.00421237,6.33751e-05
347,0.0201469,0.0191683,0.0036737,0.00457321,0.000899506
348,4.77768e-07,5.24724e-07,0.00324713,0.00324618,-9.53907e-07
349,7.90391e-05,8.02302e-05,0.00355923,0.00355892,-3.06172e-07
350,5.68886e-05,7.19645e-05,0.00375678,0.00375681,2.81725e-08
351,6.99677e-05,0.000279998,0.00392803,0.00394262,1.45901e-05
352,3.09535e-05,0.000100636,0.00384532,0.00388598,4.06562e-05
353,5.13295e-05,9.56516e-05,0.00413571,0.00422155,8.58372e-05
354,4.68887e-05,0.000115399,0.00436462,0.00436493,3.04542e-07
356,0.000449191,0.00121379,0.00231862,0.0023361,1.74749e-05
357,0.00137869,0.00125894,0.00254944,0.00252695,-2.24852e-05
358,0,0,0.00310726,0.00321046,0.000103203
359,0.00113145,0.001283,0.00317263,0.00295147,-0.000221156
360,0.00015966,0.000264076,0.00303572,0.00302234,-1.33798e-05
361,0.00325566,0.00627041,0.00323283,0.00298555,-0.000247285
362,0.00294746,0.00399922,0.00274941,0.00282646,7.70488e-05
363,5.06815e-06,1.35055e-05,0.00310367,0.00309954,-4.13042e-06
364,3.83103e-05,4.80267e-05,0.00316421,0.00316509,8.79169e-07
365,1.68587e-07,5.77119e-07,0.00317154,0.00317153,-6.98492e-09
366,0.000860341,0.00171595,0.00303107,0.0030797,4.86323e-05
367,0.000434392,0.00106292,0.00318465,0.00317141,-1.32332e-05
368,1.4483e-05,4.20709e-05,0.00300383,0.00298865,-1.51841e-05
369,0.0344474,0.0477998,0.0030004,0.00259935,-0.000401058
370,1.53243e-06,1.83206e-06,0.00319045,0.00318998,-4.62169e-07
371,0.00278067,0.0050086,0.00310181,0.00303601,-6.57951e-05
372,0.000836062,0.00135899,0.00316225,0.00310226,-5.99928e-05
373,0.000967673,0.00116661,0.00314907,0.00296191,-0.000187161
374,0.000885086,0.00128377,0.00283702,0.00270179,-0.000135226
375,0,0,0.00306733,0.00306717,-1.55065e-07
376,0,0,0.0031565,0.00315273,-3.7672e-06
377,0.00687628,0.0189518,0.00303677,0.00316303,0.000126263
378,0.00133212,0.00188247,0.00312151,0.00312232,8.14907e-07
379,0.00112738,0.00131173,0.00290291,0.00297004,6.71279e-05
380,0.00015565,0.000153314,0.00303583,0.00302348,-1.2347e-05
381,0,0,0.00359154,0.00359156,2.04891e-08
382,6.69561e-05,8.49777e-05,0.00369354,0.0037108,1.72541e-05
383,0.00164456,0.00221194,0.00363226,0.00363748,5.21564e-06
384,0.0507202,0.0688637,0.00332091,0.003778,0.000457082
385,0.000813841,0.000773165,0.00326637,0.00346962,0.000203256
388,0,0,0.00369033,0.00369078,4.42145e-07
389,0,0,0.00359233,0.00361761,2.52882e-05
390,0,0,0.00398926,0.0039728,-1.64513e-05
393,5.11386e-06,6.3362e-06,0.00209521,0.00209618,9.71835e-07
394,0,0,0.00251577,0.00251543,-3.31085e-07
396,0.000775555,0.00132964,0.00378237,0.00335018,-0.000432196
398,0,0,0.00295697,0.00295774,7.73696e-07
400,0.000349161,0.000724644,0.00313956,0.00320388,6.43246e-05
401,0,0,0.00361233,0.00361256,2.32132e-07
402,0.000236554,0.000375319,0.00416529,0.00418029,1.49966e-05
403,0,0,0.00322605,0.00322538,-6.71251e-07
404,0,0,0.00375808,0.00375862,5.44824e-07
406,3.7266e-06,6.98291e-06,0.00405031,0.00404981,-4.99655e-07
407,0.000555998,0.000908847,0.00444237,0.00413256,-0.000309808
408,0.00188495,0.00264353,0.00438028,0.00393831,-0.000441966
409,0.000173322,0.000462922,0.0043726,0.0039175,-0.000455095
410,0.000129339,0.000308374,0.00419589,0.00427087,7.49771e-05
411,0.000288152,0.000651861,0.00424804,0.00413927,-0.000108774
412,5.46932e-05,8.29282e-05,0.00396378,0.00396372,-5.44824e-08
414,7.7106e-05,9.92667e-05,0.00273433,0.00276515,3.08154e-05
415,0,0,0.00300785,0.00298642,-2.14295e-05
416,0.000134969,0.000245296,0.00368352,0.00355053,-0.000132992
417,0.00115563,0.00526955,0.00370033,0.00342397,-0.000276363
418,9.44785e-07,1.38495e-06,0.00429107,0.00425975,-3.13167e-05
422,0.0008565,0.00168619,0.00424863,0.00411184,-0.000136788
423,0.0011206,0.00233373,0.00422456,0.00378129,-0.000443272
425,0,0,0.00316769,0.00316774,4.98258e-08
426,0,0,0.00341985,0.00341973,-1.18744e-07
427,0,0,0.00385122,0.00385148,2.60305e-07
428,0.000223066,0.000429043,0.00437562,0.00446346,8.78414e-05
429,0.000608332,0.00134259,0.00439932,0.00468789,0.000288568
431,0,0,0.00213958,0.00213947,-1.07568e-07
433,2.07934e-06,3.53796e-06,0.00345205,0.00339628,-5.57671e-05
434,0,0,0.00358564,0.00358548,-1.59256e-07
435,1.92312e-06,5.00699e-06,0.00333692,0.00333616,-7.59959e-07
436,0,0,0.00349421,0.00349523,1.02306e-06
437,3.9984e-07,7.89199e-07,0.00302121,0.00302217,9.60426e-07
440,0.00212338,0.00312423,0.00358406,0.00355083,-3.32247e-05
441,0.000169884,0.000398871,0.00374942,0.00350814,-0.000241278
442,0.000137421,0.000274462,0.00392253,0.00408853,0.000165996
443,3.04577e-05,5.78778e-05,0.00411151,0.00413994,2.84282e-05
444,3.23626e-06,5.576e-06,0.00441481,0.00441548,6.74278e-07
446,3.88623e-05,5.27227e-05,0.00275677,0.00277434,1.75692e-05
447,6.84805e-07,7.96062e-07,0.00291907,0.00291975,6.82659e-07
448,0,0,0.00312178,0.0031195,-2.27732e-06
449,0,0,0.00302879,0.00305257,2.37792e-05
450,0,0,0.00317421,0.00322153,4.73165e-05
451,2.19659e-05,2.10141e-05,0.00309142,0.00309453,3.1055e-06
452,0,0,0.00281409,0.00281433,2.38884e-07
453,0,0,0.00309153,0.00309196,4.28408e-07
454,0,0,0.00362675,0.0036508,2.40461e-05
456,1.19209e-07,1.50679e-07,0.00264646,0.00264694,4.8033e-07
457,0,0,0.00382164,0.00382126,-3.80212e-07
459,0,0,0.00430493,0.00430463,-2.98955e-07
460,5.96046e-08,1.71849e-07,0.00448435,0.00448413,-2.21655e-07
462,0,0,0.00211981,0.00211984,3.3062e-08
463,0,0,0.00256236,0.00256249,1.32481e-07
464,0,0,0.00339592,0.00339617,2.45636e-07
465,0,0,0.00344091,0.0036888,0.000247886
466,5.81062e-05,8.333e-05,0.00381925,0.00391062,9.13637e-05
467,0.000647615,0.00102824,0.00399411,0.00455967,0.000565556
468,0.000151803,0.000187467,0.00411104,0.00410954,-1.49338e-06
469,3.42899e-05,0.000117588,0.0039234,0.00392297,-4.24217e-07
470,6.90858e-05,4.72073e-05,0.00350247,0.00347886,-2.36153e-05
471,0.000218717,0.000341566,0.0035501,0.00348695,-6.31493e-05
472,0,0,0.00365279,0.00370493,5.21389e-05
474,7.93748e-05,9.0839e-05,0.00307128,0.00305731,-1.39712e-05
475,3.37685e-05,4.5753e-05,0.00418285,0.0042067,2.38502e-05
476,0.0114272,0.0209123,0.00407651,0.00394925,-0.000127266
478,0,0,0.00251286,0.00251294,7.70669e-08
479,2.93277e-06,3.96241e-06,0.00269123,0.00269083,-4.05824e-07
480,2.23974e-06,4.2006e-06,0.00385725,0.00385368,-3.5644e-06
481,0,0,0.00364519,0.00411361,0.000468425
482,0,0,0.00396129,0.0041204,0.000159113
483,0.000176975,0.00058558,0.00444743,0.00429403,-0.000153393
485,0,0,0.00267779,0.00265877,-1.90262e-05
486,0,0,0.00326326,0.00326293,-3.32249e-07
487,0,0,0.00386124,0.00361464,-0.000246593
488,0,0,0.00426494,0.00433458,6.96373e-05
489,0.000276664,0.000625927,0.00425768,0.00432748,6.9797e-05
491,0,0,0.0027637,0.00276368,-2.11876e-08
492,0,0,0.00383301,0.00383262,-3.89758e-07
493,0.000254073,0.000578615,0.00419141,0.00423472,4.33051e-05
494,0,0,0.00382922,0.00402246,0.000193236
495,3.96861e-05,0.000139855,0.00342499,0.00296675,-0.000458247
496,0.000839282,0.00155045,0.00311837,0.00312701,8.6315e-06
497,3.85039e-06,6.40158e-06,0.00347532,0.00347598,6.58445e-07
499,0,0,0.00354122,0.00354028,-9.31555e-07
500,0,0,0.00315914,0.00315894,-1.95345e-07
501,2.45756e-07,3.22038e-07,0.00391021,0.00391013,-8.2422e-08
502,2.72185e-05,6.2521e-05,0.00425036,0.00424924,-1.12364e-06
513,0,0,0.00306632,0.00306639,7.05477e-08
514,4.04258e-07,1.20139e-06,0.00375858,0.00375885,2.73576e-07
515,2.43044e-05,0.000203554,0.00403886,0.00403888,1.95578e-08
516,2.14908e-07,4.37051e-07,0.00432529,0.004326,7.17584e-07
519,0,0,0.00443283,0.00443271,-1.17812e-07
520,9.26873e-05,0.00027535,0.00408758,0.00423025,0.000142671
522,0,0,0.00387095,0.00387098,3.93484e-08
525,0,0,0.00368011,0.00368167,1.56066e-06
528,7.34855e-07,1.0298e-06,0.00374608,0.00374555,-5.35976e-07
530,0,0,0.00314774,0.00313945,-8.29203e-06
531,8.93654e-05,0.000220254,0.00420782,0.00427556,6.77374e-05
533,2.73143e-07,2.63312e-07,0.00290235,0.00290186,-4.9267e-07
534,0,0,0.00327659,0.00327719,5.95814e-07
535,2.92002e-07,6.51574e-07,0.00390515,0.00390511,-4.33065e-08
537,1.5359e-06,2.89654e-06,0.0039098,0.00391055,7.5018e-07
539,0,0,0.00358178,0.00358211,3.23867e-07
541,3.37175e-07,4.99578e-07,0.00366362,0.00369886,3.52492e-05
544,0.000190371,0.000494154,0.00361458,0.00362145,6.87386e-06
546,0,0,0.00309385,0.00309399,1.36904e-07
547,4.65527e-07,9.11289e-07,0.00348418,0.00348552,1.34669e-06
548,1.59602e-06,2.48363e-06,0.00346278,0.00345035,-1.24297e-05
549,0.000348437,0.000308227,0.0029636,0.00299543,3.18312e-05
550,0.000153238,0.000211147,0.00375013,0.00373647,-1.36583e-05
553,0,0,0.00348157,0.00345049,-3.10787e-05
555,0.000191193,0.000344491,0.00413678,0.00404478,-9.20049e-05
556,0.000334443,0.000463483,0.00431283,0.00426103,-5.18016e-05
558,0,0,0.00448204,0.00448263,5.9884e-07
560,0,0,0.00287947,0.00287611,-3.35439e-06
561,0.000228905,0.000233705,0.00418828,0.0039025,-0.000285786
563,8.42937e-08,2.00475e-07,0.00294061,0.00293988,-7.34348e-07
566,0.000953792,0.00262665,0.0040477,0.00402641,-2.129e-05
567,0.0021473,0.00120018,0.00406453,0.00430048,0.000235943
568,5.93592e-05,3.19105e-05,0.00446241,0.00434395,-0.000118461
570,0,0,0.00332028,0.00334236,2.20847e-05
572,0.000411861,0.000719533,0.00366415,0.00362901,-3.51414e-05
573,0,0,0.00392072,0.00373946,-0.000181258
575,5.96046e-08,1.90828e-07,0.00446964,0.00447022,5.78351e-07
577,0.000117594,0.000272163,0.00421863,0.00421828,-3.48315e-07
579,0,0,0.00257641,0.00257619,-2.15368e-07
581,0,0,0.00292687,0.00292693,5.12227e-08
582,5.96046e-08,6.664e-08,0.00405109,0.00405164,5.49946e-07
583,6.33606e-07,1.61841e-06,0.00436384,0.00436447,6.37025e-07
585,1.3328e-07,3.39799e-07,0.00286075,0.00286006,-6.9337e-07
586,5.62309e-07,1.24387e-06,0.00285585,0.00285574,-1.07568e-07
587,0,0,0.00337744,0.00337804,6.03497e-07
588,0,0,0.00351287,0.00351276,-1.1432e-07
589,0,0,0.0033516,0.00335098,-6.27944e-07
590,0,0,0.00431124,0.00432053,9.28575e-06
591,7.56298e-07,1.08687e-06,0.00420232,0.00420264,3.25963e-07
593,0,0,0.00348141,0.00348184,4.28408e-07
596,6.55416e-05,0.000167967,0.00418035,0.00420588,2.55355e-05
597,0.000751131,0.00116663,0.00375145,0.0041674,0.000415945
599,0,0,0.00294739,0.00295891,1.15244e-05
603,0.00172494,0.00224556,0.00381231,0.00423953,0.000427222
604,0,0,0.00361394,0.0037678,0.000153866
605,5.96046e-08,1.83714e-07,0.00357439,0.00357538,9.80683e-07
608,0.000410713,0.00110523,0.00420825,0.00429991,9.16696e-05
609,0.000138531,0.000190009,0.00447484,0.00478084,0.000305995
611,0,0,0.00345885,0.00347789,1.9043e-05
612,0.000431582,0.000504025,0.00435554,0.00428386,-7.16844e-05
614,0,0,0.00379344,0.00394047,0.000147021
617,0,0,0.00410387,0.00408772,-1.61524e-05
621,0,0,0.00416981,0.00432482,0.000155002
624,0,0,0.00390654,0.00394532,3.87793e-05
626,0,0,0.0037521,0.00375205,-4.91273e-08
628,0,0,0.00446559,0.00445368,-1.19056e-05
629,0.000726291,0.00128441,0.00422408,0.00440898,0.000184905
631,0,0,0.00300561,0.00300575,1.38767e-07
632,0,0,0.00327152,0.00330568,3.41609e-05
633,0,0,0.0039536,0.00395351,-9.22009e-08
634,0.000334642,0.00101234,0.00382501,0.00349365,-0.000331368
635,9.23451e-05,0.000153883,0.00418292,0.00399012,-0.000192796
636,0,0,0.00421821,0.00426317,4.49582e-05
638,0,0,0.0027066,0.00270228,-4.31645e-06
639,0,0,0.00287199,0.00287325,1.26078e-06
640,0,0,0.00350848,0.00335739,-0.000151082
641,0.000220033,0.000453138,0.00399978,0.00417532,0.00017554
643,0,0,0.00284468,0.00285078,6.10179e-06
644,0,0,0.00327153,0.00327163,9.98843e-08
645,0,0,0.00302115,0.00304345,2.22984e-05
646,9.44061e-05,0.00017574,0.00371697,0.00364312,-7.38511e-05
647,1.39865e-05,0.000517462,0.0037025,0.00337004,-0.000332466
649,0,0,0.002975,0.0029828,7.7968e-06
650,1.36571e-07,2.19508e-07,0.00333926,0.00333865,-6.06058e-07
651,1.09105e-06,2.31027e-06,0.00298723,0.00298781,5.71599e-07
652,0.000313407,0.000581271,0.00398239,0.00353937,-0.000443022
653,0.000239578,0.000522631,0.00371633,0.00360854,-0.000107796
654,0.000507365,0.000716678,0.00409471,0.00414683,5.21219e-05
656,0,0,0.0036142,0.00362806,1.38606e-05
657,0,0,0.00400817,0.00399653,-1.16383e-05
658,0,0,0.00449484,0.00426063,-0.000234212
659,7.138e-05,0.000233311,0.0042807,0.0043024,2.17021e-05
660,0,0,0.00443893,0.00445718,1.82497e-05
662,0,7.14635e-08,0.00416004,0.00415944,-6.01634e-07
664,0,0,0.00375232,0.00375239,6.91507e-08
665,0,0,0.00394667,0.00385501,-9.16603e-05
667,0,0,0.00285271,0.00285303,3.19676e-07
669,0,0,0.00390638,0.0038813,-2.50814e-05
670,0,0,0.0041294,0.00413013,7.34348e-07
671,6.47402e-05,0.000191627,0.0043058,0.0043875,8.17021e-05
672,7.99483e-05,0.000305723,0.00413819,0.0043134,0.000175216
676,0,0,0.00430933,0.0044566,0.000147274
678,0,0,0.00430399,0.00430429,2.98489e-07
680,0,0,0.00434657,0.00433223,-1.43391e-05
681,0,0,0.00441691,0.00439703,-1.98847e-05
683,0,0,0.00444351,0.00444346,-5.21541e-08
684,0,0,0.00406952,0.00406942,-1.01048e-07
686,0,0,0.00426765,0.00425537,-1.22869e-05
688,0,0,0.00400647,0.00400641,-6.23986e-08
689,0,0,0.00415248,0.00415243,-5.6345e-08
690,0,0,0.00433455,0.00453053,0.000195973
693,0,0,0.0039117,0.00391164,-6.0536e-08
695,0,0,0.00402668,0.00432487,0.000298194
702,0.000167145,0.000432127,0.00424329,0.00404517,-0.000198121
704,0,0,0.00443205,0.00443167,-3.80911e-07
710,1.8154e-05,0.000242787,0.00413763,0.00395715,-0.000180481
711,0.000211358,0.000568611,0.00429549,0.00466241,0.000366921
717,1.19209e-07,4.51975e-07,0.00357448,0.00357465,1.69966e-07
721,0,0,0.00437265,0.0043728,1.57394e-07
722,0,0,0.00438453,0.00438453,-3.25963e-09
723,8.42937e-08,2.96529e-07,0.00423309,0.00423319,9.91859e-08
724,4.62023e-05,7.34761e-05,0.00445422,0.00445491,6.94301e-07
726,0,0,0.00437812,0.00437816,3.58559e-08
727,0,0,0.00433581,0.00433606,2.5006e-07
728,0,0,0.0038016,0.00380129,-3.08035e-07
730,0,0,0.00387529,0.00387511,-1.7439e-07
732,0,0,0.00448253,0.00448261,7.26432e-08
734,0,0,0.00384145,0.00384149,3.91155e-08
738,0,0,0.00412399,0.0041238,-1.96043e-07
739,0,0,0.00422046,0.0042202,-2.59839e-07
742,2.58515e-05,0.000128498,0.00402977,0.00373293,-0.000296848
743,9.32037e-05,0.000316177,0.0043875,0.00413033,-0.000257166
744,5.59483e-05,7.13571e-05,0.00424164,0.00435658,0.000114945
746,0,0,0.00422352,0.00422343,-9.22009e-08
747,0,0,0.00399568,0.00399577,9.26666e-08
749,0,0,0.00438164,0.00438172,8.61473e-08
751,0,0,0.00379833,0.0037984,6.54254e-08
754,0.000260066,0.000647056,0.00411638,0.00396941,-0.000146974
755,0,0,0.00409988,0.0038476,-0.000252281
756,2.30378e-05,6.74631e-05,0.00404919,0.00391152,-0.000137671
757,4.26063e-05,3.20481e-05,0.00392728,0.00401656,8.92803e-05
758,1.60053e-05,4.34333e-05,0.00445923,0.00475467,0.000295448
763,0.00305361,0.0093948,0.00412022,0.00465808,0.000537862
765,0,0,0.0035074,0.00350732,-8.00937e-08
766,5.59804e-05,7.44008e-05,0.00446035,0.00439543,-6.49216e-05
767,0,0,0.00433739,0.00419418,-0.000143214
768,0.000107708,0.000319345,0.00449281,0.00412428,-0.000368531
769,1.7651e-05,7.83852e-05,0.00438052,0.00421182,-0.000168703
777,0.00022197,0.000637631,0.00266861,0.00269407,2.54617e-05
778,1.79096e-05,1.73001e-05,0.00302852,0.0030001,-2.84126e-05
782,0,0,0.00309464,0.00309568,1.04168e-06
783,0,0,0.00382872,0.00382913,4.19095e-07
787,0,0,0.00334034,0.00329699,-4.33461e-05
788,0,0,0.00367879,0.00351146,-0.00016733
789,0,0,0.00401429,0.00391017,-0.000104126
790,3.73102e-05,0.000154715,0.00385192,0.00376091,-9.10147e-05
791,2.3834e-05,0.000113621,0.00355156,0.00353009,-2.14707e-05
792,7.03717e-05,0.000343295,0.00428424,0.00428383,-4.02331e-07
794,0,0,0.00334795,0.00324452,-0.000103435
795,0,0,0.00331417,0.00309653,-0.000217637
796,0,0,0.00308287,0.0033412,0.000258337
797,0,0,0.00436012,0.00435641,-3.70527e-06
798,0,0,0.00370971,0.00398394,0.000274232
799,0.000611562,0.00227805,0.00330258,0.00377914,0.000476558
800,0,0,0.00356218,0.00354181,-2.03741e-05
803,0.000109305,0.000294187,0.00377813,0.00375312,-2.50062e-05
804,0,0,0.00445218,0.00470525,0.000253073
806,0,0,0.00328282,0.00327555,-7.26897e-06
807,2.58827e-05,6.71404e-05,0.00415011,0.00415023,1.14553e-07
809,3.81656e-07,7.59813e-07,0.00312265,0.00312256,-8.98726e-08
810,0,0,0.00308537,0.00308495,-4.19561e-07
811,0,0,0.00387395,0.00387379,-1.59023e-07
812,0,0,0.00410431,0.00393919,-0.000165113
813,0.000168086,0.000524901,0.00410513,0.00391871,-0.000186427
815,0,0,0.00277196,0.00277214,1.80677e-07
816,0,0,0.00299683,0.00301186,1.50281e-05
817,0,0,0.00382903,0.00382893,-1.02213e-07
818,0,0,0.00370396,0.00370396,-2.09548e-09
819,0,0,0.00376559,0.00376552,-7.07805e-08
820,0,0,0.00430968,0.00430984,1.56928e-07
822,0,0,0.00288522,0.00288521,-1.00117e-08
823,0,0,0.00316354,0.00316357,2.77068e-08
824,0,0,0.00320801,0.00310498,-0.000103035
825,5.98761e-05,0.000176643,0.00393434,0.00372572,-0.000208616
826,0.000118997,0.000899501,0.00368662,0.00376698,8.0362e-05
827,0.000517325,0.0030068,0.00393555,0.00383627,-9.92808e-05
828,3.4595e-05,4.57384e-05,0.00447853,0.00447816,-3.6601e-07
830,0,0,0.0026128,0.00261287,7.19447e-08
831,0,0,0.00280949,0.0028094,-9.28994e-08
832,0.000148483,0.00026664,0.00288816,0.00288564,-2.52551e-06
833,8.57846e-05,0.000202446,0.00316119,0.00310546,-5.57331e-05
834,0,0,0.00355002,0.00318523,-0.000364785
835,9.10676e-05,0.000191773,0.0033133,0.00345042,0.000137118
836,5.6576e-05,0.000117017,0.00380769,0.00388281,7.51158e-05
837,7.28736e-05,0.000274914,0.00421786,0.00421786,9.31323e-10
839,0,0,0.00279548,0.00276625,-2.92275e-05
840,0,0,0.00299581,0.00288487,-0.000110944
841,0,0,0.00331007,0.00324865,-6.14247e-05
842,0.00240886,0.0066115,0.00355614,0.00371846,0.000162313
843,0,0,0.00383749,0.00364728,-0.000190212
844,4.4603e-05,0.000105408,0.0042209,0.0041228,-9.81041e-05
845,0.000273353,0.000428813,0.00427124,0.00435937,8.81315e-05
847,2.11958e-05,5.53301e-05,0.00364732,0.00364948,2.16416e-06
848,2.83608e-05,0.000123027,0.00438393,0.00421001,-0.000173918
853,6.52936e-07,1.22026e-06,0.00448113,0.00448188,7.50646e-07
855,4.39016e-07,8.92205e-07,0.00291098,0.00294837,3.73886e-05
864,0,0,0.00310615,0.00310604,-1.01281e-07
865,0,0,0.00378188,0.00391327,0.000131391
866,0,0,0.00423179,0.00454632,0.000314531
868,5.65212e-05,7.51191e-05,0.00417056,0.00429117,0.000120614
869,0,0,0.00436092,0.00401119,-0.000349731
870,0,0,0.00401662,0.00401703,4.16767e-07
871,0,0,0.00372683,0.00372695,1.17812e-07
872,0,0,0.00421052,0.0042103,-2.19326e-07
874,5.11318e-05,0.000121326,0.0044433,0.00451461,7.13123e-05
876,0,0,0.00248577,0.00248813,2.35857e-06
877,0,0,0.00306856,0.00306844,-1.22469e-07
878,1.3328e-07,1.07454e-07,0.00371366,0.00371331,-3.54368e-07
879,0,0,0.00373121,0.0037311,-1.01281e-07
880,0.000151039,0.000562777,0.00446814,0.00423393,-0.000234206
881,0.00067238,0.00217497,0.00378037,0.00455331,0.000772939
882,7.3107e-05,0.000190723,0.00389372,0.00402824,0.000134523
883,1.44602e-05,5.17909e-05,0.00423906,0.00423881,-2.55182e-07
885,0,0,0.00322029,0.00315979,-6.04992e-05
886,0,0,0.00362197,0.00378418,0.000162204
887,0.00012771,0.000611257,0.00401012,0.00420574,0.000195622
888,0.000106938,0.000420588,0.00431015,0.00430432,-5.83194e-06
890,0,0,0.00317577,0.00317561,-1.67172e-07
891,0,0,0.00413037,0.00413007,-2.94298e-07
893,5.97972e-05,0.00010347,0.00413243,0.00385475,-0.000277675
894,4.39081e-05,8.96307e-05,0.00432661,0.00429005,-3.65586e-05
896,0,0,0.00278798,0.0027881,1.1106e-07
899,0,0,0.00285345,0.0025221,-0.000331352
900,0,0,0.00308286,0.00285686,-0.000225992
901,0.000158083,0.000622378,0.00282828,0.00296547,0.000137195
902,3.00051e-05,8.52149e-05,0.00393842,0.00376802,-0.000170404
903,2.88773e-05,0.000102213,0.00397445,0.00410364,0.000129182
904,4.6301e-05,0.000226892,0.00398694,0.00394602,-4.09158e-05
906,0,0,0.00341654,0.00341645,-9.19681e-08
910,0,0,0.00293412,0.00293402,-1.03144e-07
911,0,0,0.00391766,0.00391745,-2.09082e-07
912,0,0,0.00388234,0.00388192,-4.16767e-07
914,0,0,0.00406331,0.00406341,1.0198e-07
915,0,0,0.00431609,0.00436048,4.43906e-05
917,0,0,0.00312521,0.00333119,0.000205981
918,0,0,0.00436399,0.00439687,3.28775e-05
919,3.47736e-05,0.00010818,0.00418179,0.00425003,6.82347e-05
920,3.76855e-05,0.000120924,0.00416442,0.00418083,1.64052e-05
921,1.94361e-05,6.89458e-05,0.00439379,0.00455331,0.000159513
923,0,0,0.00300628,0.00300618,-9.52277e-08
925,0,0,0.00322609,0.00323487,8.78493e-06
926,0,0,0.00374823,0.0037481,-1.26427e-07
927,0,0,0.00409678,0.0039914,-0.000105377
928,0.00111897,0.00254164,0.0043614,0.00411303,-0.000248366
930,0,0,0.00291955,0.00291934,-2.15368e-07
931,0,0,0.00299677,0.0029966,-1.61352e-07
932,0,0,0.00362768,0.00362768,2.09548e-09
933,8.39295e-05,0.000310854,0.00448556,0.00462225,0.000136691
935,0,0,0.00400011,0.00400018,6.93835e-08
937,0,0,0.00303824,0.00303833,8.77772e-08
938,0,0,0.00402118,0.00386432,-0.000156858
939,9.89113e-05,0.00013281,0.00397171,0.00385996,-0.000111753
940,4.02124e-05,0.000106463,0.00393582,0.00388035,-5.54698e-05
942,0,0,0.00298908,0.00298931,2.31899e-07
943,0,0,0.00334703,0.00336577,1.87419e-05
944,0,0,0.00381496,0.00381536,4.00469e-07
945,0,1.35715e-07,0.00406179,0.00406098,-8.10251e-07
948,0,0,0.00306671,0.00305679,-9.92813e-06
949,0,0,0.00370111,0.00370102,-8.84756e-08
950,0,0,0.00383447,0.00383463,1.60653e-07
952,0,0,0.00431183,0.00465782,0.000345995
953,1.0674e-05,8.2453e-05,0.00422446,0.00442726,0.000202803
954,0,0,0.00438844,0.00438897,5.29457e-07
956,0,0,0.00293331,0.00293173,-1.58092e-06
959,0,0,0.00289179,0.00289172,-7.07805e-08
960,0.00921906,0.0373936,0.00378393,0.00377147,-1.24665e-05
964,3.57628e-07,1.84281e-06,0.00440119,0.00442779,2.66046e-05
966,3.57628e-07,2.10388e-06,0.00322229,0.00322073,-1.5609e-06
968,0,0,0.00446664,0.00446119,-5.45429e-06
970,0,0,0.00420377,0.00420373,-4.28408e-08
971,0.0022843,0.0111265,0.00437662,0.00459199,0.00021537
974,1.2157e-06,4.49316e-06,0.00333667,0.00333106,-5.61471e-06
977,0.00646717,0.0156424,0.00426284,0.00473879,0.000475952
979,0,0,0.00411139,0.00411143,3.86499e-08
982,0,0,0.00426546,0.00422143,-4.40255e-05
983,0.000314099,0.00128967,0.00439328,0.00457114,0.000177867
985,0,0,0.00441709,0.00441692,-1.64378e-07
986,0,0,0.00435213,0.00435224,1.10827e-07
987,0,0,0.00433735,0.0043372,-1.50409e-07
988,5.96046e-08,1.3411e-07,0.00438366,0.00438368,1.72295e-08
990,0,0,0.00372671,0.0037268,9.10368e-08
991,0,0,0.00428141,0.00428167,2.59373e-07
992,6.25032e-05,0.000106166,0.00449224,0.00449287,6.36093e-07
994,0,0,0.0043569,0.00434616,-1.07368e-05
1036,0.000385328,0.00166479,0.00404167,0.00431169,0.000270023
1063,0,0,0.00333315,0.00307471,-0.000258443
1077,7.29503e-05,0.000592047,0.00368364,0.00337025,-0.000313387
1078,7.85506e-06,3.89349e-05,0.00318625,0.00321941,3.31551e-05
1079,7.24148e-05,0.000126424,0.00397526,0.00327344,-0.000701821
1080,2.264e-05,0.000150863,0.00414058,0.00377563,-0.000364951
1081,0,0,0.00404832,0.00377813,-0.000270191
1082,0,0,0.00403079,0.00410873,7.7941e-05
1083,0,0,0.00411023,0.00418138,7.11475e-05
1085,0,0,0.00371183,0.00371147,-3.6438e-07
1086,9.90932e-05,0.000380318,0.00397914,0.00408908,0.00010994
1087,0.00044808,0.00190128,0.00407758,0.00420791,0.000130326
1088,0.00215489,0.00517196,0.00438209,0.00434646,-3.56357e-05
1090,0,0,0.00277183,0.00277205,2.21189e-07
1091,0,0,0.00338194,0.00338203,9.42964e-08
1092,0,0,0.00346234,0.00315808,-0.000304259
1093,0.00209012,0.00252669,0.00358333,0.00359066,7.32485e-06
1094,0,0,0.00419044,0.00388346,-0.000306981
1095,0,0,0.00408944,0.00395958,-0.000129851
1096,0.000143972,0.00155127,0.00422636,0.00414981,-7.65463e-05
1097,1.00401e-05,7.24476e-05,0.00435953,0.00435999,4.61005e-07
1098,0.000682571,0.0011866,0.00417768,0.00401632,-0.000161365
1108,0,0,0.00415093,0.00415091,-2.6077e-08
1109,2.8717e-05,0.000115843,0.0044258,0.00427453,-0.000151276
1111,1.78814e-07,4.50991e-07,0.00286966,0.00286975,9.15024e-08
1112,0,0,0.00325989,0.0032596,-2.94298e-07
1113,0,0,0.00341894,0.00341898,3.84171e-08
1114,0.000414702,0.000938021,0.00423458,0.00389635,-0.000338229
1115,0.000171777,0.000178284,0.00400876,0.00407312,6.43535e-05
1116,0.00118082,0.00407741,0.00390723,0.00410497,0.000197739
1117,6.53463e-05,4.39541e-05,0.00388033,0.003881,6.72415e-07
1118,9.72267e-05,6.24896e-06,0.00372866,0.00376668,3.80243e-05
1119,1.20137e-07,1.16382e-07,0.00390507,0.00390506,-3.95812e-09
1120,9.61662e-05,0.00016046,0.00421245,0.00421789,5.44172e-06
1121,3.27779e-05,8.0381e-05,0.00443146,0.00463775,0.00020629
1123,0,0,0.0024333,0.0024333,5.12227e-09
1124,1.02894e-05,2.00536e-05,0.00331716,0.00330718,-9.98331e-06
1125,2.14488e-05,0.000115748,0.00379992,0.00380002,1.04075e-07
1126,0,0,0.00408326,0.00378471,-0.000298547
1127,0,0,0.00431739,0.00436765,5.02523e-05
1128,0.000608638,0.00281592,0.00435124,0.00455039,0.000199142
1129,2.38147e-05,5.66735e-05,0.00429618,0.00429589,-2.83588e-07
1130,3.06634e-05,8.13789e-05,0.00445548,0.00445539,-8.33534e-08
1131,3.82321e-05,0.000111037,0.00443043,0.0044304,-3.21306e-08
1133,0.00158965,0.00660582,0.00371479,0.00303682,-0.000677974
1134,0.000913824,0.00551812,0.00391755,0.00359008,-0.000327472
1135,9.64341e-05,0.000211843,0.00369614,0.00362406,-7.2083e-05
1136,6.8812e-05,0.0001664,0.00397062,0.0040042,3.35774e-05
1137,9.0641e-05,0.000609714,0.00408505,0.00418182,9.67775e-05
1138,0.000590119,0.00215796,0.00430491,0.00457535,0.000270447
1140,0,0,0.0023177,0.00231251,-5.19352e-06
1141,0,0,0.00307306,0.0030777,4.63659e-06
1142,0.00117636,0.00239405,0.00400215,0.00374478,-0.000257372
1143,0.000591893,0.00154882,0.00414792,0.00398611,-0.000161805
1144,6.90672e-05,3.20698e-05,0.00424392,0.00447486,0.000230941
1146,0,0,0.00363216,0.00363206,-9.56934e-08
1147,0,0,0.00362428,0.00362418,-9.49949e-08
1148,0,0,0.00441235,0.00441241,5.58794e-08
1150,6.01117e-05,0.000211979,0.00296405,0.00290148,-6.25644e-05
1151,0.000154906,0.000425999,0.00320934,0.00302942,-0.000179922
1152,0,0,0.00387575,0.0035696,-0.000306153
1154,2.92002e-07,7.0855e-07,0.00319295,0.00319263,-3.18978e-07
1155,0,0,0.00338253,0.00338251,-1.7928e-08
1156,0,0,0.00425724,0.0042575,2.60305e-07
1158,0,0,0.0027127,0.00271292,2.20025e-07
1159,0,0,0.00375196,0.00377338,2.14155e-05
1160,0,0,0.00407445,0.00383064,-0.000243813
1161,3.40781e-05,0.000102801,0.00395137,0.00399284,4.14727e-05
1162,4.8677e-05,8.89184e-05,0.00417075,0.0038561,-0.000314647
1163,4.70681e-05,0.00014042,0.00433478,0.00400301,-0.000331775
1165,0,0,0.00355014,0.00353652,-1.36269e-05
1166,0,0,0.00413196,0.00411187,-2.0097e-05
1167,3.48482e-05,6.13162e-05,0.00429634,0.00430467,8.32556e-06
1169,0,0,0.00280457,0.00262888,-0.00017569
1170,0,0,0.00367477,0.00358154,-9.32354e-05
1171,6.23916e-05,9.84164e-05,0.0043294,0.00455824,0.000228836
1173,0,0,0.00384853,0.00384864,1.08499e-07
1174,0,0,0.00449323,0.0044934,1.62981e-07
1176,0,0,0.00299685,0.00299692,7.33417e-08
1177,0,0,0.00373465,0.0037349,2.50293e-07
1178,1.33813e-05,9.61841e-05,0.00420359,0.00424895,4.5361e-05
1180,9.0001e-07,3.08364e-06,0.0039653,0.00396592,6.15604e-07
1181,0.000641971,0.000784534,0.00410657,0.00424263,0.000136058
1182,7.21249e-05,7.63166e-05,0.00428648,0.00428606,-4.17698e-07
1184,0,0,0.00317911,0.00317905,-5.28526e-08
1186,0,0,0.00432482,0.00440535,8.05282e-05
1187,0,0,0.00448847,0.0043786,-0.000109868
1189,5.74806e-07,7.98569e-07,0.00355063,0.00355136,7.34115e-07
1190,5.31418e-06,1.39951e-05,0.00313899,0.00314811,9.11998e-06
1191,4.18126e-06,1.05745e-05,0.00386003,0.00386741,7.37887e-06
1193,1.68587e-07,4.96904e-07,0.00426292,0.00428439,2.14726e-05
1195,0.00170853,0.00447521,0.00276674,0.00278665,1.99056e-05
1196,0,0,0.00310692,0.00293552,-0.000171392
1197,0,0,0.0037542,0.00332296,-0.000431241
1198,0,0,0.00342168,0.00334628,-7.54022e-05
1199,0,0,0.00380417,0.00344929,-0.000354881
1200,0,0,0.00421911,0.00409819,-0.000120921
1201,0,0,0.00363014,0.00363061,4.70318e-07
1202,0,0,0.0037089,0.00370815,-7.47386e-07
1204,0,0,0.00361724,0.00361707,-1.70898e-07
1205,0,0,0.00407019,0.00407023,3.86499e-08
1207,0,0,0.00432632,0.00432635,2.79397e-08
1209,0,0,0.00327436,0.00327415,-2.09082e-07
1210,0,0,0.00396587,0.00396547,-3.92552e-07
1211,0,0,0.0043112,0.00431098,-2.24449e-07
1212,0,0,0.00401822,0.00418735,0.000169124
1214,0,0,0.00276941,0.0027693,-1.18511e-07
1215,0,0,0.00427297,0.00427316,1.98837e-07
1216,0,0,0.00375517,0.00375524,7.59028e-08
1217,0,0,0.00337578,0.00337599,2.163e-07
1218,0,0,0.00353437,0.00331876,-0.000215609
1219,0,0,0.00383347,0.00371341,-0.000120058
1220,0,0,0.0044052,0.00440492,-2.79862e-07
1221,0,0,0.00380433,0.00382684,2.25112e-05
1222,0,0,0.00393307,0.00393309,1.49012e-08
1224,2.88179e-05,2.28696e-05,0.00388249,0.00385987,-2.26162e-05
1225,0.00028234,0.000504786,0.00397406,0.0040981,0.000124037
1226,4.6055e-05,0.00011424,0.0044914,0.00446341,-2.79881e-05
1227,4.52632e-05,7.47384e-05,0.00449906,0.00449922,1.53203e-07
1231,9.03519e-05,0.000148124,0.00412674,0.00423962,0.000112881
1233,0,0,0.00329706,0.00329704,-1.90921e-08
1238,0.000616208,0.00214897,0.00417967,0.00448248,0.000302807
1246,7.47556e-05,8.17928e-05,0.00438581,0.00438509,-7.15256e-07
1247,4.50253e-05,6.00187e-05,0.00440414,0.00440384,-2.99886e-07
1257,0,0,0.00315955,0.00305188,-0.000107672
1260,0,0,0.00336269,0.00336284,1.55531e-07
1265,0,0,0.0037657,0.00387704,0.000111338
1268,0,0,0.00424828,0.00424844,1.52737e-07
1271,0,0,0.00373014,0.00399346,0.000263322
1274,9.2466e-05,0.000172353,0.0043355,0.00444733,0.000111828
1275,0.000814156,0.00200622,0.00449149,0.00401965,-0.000471837
1276,3.49204e-05,9.63257e-05,0.00382829,0.00382837,8.07922e-08
1277,1.12693e-05,8.80363e-05,0.00405313,0.00405283,-2.93832e-07
1281,0.00126908,0.000863167,0.00424895,0.0040297,-0.000219255
1282,3.27176e-05,3.34423e-05,0.00417683,0.00417742,5.93252e-07
1283,0,0,0.00385646,0.00385649,2.70084e-08
1284,5.87358e-05,8.88883e-05,0.00403119,0.00403105,-1.45752e-07
1287,1.81983e-05,5.95862e-05,0.00286504,0.00290058,3.5539e-05
1289,0,0,0.00339907,0.00341617,1.71005e-05
1290,0,0,0.00364634,0.0033575,-0.000288839
1291,0,0,0.00424426,0.00418245,-6.1804e-05
1294,0,0,0.0034252,0.00342526,6.07688e-08
1295,0,0,0.00388974,0.00406578,0.000176043
1296,4.72906e-05,9.49615e-05,0.00433218,0.00467435,0.000342169
1298,0,0,0.00260777,0.00260764,-1.32015e-07
1300,0,0,0.0037858,0.00378563,-1.65543e-07
1301,0,0,0.00392213,0.00392216,2.84053e-08
1302,0,0,0.00428448,0.00428453,4.51691e-08
1304,0,0,0.00303593,0.00311212,7.61931e-05
1305,0.000266157,0.00029774,0.00312924,0.0034098,0.000280564
1306,0.000452498,0.000845865,0.00377624,0.00388412,0.00010788
1307,0,0,0.00391943,0.00394721,2.77772e-05
1308,6.40108e-05,0.000157346,0.0040932,0.00408633,-6.87037e-06
1309,0.000536314,0.00128825,0.00409589,0.00418692,9.10331e-05
1312,4.83534e-05,0.000118692,0.00414563,0.00416817,2.25394e-05
1314,0,2.70923e-06,0.00360584,0.00360573,-1.07335e-07
1317,1.71052e-05,7.90304e-05,0.00397006,0.00404974,7.96728e-05
1318,0.000611867,0.00125319,0.00410892,0.00400025,-0.000108676
1319,3.67554e-05,8.19234e-05,0.00406935,0.0042275,0.000158146
1324,0.00030985,0.000769748,0.00298186,0.00283623,-0.000145639
1325,0,0,0.00226135,0.002113,-0.000148342
1326,0.000589325,0.000557475,0.0032164,0.00330376,8.73597e-05
1328,0,0,0.00324561,0.00324462,-9.90229e-07
1329,0,0,0.00347371,0.00348497,1.12655e-05
1330,0,0,0.00391042,0.00391077,3.47383e-07
1331,1.3328e-07,2.81155e-07,0.00407911,0.00407917,6.56582e-08
1332,0,0,0.00406825,0.00406861,3.60887e-07
1333,2.6656e-07,3.65002e-07,0.00391453,0.00391414,-3.95812e-07
1335,0.000173382,0.000556302,0.00447372,0.00445833,-1.53915e-05
1337,4.91512e-07,2.47305e-06,0.00335718,0.00335709,-9.15024e-08
1338,0,0,0.00344598,0.0034392,-6.78306e-06
1341,0,0,0.00340477,0.00319993,-0.00020484
1342,7.07364e-06,3.14061e-05,0.00339569,0.00326124,-0.00013445
1352,1.07454e-06,2.84577e-06,0.0040504,0.00404971,-6.89644e-07
1361,0.00156286,0.00282143,0.00297314,0.0030453,7.2161e-05
1365,0,0,0.00301545,0.00302038,4.93648e-06
1366,9.47411e-05,0.000192053,0.00342215,0.00346691,4.47568e-05
1367,9.15664e-07,2.85574e-06,0.00357343,0.00354249,-3.0942e-05
1368,1.34538e-05,0.000106458,0.00333065,0.0033315,8.59145e-07
1369,7.81708e-07,1.78223e-06,0.0039455,0.00394543,-6.93835e-08
1370,1.9746e-05,4.56204e-05,0.00405498,0.00405416,-8.15839e-07
1371,6.68368e-05,6.28463e-05,0.00422982,0.00459342,0.000363599
1373,0,0,0.00340618,0.00340621,3.00352e-08
1374,0,0,0.00413059,0.00413052,-7.31088e-08
1375,0,0,0.00420108,0.00420119,1.13621e-07
1379,0,0,0.00313301,0.00313297,-4.61005e-08
1380,0,0,0.00332589,0.00332614,2.4843e-07
1381,2.6656e-07,3.9984e-07,0.00322261,0.00322248,-1.22003e-07
1382,0.00372735,0.00361598,0.00368777,0.00368526,-2.50922e-06
1383,0.003987,0.00504793,0.00379993,0.00378612,-1.3802e-05
1384,0.000544892,0.00021998,0.0036794,0.00353322,-0.000146186
1385,4.29815e-07,1.44166e-06,0.00361925,0.00361887,-3.81144e-07
1386,6.58786e-06,6.60988e-05,0.00361607,0.00359222,-2.38514e-05
1389,0,0,0.00414627,0.00384511,-0.000301163
1390,0.000427868,0.00131365,0.00441214,0.00411171,-0.000300425
1391,0.000179697,0.000303676,0.00447221,0.00456676,9.45562e-05
1393,0,0,0.00382887,0.00382867,-2.01166e-07
1394,2.12565e-05,0.000116713,0.00423225,0.00423203,-2.19326e-07
1396,4.93167e-05,6.72901e-05,0.00414651,0.00414616,-3.47849e-07
1397,0.000473858,0.000773755,0.00433893,0.00457189,0.000232962
1402,0,0,0.00364547,0.00336247,-0.000283001
1403,0,0,0.00441899,0.00437344,-4.55482e-05
1405,8.42937e-08,1.43702e-07,0.00303342,0.00303376,3.41795e-07
1406,4.89498e-05,0.000100553,0.00422319,0.00422342,2.32831e-07
1408,0,0,0.00266763,0.00269347,2.58402e-05
1409,0,0,0.00414327,0.00420686,6.3593e-05
1411,0,0,0.00311417,0.00311408,-8.801e-08
1412,1.19209e-07,2.42115e-07,0.00352561,0.00352572,1.1432e-07
1413,4.17233e-07,8.70029e-07,0.00386533,0.00386592,5.83008e-07
1416,3.20981e-07,1.0112e-06,0.00296057,0.00297868,1.81107e-05
1417,0,0,0.00335124,0.00330341,-4.78318e-05
1418,0,0,0.00398795,0.00398765,-3.03145e-07
1419,0,0,0.00441079,0.00418275,-0.00022804
1421,4.17233e-07,1.55551e-06,0.00357635,0.00359081,1.44572e-05
1423,0,0,0.00427451,0.00427451,-4.65661e-09
1425,0,0,0.00369893,0.00369894,7.45058e-09
1426,0,0,0.00435709,0.00440371,4.66206e-05
1428,0,0,0.00423247,0.00423231,-1.58325e-07
1432,0,0,0.00307052,0.00309685,2.63301e-05
1433,0,0,0.0035699,0.00348724,-8.26644e-05
1434,0,0,0.0044413,0.0043205,-0.000120801
1436,1.51139e-05,7.45477e-05,0.00264136,0.00260118,-4.0178e-05
1437,0,0,0.00317234,0.00318397,1.16308e-05
1438,0,0,0.0030811,0.00307217,-8.93441e-06
1439,0.000339216,0.00176098,0.0037169,0.00350265,-0.00021425
1440,0,0,0.00405485,0.00411364,5.87935e-05
1441,5.80862e-05,0.000164219,0.00389924,0.00383452,-6.47255e-05
1442,0,0,0.00415961,0.00415996,3.49712e-07
1443,0,0,0.00387246,0.00388707,1.46094e-05
1444,0,0,0.00381967,0.0038194,-2.74507e-07
1445,3.23462e-06,1.70736e-05,0.00397051,0.00397807,7.56094e-06
1446,0.000149546,0.000182539,0.00442535,0.00439305,-3.22997e-05
1448,0,0,0.00307895,0.00307309,-5.85569e-06
1449,6.36403e-07,6.68563e-07,0.00317183,0.00317284,1.00466e-06
1450,7.17481e-05,0.000257005,0.00323886,0.00314085,-9.80159e-05
1451,0,0,0.00366437,0.00366268,-1.68523e-06
1452,0,0,0.0040596,0.0040741,1.44956e-05
1453,4.38582e-05,5.02714e-05,0.00420607,0.00420666,5.94649e-07
1454,0.000132549,0.000214245,0.00375176,0.00375156,-2.04425e-07
1455,3.02851e-05,7.14942e-05,0.00427844,0.00427806,-3.88827e-07
1456,1.41302e-06,4.18776e-06,0.00372655,0.00372601,-5.43892e-07
1457,0.000138309,0.000409434,0.00392904,0.00400353,7.44895e-05
1459,0,0,0.00276871,0.00276866,-4.77303e-08
1460,0,1.57875e-07,0.00374807,0.00374744,-6.32135e-07
1461,3.87247e-06,6.30171e-06,0.00445703,0.00450075,4.37167e-05
1462,6.10766e-07,1.30725e-06,0.00367981,0.00367858,-1.22515e-06
1464,0,0,0.00300034,0.00300034,6.98492e-10
1466,0,0,0.00370445,0.00370466,2.03494e-07
1467,0,0,0.00378814,0.00378829,1.50641e-07
1469,0,0,0.00269695,0.00269715,1.93948e-07
1472,0.000458729,0.00062922,0.00404631,0.00392211,-0.0001242
1474,6.0785e-07,8.76121e-07,0.00334958,0.00334969,1.05239e-07
1478,5.96046e-08,1.08033e-07,0.00250447,0.00250478,3.0268e-07
1481,0,0,0.00323386,0.00307197,-0.000161883
1483,0.000118622,0.000282793,0.00348639,0.00337782,-0.000108578
1484,2.93986e-05,0.000104765,0.00379026,0.00377253,-1.7728e-05
1486,1.84352e-05,9.27958e-05,0.00372937,0.00373012,7.4436e-07
1488,0.00055396,0.00252057,0.00367005,0.00341458,-0.000255477
1490,4.76837e-07,1.07889e-06,0.00283645,0.00283644,-1.21072e-08
1492,1.3328e-07,2.875e-07,0.00394768,0.00394784,1.55531e-07
1493,0.000161315,0.00178347,0.00391072,0.00385415,-5.65755e-05
1494,0.000171782,0.000453834,0.00408587,0.003975,-0.000110875
1496,6.99688e-06,1.00075e-05,0.00355792,0.0035397,-1.82157e-05
1497,0.000138329,0.000356891,0.00391405,0.00397392,5.98673e-05
1498,0,0,0.00407297,0.00405806,-1.49086e-05
1500,0.000806724,0.00151255,0.00418893,0.00434788,0.000158952
1502,1.80888e-06,4.89829e-06,0.0031009,0.00310134,4.36557e-07
1503,0,0,0.0031013,0.00310162,3.26894e-07
1504,0.000189774,0.000498603,0.00306421,0.00304605,-1.81596e-05
1505,0,0,0.00305326,0.00282158,-0.000231678
1506,0,0,0.00297122,0.00269662,-0.0002746
1507,0,0,0.00328503,0.00316612,-0.000118907
1508,0,0,0.00333919,0.00333868,-5.07105e-07
1509,2.55716e-05,3.40911e-05,0.0032508,0.00323365,-1.7141e-05
1510,6.47527e-06,8.72221e-06,0.00363475,0.00363454,-2.10246e-07
1511,0.000494831,0.000700438,0.00340342,0.00331405,-8.93688e-05
1512,0.00148361,0.00173809,0.00351021,0.00321821,-0.000291999
1513,0.000930817,0.000786887,0.00434001,0.00437888,3.8865e-05
1515,0,0,0.0030469,0.00304703,1.21538e-07
1516,1.263e-06,4.43674e-06,0.0034802,0.00350165,2.14512e-05
1517,0.000527209,0.000686248,0.00409149,0.00420412,0.000112621
1518,0.000972335,0.00133942,0.00395472,0.00429576,0.000341043
1519,0.000330195,0.000487467,0.00398517,0.00409324,0.000108075
1520,0.000261798,0.000507556,0.00362097,0.00340901,-0.000211963
1521,2.75181e-05,3.74474e-05,0.00355648,0.00355727,7.82777e-07
1522,0.0021909,0.00266748,0.00384478,0.00366628,-0.000178501
1523,3.41923e-05,8.27586e-05,0.00411943,0.00412158,2.14903e-06
1524,6.39469e-05,9.45751e-05,0.00384365,0.00384299,-6.63567e-07
1525,6.26939e-05,0.0001038,0.00406571,0.00395204,-0.000113671
1526,0.000866771,0.00145772,0.00431787,0.00444466,0.000126783
1527,0.000595241,0.00114146,0.00446541,0.00454428,7.88746e-05
1530,5.90056e-07,1.15293e-06,0.00342916,0.00342016,-9.00263e-06
1531,0,0,0.00314438,0.0029474,-0.000196979
1532,0.000577179,0.0050928,0.00328399,0.00325715,-2.68426e-05
1533,0,0,0.00352656,0.00326171,-0.000264854
1534,0,0,0.00339029,0.00359891,0.000208625
1536,1.40369e-05,3.03688e-05,0.00344772,0.00339534,-5.23794e-05
1537,3.61093e-05,4.13567e-05,0.00330762,0.00332115,1.35279e-05
1538,0.00198409,0.00494106,0.0036274,0.0035617,-6.5696e-05
1539,0.00606986,0.0317647,0.00438368,0.00375585,-0.000627832
1541,6.77031e-06,1.21199e-05,0.00286825,0.00287132,3.06522e-06
1542,6.84844e-05,0.000120631,0.00326376,0.00317397,-8.979e-05
1543,0.000340125,0.000704123,0.0034144,0.00352306,0.000108659
1545,0.00043657,0.000876842,0.00328352,0.00363685,0.000353328
1546,0.00266351,0.00255343,0.00389353,0.00376621,-0.000127317
1547,0,0,0.00308272,0.00308321,4.94998e-07
1548,0.000199497,0.000302014,0.00334521,0.00314321,-0.000202
1549,7.12267e-05,0.000130632,0.00311642,0.00312775,1.13295e-05
1550,6.59478e-05,0.000129071,0.00430961,0.00431665,7.04033e-06
1551,0,0,0.00381942,0.00398105,0.000161631
1552,0.000308266,0.000449595,0.00403532,0.00415698,0.000121665
1553,0,0,0.00390324,0.00390353,2.95928e-07
1554,2.61514e-07,5.68055e-07,0.00359312,0.00359436,1.24378e-06
1555,0,0,0.00421048,0.00421114,6.5472e-07
1556,0,0,0.00440425,0.00412291,-0.000281338
1557,3.3651e-05,6.32571e-05,0.00404191,0.00372423,-0.000317683
1558,0.000112648,0.000161227,0.00401383,0.00363017,-0.000383659
1559,8.68264e-05,0.000112063,0.00394769,0.00398045,3.27625e-05
1560,7.34855e-07,2.07822e-06,0.00392501,0.00388241,-4.25919e-05
1561,0,0,0.00406146,0.00406084,-6.24917e-07
1562,0.000176812,0.000518021,0.00388206,0.00406042,0.00017836
1563,4.99922e-05,7.47368e-05,0.00435243,0.00411467,-0.000237755
1564,0.000212559,0.000300661,0.00422064,0.00451635,0.000295713
1565,5.01797e-05,7.5671e-05,0.00389253,0.00384413,-4.83922e-05
1566,0,0,0.0042497,0.00427974,3.00412e-05
1567,0.000176048,0.000364657,0.00381496,0.0038141,-8.57282e-07
1569,2.78863e-05,8.21677e-05,0.00409352,0.0040658,-2.77162e-05
1570,0.000265944,0.000423195,0.00404682,0.00458932,0.000542496
1572,2.32981e-05,4.24618e-05,0.00263083,0.00264312,1.22928e-05
1573,0.00017076,0.000250967,0.0029323,0.00292688,-5.41331e-06
1574,0.000172588,0.000325797,0.00284817,0.00286305,1.48851e-05
1575,0,0,0.00303226,0.00291826,-0.000113994
1576,0,0,0.00317851,0.003097,-8.15135e-05
1577,0,0,0.00315005,0.00321222,6.21688e-05
1578,0,0,0.00349094,0.00349106,1.23866e-07
1579,1.4431e-05,4.81303e-05,0.00405787,0.00405739,-4.88013e-07
1581,0.000420522,0.00315275,0.00335425,0.00314026,-0.000213993
1585,0.000559466,0.000293779,0.00387999,0.00393332,5.33334e-05
1586,0.000302815,0.000396603,0.00440537,0.00405651,-0.000348866
1590,0.000876323,0.00201374,0.00261416,0.00273798,0.000123819
1591,0.000493325,0.00168706,0.00367635,0.00356094,-0.000115409
1595,0,0,0.00369378,0.00352239,-0.000171393
1596,3.20372e-06,6.34831e-06,0.00342039,0.00342004,-3.49944e-07
1600,0.000267119,0.000408695,0.00333411,0.00339714,6.30361e-05
1601,0.0154034,0.0221286,0.00358807,0.00331424,-0.000273833
1605,0.000763381,0.000599266,0.00396527,0.00416935,0.000204085
1606,0.000236792,0.00032887,0.00428457,0.00438867,0.000104101
1608,4.17754e-06,7.74126e-06,0.00268591,0.00268738,1.46637e-06
1611,0,0,0.00312816,0.00319285,6.46852e-05
1612,0.000192919,0.000662391,0.00315835,0.00311476,-4.35873e-05
1613,0.000692654,0.00114237,0.00308255,0.0032239,0.000141346
1614,2.6696e-06,4.32424e-06,0.00309971,0.00310238,2.6729e-06
1615,1.34042e-05,8.15736e-06,0.00300886,0.00300717,-1.69454e-06
1616,3.332e-06,7.39772e-06,0.00306552,0.0030652,-3.24333e-07
1617,3.71944e-06,1.49313e-05,0.00319783,0.00320505,7.22171e-06
1618,2.58027e-06,4.20001e-06,0.00313971,0.00314823,8.51671e-06
1619,0,0,0.00308974,0.00308938,-3.54601e-07
1620,3.78536e-06,6.62458e-06,0.00283959,0.00284028,6.85221e-07
1621,0,0,0.00319439,0.00319612,1.73179e-06
1622,0.00117429,0.002003,0.00355073,0.00324919,-0.000301539
1623,0.00137393,0.00475203,0.0035791,0.00351479,-6.43122e-05
1624,0.00109217,0.00231903,0.00382497,0.00371411,-0.000110858
1625,0.000568857,0.0025697,0.00350536,0.00381535,0.000309996
1626,4.76357e-05,8.59837e-05,0.00339682,0.00339714,3.15253e-07
1627,3.13954e-05,0.000128964,0.00318283,0.00315719,-2.56407e-05
1628,0,0,0.00305199,0.00305206,7.1479e-08
1629,0,0,0.00387961,0.00388047,8.57981e-07
1630,0.000100071,0.000177734,0.00370672,0.00364065,-6.60704e-05
1631,0,0,0.00381465,0.00432034,0.000505689
1632,0,0,0.00356794,0.00356789,-5.58794e-08
1633,0,0,0.00392602,0.00392491,-1.11619e-06
1634,0,0,0.00386682,0.00386636,-4.66593e-07
1637,0.00176891,0.00115803,0.00201187,0.00215394,0.000142071
1638,0.000127232,0.000108645,0.00312727,0.00304462,-8.26523e-05
1640,0.00609106,0.0068866,0.00290561,0.00292344,1.78344e-05
1641,0.00109453,0.00210995,0.00300569,0.00294687,-5.88237e-05
1642,0.000731389,0.00123638,0.00305797,0.00308627,2.83031e-05
1643,2.46194e-06,5.20343e-06,0.00281005,0.00281612,6.07711e-06
1644,1.327e-05,1.68836e-05,0.00276662,0.00276732,7.05244e-07
1645,0.000139528,0.000164925,0.00307128,0.00304817,-2.31131e-05
1646,0,0,0.00304063,0.00302931,-1.13184e-05
1647,0.00331682,0.00590537,0.00311086,0.00292026,-0.000190607
1648,0.000257748,0.00147421,0.00324531,0.00320797,-3.73409e-05
1649,4.41205e-06,1.28483e-05,0.00277309,0.0027594,-1.36911e-05
1650,0.000531661,0.000650473,0.00318337,0.00318484,1.46287e-06
1651,0,0,0.00295943,0.00296804,8.60868e-06
1652,3.16919e-06,4.77784e-06,0.00286844,0.00286125,-7.19144e-06
1653,0.0144092,0.0120818,0.00283704,0.00299895,0.000161906
1654,0.00870167,0.00648411,0.00298042,0.0027636,-0.000216819
1655,1.51424e-05,1.81074e-05,0.00277557,0.0027452,-3.03669e-05
1656,1.17947e-05,1.3279e-05,0.00305823,0.00306047,2.24309e-06
1660,0.00304474,0.00299481,0.00282364,0.00277407,-4.95785e-05
1661,0,0,0.0027946,0.00279248,-2.11736e-06
1662,7.72979e-05,0.000117506,0.00315526,0.00315113,-4.12972e-06
1664,0,0,0.00301216,0.00301277,6.04894e-07
1665,0.000216997,0.000342462,0.00319808,0.00315748,-4.05947e-05
1666,0.001872,0.00216526,0.0025282,0.00231782,-0.000210383
1667,6.78976e-06,9.04803e-06,0.00170321,0.00170254,-6.75675e-07
1670,0.00173077,0.00231712,0.00223454,0.00201671,-0.000217831
1671,0.00329459,0.00316011,0.00241148,0.00237438,-3.70997e-05
1672,0.00654293,0.00615545,0.00274955,0.00285836,0.000108814
1673,0.000166775,0.000170868,0.00386331,0.00393111,6.78052e-05
1684,0.000229251,0.0003833,0.00280858,0.00280069,-7.88993e-06
1685,0.000397714,0.000301562,0.00253557,0.00259805,6.24766e-05
1686,1.44383e-05,2.31671e-05,0.00249229,0.00250372,1.14266e-05
1687,1.60993e-05,1.91747e-05,0.00233573,0.00233599,2.54717e-07
1688,0.000790264,0.000829003,0.00251074,0.00238807,-0.000122666
1690,0.00194324,0.00365993,0.00275697,0.00243337,-0.000323597
1691,0,0,0.0027424,0.00274307,6.71251e-07
1692,0.000548666,0.000790659,0.00296513,0.00296954,4.40655e-06
1694,0.000930873,0.000554606,0.0037181,0.0035345,-0.000183599
1696,0.00187,0.00414468,0.00329025,0.00344337,0.000153122
1697,6.47515e-07,1.45019e-06,0.0028051,0.00280531,2.06288e-07
1698,2.51234e-05,5.22095e-05,0.00243767,0.00243822,5.53438e-07
1701,0.000967776,0.000482192,0.00315132,0.00312743,-2.38833e-05
1702,0,0,0.00303807,0.00308748,4.94134e-05
1703,3.09208e-05,0.000106805,0.00319047,0.0031806,-9.87225e-06
1704,0,0,0.00280989,0.00281124,1.34716e-06
1705,3.63249e-07,1.09486e-06,0.0030504,0.0030496,-7.95349e-07
1707,0.00663694,0.00855902,0.00308596,0.00316779,8.18346e-05
1708,0.00511416,0.00650873,0.00327588,0.00332828,5.24039e-05
1709,3.61103e-05,4.95713e-05,0.00315172,0.00315155,-1.77184e-07
1713,0.00031875,0.000443704,0.00332237,0.00337098,4.86027e-05
1714,0.00595056,0.00447497,0.00291751,0.00299508,7.75636e-05
1715,0.000283467,0.000200751,0.00254047,0.00252846,-1.20108e-05
1718,1.74882e-05,7.30049e-05,0.0029772,0.00298354,6.33881e-06
1719,0.0036711,0.00343492,0.0028209,0.00250131,-0.000319595
1720,0.00222521,0.00208479,0.00281738,0.00249039,-0.000326992
1721,0.000254218,9.93494e-05,0.00162202,0.00161562,-6.39574e-06
1727,0.00275209,0.0024097,0.00351331,0.00324084,-0.00027247
1729,6.59704e-05,0.000126611,0.00279951,0.00283822,3.87155e-05
1730,0.000150428,7.85686e-05,0.00234387,0.0023431,-7.72998e-07
1732,0.00549058,0.00357295,0.00346382,0.0030902,-0.000373618
1734,0.000131553,0.000150666,0.00182947,0.00183072,1.25542e-06
1739,0.000611547,0.000580031,0.00205957,0.00148724,-0.000572327
1740,0.000989004,0.000872861,0.0024666,0.00200678,-0.000459821
1741,0.000827468,0.000854797,0.00227653,0.00178151,-0.000495013
1742,0.000774059,0.000967664,0.00195806,0.00160144,-0.000356619
1743,0.000899205,0.00112965,0.00265924,0.00244074,-0.000218503
1744,0.000159135,0.000152215,0.00113465,0.00113975,5.09503e-06
1745,0.000129184,0.000249736,0.00191869,0.00191055,-8.13336e-06
1746,0.000803929,0.000838528,0.00138005,0.00138022,1.68569e-07
1747,9.43259e-05,0.000128858,0.00132059,0.00131337,-7.216e-06
1749,0.00331584,0.00269877,0.00232471,0.00202706,-0.000297649
1750,0.00307569,0.00278296,0.00225089,0.00168057,-0.00057032
1751,0.00348994,0.00284721,0.00239577,0.00191056,-0.000485208
1752,0.00320734,0.00262146,0.00230382,0.00198808,-0.000315739
1753,0.00323261,0.00267449,0.00238445,0.00195444,-0.000430008
1754,0.00365586,0.00335579,0.00248894,0.00212469,-0.000364254
1755,0.00435713,0.00372205,0.00251409,0.0022205,-0.000293594
1756,5.18052e-05,8.41247e-05,0.00159502,0.00157301,-2.20091e-05
1757,3.83275e-05,4.30511e-05,0.00140708,0.00141276,5.67583e-06
1760,0.0017211,0.0018735,0.00249545,0.00208478,-0.00041067
1761,0.00152266,0.00156275,0.00273601,0.00241227,-0.000323745
1762,9.91433e-05,0.000209591,0.000792691,0.000787672,-5.01884e-06
1763,7.16649e-05,0.000169381,0.00160093,0.00158576,-1.51728e-05
1764,0.000196597,0.000791427,0.0014069,0.00134198,-6.49185e-05
1767,0.000737937,0.000635078,0.00254323,0.00211174,-0.00043149
1768,9.47341e-05,0.0001187,0.00186263,0.00186859,5.96303e-06
1769,6.23764e-05,6.7369e-05,0.00123304,0.00123457,1.52888e-06
1770,4.59503e-05,0.000105602,0.00194807,0.00193189,-1.61879e-05
1771,1.75983e-05,2.02473e-05,0.00131372,0.00131291,-8.06409e-07
1772,0.0021107,0.00156984,0.00196983,0.00155658,-0.000413254
1773,0.00235542,0.00175165,0.00217423,0.0018195,-0.000354733
1774,0.00233765,0.00189411,0.00214748,0.00179342,-0.000354062
1775,0.00207989,0.00161346,0.00213299,0.00173637,-0.000396628
1776,0.00221644,0.00162799,0.00221846,0.00187403,-0.000344435
1777,0.00199065,0.00193991,0.00255723,0.00222543,-0.000331805
1778,4.71607e-05,0.000113437,0.00177422,0.00178407,9.85432e-06
1779,3.24056e-05,7.38017e-05,0.00355571,0.00357613,2.04227e-05
1780,2.82382e-05,0.00012909,0.00268873,0.00267857,-1.01603e-05
1781,6.38726e-05,0.000135656,0.00235308,0.00235545,2.37534e-06
1782,0.000174487,0.000216226,0.00225506,0.00224846,-6.60704e-06
1783,0.00076789,0.000818407,0.0021213,0.00159719,-0.000524108
1784,0.000608391,0.000609707,0.00252925,0.00237369,-0.000155557
1785,7.43302e-05,0.000137363,0.00213525,0.00213328,-1.96393e-06
1786,0.000169709,0.000177581,0.00159928,0.00159935,6.94999e-08
1787,0.000126633,0.000212863,0.00182777,0.0018265,-1.26939e-06
1789,0,0,0.00325116,0.00329351,4.2351e-05
1790,0.000713629,0.000735317,0.00330552,0.0030863,-0.000219215
1791,2.14514e-05,5.76406e-05,0.00225325,0.00224854,-4.7097e-06
1792,0.000408209,0.000338697,0.00223566,0.00223858,2.91085e-06
1794,6.46161e-05,3.01395e-05,0.00293149,0.00292546,-6.03427e-06
1795,0.00130792,0.00116823,0.0031804,0.00303642,-0.000143981
1796,0.0013701,0.000786883,0.00393864,0.00365598,-0.000282659
1797,6.43398e-05,2.41108e-05,0.00137925,0.0013793,4.10946e-08
1799,3.27814e-05,7.05446e-05,0.00183201,0.00182201,-1.00028e-05
1800,0.000155447,0.000524187,0.00256113,0.00256331,2.1772e-06
1801,0.00386931,0.00384325,0.00315369,0.00278002,-0.000373666
1802,0.00381266,0.0039534,0.00291355,0.00242584,-0.000487708
1803,4.72653e-05,0.000120859,0.00100084,0.00100146,6.1933e-07
1805,6.17687e-05,8.40543e-05,0.00176076,0.00177184,1.10803e-05
1806,9.57279e-05,5.89558e-05,0.00237879,0.00238106,2.26661e-06
1807,0.00152688,0.00185477,0.00264851,0.00235312,-0.000295389
1808,0.00156545,0.00185838,0.00262083,0.00240033,-0.000220496
1809,9.96087e-05,6.63786e-05,0.00112933,0.00113605,6.72636e-06
1811,0.000142131,0.000134142,0.00194017,0.00196073,2.05613e-05
1812,4.74298e-05,0.000107437,0.00149074,0.00149595,5.20644e-06
1813,0.00210633,0.00185978,0.00197606,0.00177185,-0.000204214
1814,0.00229554,0.00201347,0.00295852,0.00279347,-0.000165045
1815,0.000122404,0.000129566,0.00257839,0.00257358,-4.80725e-06
1816,3.87376e-05,0.000108184,0.00261842,0.00262174,3.31597e-06
1817,7.39688e-05,5.56083e-05,0.00108916,0.00108866,-5.00469e-07
1818,6.93731e-05,6.12541e-05,0.0028174,0.00281717,-2.35392e-07
1821,0.0046499,0.00468378,0.00346186,0.00307836,-0.000383506
1822,2.20893e-05,9.34e-05,0.00148654,0.00148692,3.79747e-07
1823,4.02826e-05,3.14772e-05,0.00127141,0.00127141,6.63567e-09
1824,7.54029e-05,4.50967e-05,0.00153907,0.00153918,1.12108e-07
1827,0.000896215,0.000901173,0.00214413,0.00193724,-0.00020689
1828,0.00080783,0.00096934,0.00215398,0.00185088,-0.000303099
1829,0.00123278,0.00113786,0.00227578,0.00207732,-0.000198467
1830,0.000373318,0.000308674,0.00212862,0.0019426,-0.000186017
1831,0.000723644,0.000854901,0.00304165,0.00291232,-0.00012933
1832,5.65625e-05,6.46982e-05,0.00245323,0.00245452,1.29058e-06
1833,0.000173584,0.00013683,0.00226107,0.00225604,-5.02937e-06
1834,8.06547e-05,1.22448e-05,0.0025716,0.00258774,1.61449e-05
1835,0.00112933,0.00164037,0.00332109,0.00329473,-2.63562e-05
1836,0.00148459,0.00209407,0.0033435,0.00298877,-0.000354726
1837,0.000596779,0.00105208,0.00327965,0.00304219,-0.000237458
1838,5.52434e-05,8.35156e-05,0.00131258,0.00131208,-4.98374e-07
1839,4.60491e-05,1.04116e-05,0.00102925,0.00103253,3.28314e-06
1840,9.04926e-05,4.26935e-05,0.00108564,0.00108626,6.23404e-07
1841,5.26256e-05,1.21759e-05,0.000964141,0.000963605,-5.36442e-07
1842,0.00254711,0.00304639,0.00154589,0.0010854,-0.000460488
1843,0.00245561,0.00305451,0.00198044,0.00153306,-0.000447378
1844,0.00220598,0.00273257,0.00210035,0.00175879,-0.000341559
1845,0.00237383,0.00298412,0.00209308,0.00182396,-0.000269122
1846,0.00246933,0.00324281,0.00245697,0.00214081,-0.000316166
1847,0.00227752,0.00274873,0.00230852,0.00210003,-0.000208488
1848,0.00243283,0.00306333,0.00216763,0.00192184,-0.000245786
1849,0.00286268,0.00322649,0.00249686,0.00225586,-0.000241003
1850,0.00299043,0.00344122,0.00248831,0.00232365,-0.000164659
1851,0.00333632,0.0038198,0.00261588,0.00236752,-0.000248357
1852,3.61652e-05,4.45688e-05,0.000958017,0.000958219,2.01981e-07
1853,8.3173e-05,0.000126302,0.00150327,0.00148226,-2.10132e-05
1854,0.000106127,0.000157247,0.000971467,0.000941812,-2.96545e-05
1855,5.30329e-05,6.58961e-05,0.00118097,0.00118291,1.94553e-06
1856,0.00230499,0.00266417,0.00192685,0.00135773,-0.000569128
1858,0.00112499,0.00125048,0.00198813,0.00157331,-0.000414823
1859,0.0018277,0.00211279,0.00196469,0.00153054,-0.000434144
1860,0.00191527,0.00240568,0.00204676,0.00150062,-0.000546142
1861,0.00139543,0.00163387,0.00214037,0.00175782,-0.00038255
1862,0.00106175,0.00138425,0.00213152,0.00178733,-0.000344191
1863,0.00142964,0.0016743,0.00209771,0.0017515,-0.000346204
1864,0.0018625,0.00204955,0.00210586,0.00190415,-0.000201715
1865,0.00214289,0.00228642,0.00207966,0.00177762,-0.000302036
1866,0.00208512,0.00221837,0.00228906,0.00198264,-0.000306417
1867,0.00176289,0.00197799,0.00239974,0.00207651,-0.000323229
1868,0.00159781,0.00182367,0.00288583,0.00267409,-0.000211739
1884,0.000849392,0.00505447,0.00263713,0.0021352,-0.000501928
1885,5.19997e-05,7.78803e-05,0.000878688,0.000879928,1.24006e-06
1886,0.000558397,0.000868719,0.00095438,0.000980217,2.58369e-05
1887,3.29838e-06,3.42163e-06,0.00101727,0.00101798,7.17817e-07
1888,0.00346224,0.00558789,0.00159707,0.00116937,-0.000427703
1889,0.00353137,0.00514524,0.00119542,0.00154005,0.000344637
1890,0.00300219,0.00433803,0.00156711,0.00179444,0.000227327
1891,1.34001e-05,3.55462e-05,0.00239337,0.00237694,-1.64281e-05
1892,2.45726e-05,3.43273e-05,0.0021226,0.00214193,1.93238e-05
1893,1.51513e-05,3.37213e-05,0.00232017,0.00231744,-2.72808e-06
1894,4.23776e-05,6.63307e-05,0.00240892,0.00239564,-1.32767e-05
1895,8.47042e-06,8.51361e-06,0.00248906,0.00248581,-3.24729e-06
1896,7.32804e-06,1.19071e-05,0.0023672,0.00236773,5.27594e-07
1897,1.62064e-05,3.95625e-05,0.0027334,0.00272511,-8.29156e-06
1898,0.000178613,0.000357015,0.00100566,0.0010093,3.64578e-06
1899,6.52329e-05,7.09088e-05,0.00126582,0.00128165,1.58316e-05
1900,0.000394507,0.000558216,0.00146175,0.00150658,4.48305e-05
1901,0.00310198,0.00359245,0.00227256,0.0016972,-0.00057536
1902,0.00389176,0.00527393,0.00251993,0.00175638,-0.000763549
1903,0.00494801,0.00555625,0.00255808,0.00225326,-0.000304822
1904,6.51368e-05,0.000102873,0.00160038,0.00158264,-1.7748e-05
1905,0.000119737,0.000279841,0.00165292,0.00167876,2.58413e-05
1906,2.89896e-05,2.13464e-05,0.00182078,0.00182842,7.64069e-06
1907,0.00231805,0.00336027,0.0010678,0.00114877,8.09717e-05
1908,0.00289629,0.00435371,0.00171758,0.00144492,-0.000272666
1909,0.00272981,0.0043538,0.0014625,0.00177359,0.000311089
1910,8.62064e-05,0.000130329,0.00169277,0.00165134,-4.14244e-05
1911,0.000457008,0.000385322,0.00165977,0.00172135,6.15773e-05
1912,0.00540183,0.00819831,0.00186908,0.00156318,-0.0003059
1913,0.0030969,0.00398194,0.00200148,0.00214183,0.000140342
1914,0.00120848,0.00194824,0.00181166,0.00178797,-2.36928e-05
1915,0.000513907,0.00125471,0.0021019,0.00208851,-1.33908e-05
1916,0.00209098,0.00328016,0.00232552,0.00217303,-0.000152486
1917,1.58896e-05,2.38177e-05,0.00249016,0.00248043,-9.7279e-06
1918,0.000120749,0.000157717,0.00272391,0.00272229,-1.61608e-06
1919,0.00108882,0.00150391,0.00124193,0.0011885,-5.34205e-05
1922,0.00746905,0.0109922,0.00236882,0.00152992,-0.000838904
1923,0.00456199,0.0050124,0.00217281,0.00173152,-0.000441289
1925,0.0037923,0.00396074,0.00220907,0.00196112,-0.000247954
1926,0.00349558,0.00632639,0.00287601,0.00238927,-0.000486746
1927,2.58752e-05,0.000112249,0.00166374,0.00169426,3.05194e-05
1928,8.99105e-05,8.65542e-05,0.00123623,0.00125977,2.3537e-05
1929,6.8773e-06,1.69117e-05,0.000859102,0.000859876,7.7422e-07
1930,0.00592556,0.00752273,0.00208171,0.00157312,-0.000508597
1931,0.0038137,0.00450539,0.00268845,0.00215903,-0.000529413
1932,0.00385686,0.0066966,0.00201964,0.00136115,-0.000658495
1933,0.0053295,0.00674769,0.00226938,0.0019459,-0.000323482
1934,0.00174556,0.0023879,0.00250992,0.00223952,-0.000270402
1935,5.73904e-06,1.86256e-05,0.00181191,0.00181003,-1.8779e-06
1936,4.07784e-05,6.79923e-05,0.00240508,0.00243735,3.22706e-05
1938,2.44511e-06,6.26408e-06,0.00159768,0.00159594,-1.73599e-06
1939,0.00195262,0.00205012,0.00273432,0.00228195,-0.000452369
1940,0.00650876,0.0079819,0.00235063,0.00205623,-0.000294399
1941,0.00426732,0.00452786,0.00270272,0.00275715,5.44346e-05
1942,0.00224832,0.00233313,0.0023899,0.00228108,-0.000108819
1943,0.000151716,0.000147375,0.00152782,0.0015164,-1.14243e-05
1944,0.00235471,0.00269557,0.00225146,0.00223892,-1.25447e-05
1945,0.000760343,0.00273483,0.00232905,0.00181089,-0.000518161
1946,0.0017227,0.00214011,0.00247675,0.00208278,-0.000393976
1947,0.00586468,0.00893064,0.00274903,0.00283404,8.50086e-05
1948,0.000737805,0.000856206,0.00224156,0.00228326,4.17049e-05
1949,7.84054e-05,4.98644e-05,0.00242549,0.00243485,9.36352e-06
1950,6.25882e-05,6.87706e-05,0.00155862,0.00160282,4.42064e-05
1951,0.000436455,0.000818742,0.00296569,0.0027864,-0.000179288
1952,0.000893419,0.00150923,0.00341285,0.0031593,-0.000253553
1953,0.00131654,0.00194177,0.00266145,0.00222467,-0.000436786
1954,5.79412e-05,0.000130143,0.00231435,0.00228804,-2.63138e-05
1955,0.000426584,0.000580258,0.00270437,0.0026832,-2.11718e-05
1956,0.000660216,0.000798112,0.00133558,0.00133723,1.64844e-06
1957,0.00976041,0.0128095,0.00215672,0.00172073,-0.000435989
1958,0.0087644,0.0114103,0.00274731,0.00237402,-0.000373281
1959,0.00953811,0.0124089,0.0021422,0.00160452,-0.000537685
1960,0.0115555,0.0149162,0.00257132,0.00190352,-0.0006678
1961,0.000897567,0.00116289,0.00104072,0.00108093,4.02023e-05
1962,5.43768e-05,3.72383e-05,0.00116794,0.00111488,-5.30641e-05
1965,0.00268801,0.00330657,0.00206714,0.00152798,-0.000539164
1966,0.00288818,0.00354021,0.00199027,0.00166856,-0.000321714
1967,0.00298063,0.00346028,0.00227601,0.00189338,-0.000382631
1968,0.00331821,0.00364101,0.00258503,0.00216704,-0.000417989
1969,0.000325925,0.000367668,0.00137734,0.00137542,-1.91573e-06
1970,7.38459e-05,1.11081e-05,0.00208126,0.00208772,6.46245e-06
1971,5.87487e-05,3.22118e-05,0.00169007,0.00166388,-2.61813e-05
1972,0.00468357,0.0071613,0.0024659,0.00239349,-7.24103e-05
1973,0.000400847,0.00153633,0.00251437,0.00222632,-0.000288045
1974,0.000432892,0.00166426,0.00269652,0.00237457,-0.000321957
1976,5.09734e-05,1.93092e-05,0.00210201,0.00212052,1.85028e-05
1977,4.26417e-05,4.5957e-05,0.00125967,0.00124623,-1.3441e-05
1978,0.00352691,0.00474377,0.00205427,0.00186456,-0.000189706
1981,0.00117678,0.000321105,0.00217347,0.00179338,-0.000380093
1982,0.00145671,0.000693502,0.00284531,0.00278924,-5.60719e-05
1983,0.000284356,0.00043253,0.00141817,0.00141538,-2.7956e-06
1984,0.00025391,0.000303904,0.00329003,0.00326953,-2.05042e-05
1988,0.00160839,0.00207254,0.00284824,0.00254523,-0.000303012
1989,0.000179418,0.000285775,0.00163549,0.00154578,-8.97127e-05
1990,4.1914e-05,4.80474e-05,0.00237285,0.00234168,-3.11695e-05
1991,1.47988e-06,3.9514e-06,0.00146271,0.00146203,-6.74743e-07
1993,0.0023515,0.0029693,0.0025454,0.00218897,-0.000356423
1994,0.00346942,0.0051343,0.00270986,0.00261917,-9.06934e-05
1995,8.18992e-05,0.000292404,0.0023433,0.00233697,-6.33649e-06
1996,0.00242801,0.00362722,0.00147769,0.00180003,0.00032234
1998,0.000140159,0.0002099,0.00132818,0.00135389,2.57121e-05
1999,0.00114458,0.00131193,0.0034638,0.00311117,-0.000352627
2000,0.00137885,0.0020382,0.00286823,0.00296948,0.000101249
2001,8.98601e-05,9.45434e-05,0.0025797,0.00260643,2.67334e-05
2004,0.000522442,0.000692117,0.00255763,0.00226573,-0.000291902
2005,0.0012877,0.0019146,0.00273535,0.00241085,-0.000324503
2010,0.000188962,0.000235217,0.00207215,0.00202317,-4.89736e-05
2011,0.00160213,0.00274112,0.00243036,0.00215182,-0.000278541
2014,3.32207e-05,1.83705e-05,0.0015642,0.00157485,1.06558e-05
2015,0.00104278,0.00160515,0.00244874,0.00227148,-0.000177263
2016,0.000170162,0.000284623,0.00338123,0.0033778,-3.42401e-06
2020,5.07655e-05,8.02969e-05,0.00116266,0.00116719,4.52821e-06
2021,0.000413256,0.000642873,0.000537984,0.000540823,2.83908e-06
2022,1.46883e-05,2.77781e-05,0.000995919,0.000983856,-1.2063e-05
2024,0.00331506,0.00432363,0.00151728,0.000939728,-0.00057755
2025,0.00522224,0.00649315,0.00360658,0.0034792,-0.00012738
2026,0.000222173,0.000265847,0.00253298,0.00255363,2.06516e-05
2027,0.000250464,0.000272215,0.00336856,0.00345409,8.55366e-05
2029,0.00132856,0.00193922,0.00276992,0.00282307,5.31457e-05
2030,0.0045282,0.00562526,0.00311002,0.00280955,-0.000300477
2031,0.00454298,0.00555514,0.00379327,0.00349514,-0.00029813
2032,0.00120104,0.00177592,0.00167378,0.0017416,6.7816e-05
2033,0.000166082,0.000239328,0.00246207,0.00247165,9.57702e-06
2035,0.000134506,0.000181247,0.00119871,0.00119377,-4.94171e-06
2037,0.00212943,0.00220537,0.00301953,0.00265382,-0.000365708
2038,0.000180908,0.000247633,0.00171378,0.00171415,3.65311e-07
2039,0.000196592,0.000340486,0.00221992,0.0022468,2.68726e-05
2041,0.00166753,0.00248556,0.00205027,0.0021873,0.000137028
2042,0.00525679,0.00725,0.00311104,0.00302736,-8.36847e-05
2043,0.0036352,0.00478876,0.00218007,0.0019424,-0.000237673
2044,0.00409002,0.00562618,0.00251582,0.00257659,6.07632e-05
2048,0.000104166,0.000193273,0.00210491,0.00210954,4.62821e-06
2052,0.000617993,0.00102574,0.00300114,0.0029495,-5.16395e-05
2056,0.000980369,0.00122455,0.00336994,0.00302193,-0.000348009
2057,0.000112966,0.000128088,0.00206875,0.00205694,-1.18061e-05
2063,0.00364879,0.00454951,0.00270282,0.00238972,-0.000313094
2065,0.00029134,0.000466443,0.00121242,0.00121104,-1.3808e-06
2066,0.000244282,0.000352886,0.00102492,0.00104545,2.05317e-05
2068,0.0029181,0.00419263,0.00194577,0.00131251,-0.000633267
2069,0.00376486,0.00581086,0.00234939,0.00229668,-5.27133e-05
2070,0.00277189,0.00420824,0.00238435,0.00231236,-7.1987e-05
2071,0.0022671,0.00420938,0.00303107,0.00266621,-0.00036486
2072,0.000301221,0.000427186,0.000938681,0.000943599,4.91802e-06
2080,0.00382833,0.00478824,0.00262577,0.00153498,-0.00109079
2082,0.00537575,0.00787312,0.00248845,0.00196913,-0.000519329
2089,0.000563903,0.0010893,0.00202241,0.00138065,-0.000641767
2092,8.05117e-06,0.000115121,0.00100207,0.00100099,-1.08255e-06
2093,0.000224074,0.000308942,0.00117724,0.00118952,1.22755e-05
2094,0.000892081,0.00131862,0.00207427,0.00205426,-2.00104e-05
2095,0.00053214,0.000806629,0.00137843,0.00138153,3.09327e-06
2098,0.00012638,0.000333656,0.00147771,0.00148035,2.63727e-06
2120,0.000549243,0.000892311,0.00287069,0.0029249,5.42067e-05
2123,0.00303017,0.0047657,0.00340642,0.00302735,-0.00037907
2124,0.0073335,0.01004,0.00331595,0.00327104,-4.49081e-05
2125,0.000783003,0.000544197,0.00256443,0.00247638,-8.80565e-05
2126,0.0011442,0.00299138,0.00309298,0.00300688,-8.60984e-05
2127,0.00303023,0.00491393,0.00315962,0.00281869,-0.000340926
2129,0.00471553,0.00735006,0.00339426,0.00304613,-0.000348128
2130,0.00176409,0.00275808,0.00255687,0.00217187,-0.000384999
2133,0.000353997,0.00053997,0.00152818,0.00152301,-5.1785e-06
2134,0.000353384,0.000552739,0.00242839,0.00239246,-3.59367e-05
2135,0.00139099,0.00163203,0.00258408,0.00211162,-0.00047246
2136,0.00146039,0.00190071,0.00262658,0.00256306,-6.35199e-05
2137,0.000927907,0.00135108,0.00368569,0.00353417,-0.000151517
2138,0.00169252,0.00255088,0.00263667,0.00224951,-0.000387159
2139,4.04468e-06,2.37342e-05,0.00236068,0.0023656,4.91715e-06
2140,0.00033624,0.000664316,0.00273187,0.00277569,4.38183e-05
2141,0.00204798,0.00291237,0.0021281,0.00181064,-0.000317463
2142,0.00103019,0.00159665,0.00221981,0.00192048,-0.000299334
2143,0.00126934,0.00180027,0.00306883,0.00292449,-0.000144338
2144,0.000855977,0.00137102,0.00253156,0.00238583,-0.000145733
2145,6.46808e-05,6.99989e-05,0.00169068,0.00169013,-5.57513e-07
2146,4.83065e-05,0.000122662,0.00230599,0.00230486,-1.12457e-06
2147,0.00150348,0.00222064,0.0019296,0.00155706,-0.000372536
2148,0.00332941,0.00458479,0.00181448,0.00145838,-0.000356105
2149,0.00428719,0.00579535,0.00255312,0.00241394,-0.000139185
2150,0.00391796,0.00547976,0.00190934,0.0015966,-0.000312737
2151,0.00422369,0.00581217,0.00255297,0.00233573,-0.000217249
2152,8.38637e-06,5.30363e-06,0.00152991,0.00153019,2.8091e-07
2153,3.59435e-05,6.22567e-05,0.00161983,0.00162473,4.9026e-06
2154,0.00167271,0.00241721,0.00192039,0.00146876,-0.000451634
2155,0.0016889,0.00251368,0.00193326,0.00152377,-0.00040949
2156,0.00173217,0.00248771,0.00408182,0.00411187,3.00417e-05
2158,0.000212993,0.000353995,0.00122306,0.00122658,3.51924e-06
2159,1.1578e-05,1.33796e-05,0.00175006,0.00174417,-5.89213e-06
2161,5.752e-05,3.34226e-05,0.000967881,0.000970026,2.14553e-06
2168,0.0025824,0.00307881,0.00303507,0.00292786,-0.000107208
2169,0.00225746,0.00268773,0.00320461,0.00311155,-9.30626e-05
2170,9.69731e-05,0.000178444,0.00192644,0.00190821,-1.82331e-05
2171,5.38139e-05,0.000110209,0.00342979,0.00341654,-1.32474e-05
2172,3.38289e-05,2.75323e-05,0.00192978,0.00193263,2.84554e-06
2173,3.02046e-05,4.37286e-05,0.00319409,0.00323613,4.20397e-05
2174,0.000273717,0.000588479,0.00364357,0.0036188,-2.47769e-05
2175,0.00169945,0.00219058,0.00344246,0.00319215,-0.000250314
2177,7.16128e-05,5.31678e-05,0.00215627,0.00215804,1.77068e-06
2178,0.0261502,0.0315542,0.00142281,0.00137442,-4.83883e-05
2180,0.0253023,0.0294335,0.00266557,0.0025668,-9.87691e-05
2181,0.0260771,0.0314357,0.00264045,0.00261716,-2.32959e-05
2182,0.0241329,0.0199994,0.00247907,0.00218478,-0.00029429
2183,0.025267,0.0224094,0.00268948,0.00249854,-0.000190944
2184,0.000148379,0.000174005,0.00277665,0.00278113,4.48478e-06
2185,2.10425e-05,6.27799e-05,0.00152445,0.00152465,2.03727e-07
2189,0.000182912,0.000210622,0.00278493,0.00279386,8.92882e-06
2190,2.23284e-05,2.36086e-05,0.0016926,0.00167965,-1.29425e-05
2194,5.78341e-05,0.000106824,0.00156554,0.0015576,-7.94849e-06
2195,0.0130195,0.0218431,0.00269736,0.00162633,-0.00107104
2198,8.43113e-05,9.60434e-05,0.00217474,0.00219337,1.8633e-05
2199,4.87821e-05,5.24358e-05,0.00179357,0.0017978,4.22657e-06
2200,8.99976e-05,0.00011119,0.00128798,0.00129273,4.74637e-06
2204,4.1956e-05,3.79666e-05,0.00202182,0.00201804,-3.78024e-06
2205,6.33216e-05,9.54704e-05,0.00165096,0.00166005,9.08854e-06
2209,5.44126e-05,5.24905e-05,0.00135384,0.00135317,-6.72415e-07
2210,0.000200491,0.00030109,0.00146,0.00144984,-1.01641e-05
2211,5.95887e-05,4.53426e-05,0.00194379,0.00195898,1.51837e-05
2215,0.000258801,0.000278364,0.0024466,0.00243633,-1.02664e-05
2216,0.00257116,0.0029905,0.00272601,0.00218874,-0.000537276
2219,4.11636e-05,7.43655e-05,0.00119626,0.0011969,6.36443e-07
2220,0.000113734,0.000109476,0.00142761,0.00143882,1.12022e-05
2221,9.8017e-05,0.000121925,0.0023764,0.00236823,-8.17678e-06
2224,0.000197912,0.000278421,0.00364204,0.00365496,1.29177e-05
2225,3.79773e-05,5.07915e-05,0.00151897,0.00151904,7.12462e-08
2226,0.000668818,0.00103953,0.00344854,0.00332162,-0.000126918
2229,0.000468242,0.000600764,0.0033255,0.0032395,-8.60072e-05
2230,0.000626177,0.000848084,0.00344137,0.0034978,5.64274e-05
2231,1.08269e-05,3.33122e-05,0.0010148,0.00101384,-9.59262e-07
2234,0.00010715,0.000159328,0.00165231,0.00165286,5.55767e-07
2235,9.7436e-05,0.000106901,0.00169887,0.00170495,6.08596e-06
2236,9.66829e-05,0.000131542,0.00164866,0.00167194,2.32822e-05
2237,5.64937e-05,7.47707e-05,0.00169595,0.00169603,8.44011e-08
2240,0.00026303,0.000415899,0.00171849,0.00146227,-0.000256224
2241,0.000369538,0.000572487,0.00172515,0.00153532,-0.00018983
2242,0.000125327,0.000267289,0.00167927,0.00145296,-0.000226317
2243,0.000287086,0.000414904,0.00210845,0.0019266,-0.000181859
2244,9.15472e-05,9.92797e-05,0.00229068,0.00211626,-0.000174416
2245,0.000639676,0.000864583,0.00362793,0.00357346,-5.44703e-05
2246,0.000114957,0.000123025,0.00326356,0.00325704,-6.52717e-06
2247,0.000118549,0.000155516,0.00204635,0.00204193,-4.41819e-06
2248,4.51084e-05,8.62897e-05,0.0013054,0.00130606,6.58678e-07
2249,0.000521326,0.000628295,0.00270554,0.00270648,9.40403e-07
2250,0.000423938,0.000653323,0.00286924,0.00285824,-1.10031e-05
2252,3.68762e-05,4.97705e-05,0.00197281,0.00196823,-4.57792e-06
2253,0.000204859,0.000192598,0.00292976,0.00293692,7.15628e-06
2254,0.000259297,0.000267366,0.00330201,0.00320754,-9.44748e-05
2255,0.000212919,0.000310534,0.00323568,0.00319248,-4.31959e-05
2256,0.00028731,0.000225328,0.00334291,0.00325969,-8.32221e-05
2257,0.000462332,0.00060529,0.00373066,0.00361147,-0.00011919
2258,3.89931e-05,5.47012e-05,0.00140124,0.00140225,1.01048e-06
2261,0.000367171,0.000596066,0.00265277,0.00265408,1.31736e-06
2262,0.000124737,0.000203346,0.00241058,0.00241073,1.58325e-07
2263,0.000162698,0.000256996,0.00255041,0.0025427,-7.70646e-06
2267,0.000444248,0.000737481,0.00169157,0.00157506,-0.000116504
2268,0.000365341,0.00054972,0.0024932,0.00249293,-2.6077e-07
2269,0.000422686,0.000746015,0.00188302,0.00176039,-0.000122634
2270,0.000306528,0.000518045,0.00157365,0.001467,-0.000106649
2271,0.00039405,0.000449599,0.00240066,0.0023321,-6.85579e-05
2272,0.000348543,0.000617206,0.00229355,0.0021805,-0.00011305
2273,0.000364268,0.000618732,0.00191434,0.00176802,-0.00014632
2274,0.00024361,0.000350824,0.00218077,0.00207902,-0.00010175
2275,0.000284397,0.000502552,0.00257303,0.00245233,-0.000120709
2276,0.000153557,0.000186752,0.00225208,0.00226094,8.85548e-06
2277,5.65516e-05,0.000121536,0.00229945,0.00232036,2.09108e-05
2278,4.52289e-05,0.000100089,0.0015858,0.0015844,-1.3985e-06
2279,3.47529e-05,6.02963e-05,0.00228202,0.00228187,-1.52737e-07
2280,0.000120346,0.000176592,0.00327427,0.00328102,6.74138e-06
2281,7.63191e-05,0.000139943,0.00265272,0.00265605,3.32668e-06
2282,1.69522e-05,2.99332e-05,0.00122187,0.0012128,-9.0783e-06
2284,8.15192e-05,9.72607e-05,0.00210214,0.002106,3.85148e-06
2285,0.00059899,0.00068353,0.00243636,0.00233276,-0.0001036
2286,0.000768982,0.000725959,0.00155907,0.00129232,-0.000266752
2287,0.000800817,0.00030673,0.00369348,0.0035481,-0.000145378
2288,5.24084e-05,8.47556e-05,0.00187804,0.00188479,6.74184e-06
2289,7.27576e-05,0.000100484,0.00234664,0.00234504,-1.60141e-06
2290,8.64198e-05,0.000197034,0.00249091,0.00249759,6.68783e-06
2291,0.000242946,0.000360759,0.0032389,0.00322182,-1.70807e-05
2294,5.51081e-05,2.03561e-05,0.00108062,0.00107838,-2.23552e-06
2295,0.000199948,0.000271353,0.00152945,0.00152837,-1.08581e-06
2296,0.000522581,0.000684373,0.00124872,0.000984548,-0.000264171
2298,0.000330504,0.000198419,0.00182209,0.00163639,-0.000185698
2299,0.000205855,0.000290477,0.00181151,0.00157528,-0.000236231
2300,0.000330549,0.000413058,0.00199327,0.00186553,-0.000127737
2301,0.000337613,0.000267909,0.00313836,0.00303752,-0.000100833
2302,8.7225e-05,0.000113614,0.00224701,0.0022572,1.01912e-05
2303,2.34685e-05,4.59575e-05,0.00187299,0.00188098,7.99773e-06
2304,5.71186e-05,7.11146e-05,0.00209156,0.00209149,-7.47386e-08
2305,9.93654e-05,0.000132973,0.00261658,0.00260774,-8.83406e-06
2306,0.000128499,0.000239387,0.00187839,0.00187127,-7.12427e-06
2308,0.000122677,0.000169413,0.00228308,0.00228412,1.04425e-06
2310,0.000524741,0.000670615,0.00249616,0.00243199,-6.41725e-05
2311,0.000929095,0.00142761,0.00285352,0.00287319,1.96742e-05
2312,6.26816e-05,9.31176e-05,0.00179287,0.00177911,-1.37588e-05
2315,6.17326e-05,0.000105493,0.00201364,0.00202744,1.38006e-05
2316,7.57408e-05,0.000188446,0.00321717,0.00318964,-2.7521e-05
2319,0.000729938,0.000560577,0.002316,0.00198938,-0.000326623
2321,0.000639532,0.000364865,0.00204689,0.00144047,-0.000606426
2322,0.00075771,0.000775872,0.00247589,0.00221535,-0.000260544
2323,0.000957418,0.00154626,0.00326191,0.00287137,-0.000390545
2324,0.000261377,0.000340783,0.00170462,0.00170587,1.24751e-06
2325,0.000119028,8.33553e-05,0.00223854,0.0022484,9.85316e-06
2326,4.76005e-05,6.32435e-05,0.00204363,0.00203062,-1.30164e-05
2327,0.000153246,0.000182445,0.00187773,0.00188525,7.51542e-06
2328,9.61179e-05,0.00012719,0.00211244,0.00211192,-5.13624e-07
2329,0.000109508,0.000148581,0.00306019,0.00305524,-4.94765e-06
2330,7.47361e-05,0.000117216,0.00107992,0.00107618,-3.74019e-06
2331,0.00020419,0.000353478,0.00198124,0.001993,1.17645e-05
2332,3.87156e-05,5.33789e-05,0.00123796,0.00123225,-5.70563e-06
2333,0.000109209,0.000133337,0.00253515,0.00253277,-2.37999e-06
2334,2.23914e-05,4.15853e-05,0.00248037,0.00247276,-7.60867e-06
2335,5.14538e-05,5.45485e-05,0.000896585,0.000895416,-1.16904e-06
2337,0.00045601,0.000580422,0.00250785,0.0021634,-0.000344457
2338,8.4837e-05,0.000127251,0.00174241,0.00174001,-2.39618e-06
2339,3.83856e-05,8.52005e-05,0.00148623,0.00148521,-1.02352e-06
2340,5.68995e-05,4.81304e-05,0.00138501,0.00138007,-4.93648e-06
2341,0.000557561,0.000729705,0.00223084,0.00223358,2.73832e-06
2342,0.000149586,0.00019944,0.00207877,0.00207093,-7.84057e-06
2343,0.000276663,0.000418595,0.00161152,0.00160662,-4.89864e-06
2344,8.71363e-06,1.62658e-05,0.00181658,0.00181718,6.00936e-07
2345,3.64951e-05,4.44329e-05,0.00236588,0.00235366,-1.22273e-05
2346,9.52024e-05,9.37015e-05,0.00194208,0.00194149,-5.83823e-07
2347,3.2439e-05,7.13109e-05,0.00115475,0.00115584,1.08732e-06
2348,5.87189e-05,0.000101775,0.00289149,0.00288266,-8.82568e-06
2349,0.000257137,0.000380385,0.002128,0.00212859,5.93252e-07
2350,0.000109051,0.000127872,0.00243566,0.00241532,-2.03385e-05
2351,2.05219e-05,3.07584e-05,0.00245851,0.00245864,1.29687e-07
2352,0.000117287,0.000155946,0.00107121,0.00107045,-7.5635e-07
2353,0.000244598,0.000274403,0.00215647,0.00215297,-3.50061e-06
2354,0.000209797,0.000191841,0.00179023,0.00177726,-1.2974e-05
2355,5.26007e-05,0.000141957,0.00230912,0.00230256,-6.56163e-06
2356,0.00043081,0.000586938,0.00262629,0.00225932,-0.00036697
2357,0.000100965,0.000182768,0.00269706,0.00271553,1.84739e-05
2358,2.29174e-05,3.96304e-05,0.00253124,0.00253173,4.91505e-07
2359,8.75905e-05,0.000131066,0.00358708,0.00358991,2.83308e-06
2360,8.32945e-05,9.70385e-05,0.00386836,0.00386221,-6.15255e-06
2361,1.89272e-05,7.81595e-05,0.00219456,0.00220024,5.67897e-06
2362,1.69747e-05,6.94181e-05,0.00234577,0.00234675,9.75328e-07
2363,0.000117459,0.000197141,0.00358083,0.00357704,-3.78606e-06
2364,0.000124125,0.000170057,0.00241757,0.0024058,-1.17647e-05
2365,0.000297349,0.000516398,0.00260904,0.00258028,-2.87665e-05
2366,9.60845e-05,0.000140028,0.00189593,0.00189027,-5.66442e-06
2367,5.68746e-05,0.000192863,0.00216298,0.00215141,-1.15698e-05
2368,0.000226437,0.000322007,0.00303301,0.00305368,2.06758e-05
2369,0.000218329,0.000294781,0.0023126,0.00232667,1.40674e-05
2370,5.72872e-05,0.000116697,0.00146285,0.00146335,5.03729e-07
2371,0.000231211,0.000423606,0.00275304,0.00273792,-1.51191e-05
2372,0.000576758,0.000571995,0.00220164,0.00209849,-0.000103149
2373,0.00106132,0.00127463,0.00267083,0.00263428,-3.65449e-05
2374,0.000431676,0.000280907,0.00139628,0.00117457,-0.000221712
2375,0.000487912,0.000403043,0.00217124,0.00208062,-9.06237e-05
2376,0.00060695,0.000816465,0.00242309,0.00232619,-9.68988e-05
2377,0.000416583,0.000140084,0.00182194,0.00164336,-0.000178575
2378,0.000345788,0.0001677,0.00203388,0.00187204,-0.000161836
2379,0.000567708,0.000724154,0.00243501,0.00232694,-0.000108072
2380,0.000450303,0.00026204,0.001668,0.00151292,-0.000155082
2381,0.000383206,0.0003834,0.00215206,0.00202023,-0.000131827
2382,0.000410776,0.000338827,0.00239553,0.00228459,-0.000110944
2383,0.000461822,0.000402235,0.0021785,0.0020164,-0.000162104
2384,0.000491431,0.000551941,0.00269134,0.00261007,-8.1274e-05
2385,5.51932e-05,8.19141e-05,0.00192626,0.00190103,-2.52284e-05
2386,3.44846e-05,0.000130117,0.00289567,0.00289485,-8.27247e-07
2387,8.98444e-05,0.000132969,0.00295318,0.00294802,-5.15254e-06
2388,4.26695e-05,8.30185e-05,0.00262294,0.00262401,1.07056e-06
2389,7.36385e-05,0.000111963,0.00143338,0.00143386,4.75091e-07
2390,0.000208214,0.000433572,0.00274292,0.00275681,1.38942e-05
2391,0.000440443,0.000235052,0.0021145,0.00190725,-0.000207247
2392,0.000292895,0.000152205,0.00220235,0.00200078,-0.000201563
2393,0.000364205,0.000187108,0.00229959,0.00212328,-0.000176311
2394,0.000389582,0.000475417,0.00280825,0.00262261,-0.000185637
2395,0.000603685,0.000815842,0.0026808,0.00255933,-0.000121469
2396,0.000294758,0.000259267,0.00197301,0.00177913,-0.000193886
2397,0.000601465,0.000627055,0.00299084,0.00283695,-0.000153882
2398,4.61987e-05,9.0584e-05,0.00156809,0.00156707,-1.02434e-06
2399,5.86388e-05,0.000139719,0.00133747,0.00133924,1.76928e-06
2400,1.467e-05,3.10162e-05,0.00123584,0.00123504,-8.01054e-07
2401,4.60573e-05,7.84868e-05,0.00272599,0.00272472,-1.27405e-06
2402,3.44295e-05,5.67108e-05,0.00146577,0.00146469,-1.08744e-06
2403,0.000214561,0.000364424,0.00145925,0.00146392,4.67093e-06
2404,0.000583605,0.000907722,0.00235353,0.00209328,-0.000260247
2405,0.000390431,0.000602165,0.00176336,0.00126292,-0.000500437
2406,0.000636389,0.000947474,0.00192314,0.00154377,-0.000379364
2407,0.000642312,0.0011243,0.00192311,0.00162708,-0.000296029
2408,0.000568533,0.00103371,0.00200362,0.00159156,-0.000412061
2409,0.000449086,0.000844065,0.00178884,0.00142097,-0.000367876
2410,0.000556347,0.000920482,0.00194045,0.00162366,-0.000316787
2411,0.000687393,0.00117792,0.00219958,0.00184844,-0.000351144
2412,0.000654111,0.00103879,0.00201267,0.00159237,-0.0004203
2413,0.000656176,0.00115804,0.00198739,0.00164908,-0.000338308
2414,0.000427554,0.000798426,0.00225957,0.00195588,-0.000303691
2415,0.000631618,0.0010417,0.00209523,0.0017982,-0.000297027
2416,0.000637042,0.00103352,0.00238748,0.00210631,-0.000281168
2417,0.00074375,0.00126339,0.0021438,0.00190168,-0.000242115
2418,0.000607743,0.00102717,0.00265498,0.00248452,-0.00017046
2419,2.33733e-05,7.7007e-05,0.00116493,0.00116724,2.3091e-06
2420,5.59083e-05,4.25711e-05,0.00136729,0.00135437,-1.29276e-05
2421,9.70658e-05,0.000151547,0.00217192,0.00217587,3.95509e-06
2422,2.97059e-05,4.1833e-05,0.00169867,0.00167212,-2.65577e-05
2423,0.000101054,0.000131642,0.00169524,0.00171858,2.33422e-05
2424,0.000116556,0.000147101,0.00144917,0.00145192,2.7495e-06
2425,0.000328002,0.00048478,0.00141699,0.00140373,-1.32574e-05
2426,8.32423e-05,0.000183493,0.00187411,0.00189432,2.02098e-05
2427,9.39724e-05,0.000101002,0.0021398,0.00215266,1.28611e-05
2428,2.5814e-05,6.12082e-05,0.00225496,0.00225515,1.97673e-07
2429,8.60081e-05,0.000155378,0.00159934,0.00162317,2.38362e-05
2430,0.000103359,1.3628e-05,0.00199365,0.00199795,4.30574e-06
2431,4.90857e-05,0.000188377,0.00242399,0.00240812,-1.58704e-05
2432,0.000120644,0.000180528,0.00276815,0.00276373,-4.41424e-06
2433,0.00012259,0.000353171,0.0022047,0.00220363,-1.07358e-06
2434,0.000120971,0.000184766,0.00210781,0.00209118,-1.66313e-05
2435,5.69083e-05,7.93643e-05,0.00114261,0.00114109,-1.5148e-06
2436,9.20583e-05,0.000127388,0.00214289,0.00216113,1.82344e-05
2437,0.000100996,0.000129993,0.00218245,0.00217427,-8.17887e-06
2438,6.12937e-05,0.000122972,0.00181118,0.00179344,-1.77386e-05
2439,0.000110993,8.40175e-05,0.00205536,0.00206811,1.27461e-05
2440,4.26552e-05,0.00010537,0.00245042,0.00244116,-9.25339e-06
2441,6.30994e-05,7.90566e-05,0.00237202,0.00240949,3.74657e-05
2442,9.82798e-05,0.000174632,0.00235973,0.00236424,4.51179e-06
2443,4.93119e-05,0.000116956,0.00253449,0.00252963,-4.86779e-06
2444,6.42889e-05,9.46495e-05,0.00195419,0.00194664,-7.55303e-06
2445,1.31126e-05,3.25112e-05,0.00194645,0.00193923,-7.2195e-06
2446,5.25691e-05,7.48005e-05,0.00142927,0.00142948,2.13971e-07
2447,2.29464e-05,1.75535e-05,0.00150784,0.00151038,2.541e-06
2449,8.38226e-05,9.87598e-05,0.00182768,0.00183115,3.46743e-06
2450,7.99797e-06,1.59395e-05,0.00185196,0.00185182,-1.41445e-07
2451,4.46446e-05,0.000116665,0.00193939,0.00193364,-5.74638e-06
2452,0.000260757,0.000364343,0.00255379,0.00255897,5.18025e-06
2453,8.29627e-05,0.000126282,0.00148366,0.00147962,-4.0473e-06
2454,7.1421e-05,0.000159267,0.00240961,0.00241946,9.85316e-06
2455,6.10668e-05,5.5853e-05,0.0019924,0.00199118,-1.22492e-06
2456,0.00013434,0.000224974,0.00167929,0.00167955,2.63681e-07
2457,5.76313e-05,0.000126658,0.00255551,0.00255223,-3.2743e-06
2458,3.57321e-05,9.27989e-05,0.00219507,0.00219531,2.32365e-07
2459,9.79137e-05,0.000208945,0.00217991,0.00217994,2.51457e-08
2460,4.44401e-05,6.87831e-05,0.00267522,0.00267836,3.14298e-06
2461,3.59005e-05,1.57238e-05,0.00322323,0.00320711,-1.61182e-05
2462,7.50804e-05,0.000180646,0.00263561,0.00263356,-2.04938e-06
2463,0.000162442,0.000210758,0.00142793,0.00143409,6.1621e-06
2464,0.000141403,0.000237431,0.00197829,0.00197476,-3.53321e-06
2465,2.30594e-05,6.38913e-05,0.00136872,0.00136783,-8.83476e-07
2466,4.68518e-05,7.77372e-05,0.00165259,0.0016594,6.8089e-06
2467,5.08283e-05,7.25927e-05,0.0018956,0.00190954,1.39449e-05
2468,3.37384e-05,5.41147e-05,0.00301178,0.00301777,5.99283e-06
2469,4.20335e-05,0.000118357,0.00218307,0.00218208,-9.98145e-07
2470,9.99228e-05,0.000141724,0.00276609,0.002785,1.89047e-05
2471,5.73039e-05,0.000105303,0.00273035,0.00267821,-5.21364e-05
2472,0.000117414,0.000100848,0.00265615,0.00264206,-1.40914e-05
2473,3.96956e-05,3.89718e-05,0.00241867,0.00240821,-1.04513e-05
2474,0.000121555,0.0001399,0.0027974,0.00279183,-5.56954e-06
2475,7.73173e-05,0.00010121,0.0021751,0.00219209,1.69927e-05
2476,3.22494e-05,4.81555e-05,0.00213629,0.00213632,2.98023e-08
2477,0.000379945,0.000553968,0.00172645,0.00160261,-0.000123834
2478,0.000517343,0.000742377,0.00255727,0.00247313,-8.41361e-05
2479,0.000396888,0.00066598,0.00235608,0.00233656,-1.95273e-05
2480,0.000346534,0.00047154,0.00157174,0.00142711,-0.00014463
2481,0.000453231,0.000654716,0.00252106,0.00246661,-5.44516e-05
2482,2.08333e-05,5.40988e-05,0.00107952,0.00107964,1.16881e-07
2483,9.1061e-05,0.000149166,0.00215051,0.00213693,-1.35808e-05
2484,0.00014795,0.000197579,0.001351,0.00135618,5.17489e-06
2485,4.71931e-05,0.00012185,0.00177917,0.00176611,-1.30564e-05
2486,7.40994e-05,0.000176105,0.00142843,0.00143912,1.0694e-05
2487,3.56471e-05,5.39892e-05,0.00197327,0.00196326,-1.00108e-05
2488,0.00013718,0.000216043,0.00219307,0.00218283,-1.02341e-05
2489,4.87154e-05,6.74168e-05,0.00216223,0.00216861,6.37933e-06
2490,0.00100546,0.00122572,0.00292062,0.00277797,-0.000142651
2491,3.41124e-05,3.15912e-05,0.00146971,0.00145829,-1.14205e-05
2494,0.000187319,0.000254843,0.00177263,0.00177514,2.51899e-06
2495,8.14639e-05,0.000143237,0.00174258,0.00174388,1.29128e-06
2498,5.97858e-05,6.17438e-05,0.0019826,0.00200004,1.74402e-05
2499,6.16981e-05,7.26344e-05,0.00207945,0.00208517,5.72414e-06
2501,8.83854e-05,0.000101042,0.00207821,0.00208799,9.77912e-06
2502,5.12708e-05,7.8504e-05,0.0021588,0.00217327,1.44648e-05
2503,6.21586e-05,7.73534e-05,0.00223589,0.00224495,9.05991e-06
2504,5.68726e-05,6.70482e-05,0.00220512,0.0022049,-2.23052e-07
2505,0.000101258,0.000145677,0.00360051,0.00359876,-1.75601e-06
2506,3.18304e-05,0.000108527,0.00313071,0.00315771,2.70072e-05
2507,7.00222e-05,8.51626e-05,0.00278843,0.00277699,-1.14457e-05
2508,5.42277e-05,6.84444e-05,0.00169572,0.00169524,-4.86383e-07
2509,4.63137e-05,5.62011e-05,0.00317291,0.00317102,-1.8836e-06
2510,0.000192642,0.000355789,0.00307213,0.00311908,4.69447e-05
2511,0.000217843,0.000198002,0.00296508,0.00294041,-2.46656e-05
2512,1.81661e-05,3.09591e-05,0.00169531,0.00168088,-1.44341e-05
2513,4.8761e-05,7.55683e-05,0.0016993,0.00169938,8.3237e-08
2515,2.7474e-05,4.00828e-05,0.00154261,0.00154284,2.29222e-07
2516,0.000417337,0.000759864,0.00171884,0.0014348,-0.000284047
2517,0.000393904,0.000667675,0.00166399,0.00143901,-0.000224975
2518,0.000227229,0.000510241,0.00220275,0.00198819,-0.000214552
2519,0.000129628,0.000211727,0.00219192,0.00202223,-0.000169696
2520,0.000141503,0.000216438,0.00239156,0.00219026,-0.000201297
2521,0.000150661,0.000242621,0.00239796,0.00227508,-0.000122887
2522,0.000180018,0.000482025,0.00274617,0.00272834,-1.7826e-05
2523,3.34043e-05,4.00132e-05,0.00135343,0.00135365,2.12342e-07
2524,6.30199e-05,9.55008e-05,0.00232766,0.00232689,-7.6904e-07
2525,3.05494e-05,4.26864e-05,0.00116926,0.00117047,1.2099e-06
2526,6.50033e-05,0.000120367,0.00301635,0.00301913,2.77651e-06
2527,3.67692e-05,3.90249e-05,0.0032059,0.00320001,-5.89085e-06
2528,9.64277e-05,0.000119212,0.00184817,0.00184384,-4.32541e-06
2529,1.10754e-05,1.41001e-05,0.00151332,0.00151246,-8.6776e-07
2530,7.46232e-05,8.98331e-05,0.00224444,0.00222897,-1.54672e-05
2531,8.98063e-05,0.000116372,0.00232847,0.00234045,1.1978e-05
2532,7.93222e-05,9.83992e-05,0.00191676,0.00191434,-2.42109e-06
2533,0.000521854,0.000670742,0.00198959,0.00181161,-0.000177983
2534,0.00189288,0.00273274,0.00277194,0.0026884,-8.35413e-05
2535,7.1738e-05,6.54835e-05,0.00146577,0.0014656,-1.69384e-07
2536,0.000115638,0.000150206,0.00202008,0.00200375,-1.63266e-05
2537,4.28689e-05,3.08947e-05,0.00149841,0.00151768,1.92648e-05
2538,0.000137154,0.000133084,0.00172267,0.00172072,-1.9552e-06
2539,6.62722e-05,7.07212e-05,0.00184084,0.00184198,1.14029e-06
2540,3.30245e-05,2.85242e-05,0.00190867,0.0019222,1.35264e-05
2541,0.000214795,0.000249759,0.00199122,0.0019977,6.47968e-06
2542,5.01142e-05,5.03669e-05,0.00194442,0.00194373,-6.92438e-07
2543,0.000146749,0.000228776,0.00206504,0.00206976,4.72134e-06
2544,5.89502e-05,6.81271e-05,0.00218515,0.00218104,-4.10969e-06
2545,0.000289252,0.000384908,0.00213808,0.00215174,1.36658e-05
2546,0.000131394,0.000198257,0.00216351,0.00215755,-5.96256e-06
2547,6.05156e-05,5.29139e-05,0.00237903,0.00237854,-4.84521e-07
2548,5.44869e-05,3.80034e-05,0.0024039,0.0024026,-1.29873e-06
2549,6.67419e-05,7.90267e-05,0.00245401,0.00245628,2.26707e-06
2550,9.31793e-05,0.000103003,0.00251598,0.00251052,-5.45965e-06
2551,5.20772e-05,6.33664e-05,0.00202057,0.00203737,1.67987e-05
2552,7.94385e-05,7.70458e-05,0.00200953,0.00202358,1.40448e-05
2553,4.95932e-05,3.46016e-05,0.00123946,0.00123194,-7.51484e-06
2554,9.71004e-06,4.30889e-05,0.00170596,0.00169581,-1.01543e-05
2555,3.93267e-05,5.16738e-05,0.00157206,0.00156198,-1.00842e-05
2556,6.26564e-05,5.97952e-05,0.00183938,0.00183143,-7.94488e-06
2557,4.09091e-05,6.64901e-05,0.00189528,0.00191142,1.61401e-05
2558,4.28043e-05,5.23115e-05,0.00210788,0.00211748,9.60077e-06
2559,0.000109294,0.00012663,0.00232128,0.00213325,-0.000188029
2560,0.000335922,0.000428191,0.00224149,0.00213938,-0.000102112
2561,0.000276415,0.000317267,0.00203988,0.00193008,-0.000109791
2562,0.000284046,0.000387624,0.0031596,0.00306699,-9.26119e-05
2563,5.04191e-05,4.81004e-05,0.00266155,0.00268642,2.48672e-05
2564,0.00037105,0.000549895,0.00280072,0.00279466,-6.05709e-06
2565,4.43935e-05,5.50778e-05,0.00239904,0.0023478,-5.12423e-05
2566,0.000511058,0.000679269,0.00281948,0.00282758,8.09366e-06
2567,4.98636e-05,4.57452e-05,0.002789,0.00280306,1.40562e-05
2568,5.65344e-05,4.48712e-05,0.0027007,0.00269596,-4.73601e-06
2569,4.07645e-05,5.7316e-05,0.00198355,0.00197239,-1.11633e-05
2570,9.50653e-05,0.000107284,0.0021324,0.00214483,1.24343e-05
2571,1.08151e-05,9.83033e-06,0.00118525,0.00119277,7.52578e-06
2572,6.59491e-05,3.24967e-05,0.00254203,0.0025344,-7.63382e-06
2573,0.000328046,0.000268752,0.00275161,0.00263357,-0.000118047
2574,0.000403576,0.000602357,0.00190346,0.00171275,-0.00019071
2575,0.000465604,0.000631837,0.00307191,0.00289956,-0.000172353
2576,7.14021e-05,5.2286e-05,0.00158026,0.00158098,7.12695e-07
2577,2.46417e-05,8.50057e-05,0.0027367,0.00274446,7.76118e-06
2578,6.21133e-05,6.19163e-05,0.00175284,0.00176338,1.05391e-05
2579,5.88528e-05,3.75093e-05,0.00213904,0.00212525,-1.37882e-05
2580,7.74574e-05,0.000120941,0.00290373,0.00290901,5.28339e-06
2581,4.93918e-05,4.10833e-05,0.00166091,0.00166137,4.60655e-07
2582,8.08264e-05,7.05731e-05,0.00227196,0.0022627,-9.25735e-06
2583,0.000101462,0.00011136,0.00281412,0.00281679,2.6687e-06
2584,5.43987e-05,0.000107502,0.0023558,0.002353,-2.79304e-06
32,0.000135196,0.000187161,0.00115282,0.00115541,2.59141e-06
33,0.000154565,0.000213188,0.00115279,0.0011543,1.50478e-06
35,0.00107266,0.00149405,0.00200766,0.00202236,1.47033e-05
36,0.000300629,0.000418284,0.0015592,0.00155959,3.90806e-07
37,0.00042092,0.000566966,0.00186965,0.00187037,7.19447e-07
38,0.000163994,0.000223661,0.00205283,0.0020532,3.70899e-07
40,3.89334e-06,4.71672e-06,0.00220056,0.00220083,2.70084e-07
41,2.08708e-05,2.84517e-05,0.00206463,0.00206507,4.3679e-07
42,3.7166e-05,0.000105882,0.00336536,0.0033513,-1.40548e-05
43,0.0123286,0.0160059,0.00318474,0.00290994,-0.000274805
44,0.000714191,0.00105011,0.00198128,0.00205397,7.26888e-05
45,0.00327453,0.00449292,0.00256148,0.00195041,-0.000611066
46,1.17459e-05,1.42321e-05,0.000724778,0.000724415,-3.62983e-07
47,0.00615355,0.00781349,0.0014463,0.000696903,-0.000749401
48,0.0075127,0.00974414,0.00214273,0.00168806,-0.000454673
49,0.00780086,0.010074,0.0024709,0.00224338,-0.000227511
50,0.00763039,0.00989729,0.00210016,0.00172064,-0.000379525
51,0.00691354,0.00889271,0.00159418,0.00114126,-0.000452919
52,0.00680563,0.00864261,0.00165121,0.00134824,-0.000302971
53,0.00724538,0.00919339,0.00196876,0.00150718,-0.000461583
54,0.00740599,0.0093305,0.00204302,0.00161808,-0.000424945
55,0.00730458,0.00926019,0.00247717,0.00224158,-0.000235592
56,0.0073775,0.00928977,0.00211621,0.0017792,-0.000337011
57,0.00762793,0.0096133,0.00197248,0.00168797,-0.000284511
58,0.00774136,0.00970679,0.00218941,0.00192694,-0.000262463
59,0.00797911,0.00996589,0.00234606,0.00220667,-0.000139388
60,0.00839608,0.0105719,0.00205564,0.00187675,-0.000178893
61,0.00895172,0.0113251,0.0024199,0.00228993,-0.000129965
62,0.00971969,0.0122877,0.00245814,0.00228558,-0.00017256
63,0.0103064,0.0131844,0.00247745,0.00234472,-0.000132736
64,0.0108607,0.0139499,0.00275045,0.00259868,-0.00015177
65,0.00724763,0.00885179,0.00239637,0.00185184,-0.000544529
66,0.00748724,0.00917984,0.00283433,0.00261454,-0.000219792
67,3.7235e-05,4.39718e-05,0.00213629,0.00213802,1.73296e-06
68,0.00674391,0.00746997,0.003134,0.0027093,-0.000424698
69,4.21842e-05,4.43083e-05,0.00109199,0.00108513,-6.85605e-06
70,0.00227295,0.00233323,0.00230573,0.00176686,-0.000538871
71,0.00235756,0.00259406,0.00212636,0.001468,-0.000658362
72,0.00231214,0.00226797,0.00239765,0.00187339,-0.000524257
73,0.00291011,0.00302326,0.00275577,0.0022628,-0.00049297
74,1.24419e-05,3.14297e-05,0.00104783,0.00104041,-7.41926e-06
75,0.00439348,0.00538506,0.00228924,0.00173485,-0.000554393
76,0.00557388,0.00709988,0.00271211,0.0022513,-0.000460809
77,1.56531e-05,3.47985e-05,0.000916892,0.000916802,-9.06293e-08
78,0.0010297,0.00131178,0.00220312,0.00171496,-0.000488166
79,0.00103005,0.00169078,0.00244128,0.0020248,-0.000416481
80,0.000676459,0.000588718,0.00242273,0.00182993,-0.000592796
81,0.000911779,0.000686673,0.00240207,0.00184399,-0.000558085
82,0.0015626,0.00215569,0.00243076,0.002156,-0.000274759
83,0.00117878,0.000703971,0.00252831,0.00231646,-0.000211853
84,3.98784e-06,5.03671e-06,0.00146268,0.00146168,-9.94653e-07
85,0.00591501,0.0062986,0.00262699,0.00207316,-0.000553826
86,7.93805e-06,1.78507e-05,0.00135932,0.00135831,-1.01805e-06
87,1.94652e-06,1.27214e-05,0.00139354,0.0013913,-2.2375e-06
88,2.9977e-06,4.18478e-06,0.0021048,0.00210436,-4.35393e-07
89,2.34462e-05,2.83699e-05,0.00151697,0.00151701,4.50527e-08
90,3.9502e-06,5.63078e-06,0.00153648,0.00153669,2.05706e-07
91,1.57748e-05,2.33027e-05,0.00167136,0.00167112,-2.31899e-07
92,4.53745e-05,5.85619e-05,0.00232099,0.00231464,-6.34533e-06
93,6.84999e-05,4.66309e-05,0.00262859,0.00263725,8.65688e-06
94,6.40651e-05,0.00014238,0.00236672,0.00235623,-1.0489e-05
95,0.00282027,0.00227371,0.0026553,0.00202692,-0.000628379
96,3.94881e-05,3.53428e-05,0.00261112,0.00261667,5.54975e-06
97,0.00193862,0.0010533,0.00190133,0.0012476,-0.000653731
98,0.00213516,0.00127405,0.00178168,0.00117625,-0.000605424
99,0.00240904,0.00161208,0.00204613,0.00151194,-0.000534193
100,0.00231247,0.00118668,0.00264913,0.0023534,-0.000295732
101,8.7242e-07,2.41606e-06,0.00120813,0.00120636,-1.7737e-06
102,0.00287982,0.00180626,0.00312008,0.00264652,-0.00047356
103,5.08281e-05,7.61208e-05,0.00301038,0.00299877,-1.16122e-05
104,2.37101e-05,2.75797e-05,0.00223636,0.00223213,-4.23868e-06
105,0.00209017,0.00138697,0.00335784,0.00305195,-0.000305891
106,1.03368e-05,1.48465e-05,0.00163919,0.00163776,-1.43703e-06
107,1.07249e-05,2.42286e-05,0.00164302,0.00163539,-7.6252e-06
108,1.68571e-06,2.68495e-06,0.00124771,0.00124676,-9.44827e-07
109,7.04485e-06,5.93694e-06,0.00120301,0.0012018,-1.21479e-06
110,5.33536e-06,1.49159e-05,0.00152261,0.00152152,-1.08988e-06
111,1.58069e-05,9.635e-06,0.00254901,0.00254757,-1.43587e-06
112,1.64007e-05,1.68334e-05,0.0006176,0.00061133,-6.26978e-06
113,0.00794587,0.00916397,0.00182932,0.000825058,-0.00100427
114,0.00802697,0.00930772,0.00222318,0.00150456,-0.000718621
115,0.00798291,0.00921088,0.0020135,0.00121307,-0.000800432
116,0.00875755,0.0102917,0.00281362,0.00263651,-0.00017711
117,8.23711e-06,7.10318e-06,0.00152684,0.00152631,-5.23985e-07
118,0.00585845,0.00768416,0.00292927,0.00237938,-0.000549894
119,1.98803e-05,3.93353e-05,0.00237333,0.00237122,-2.10758e-06
120,1.56666e-06,2.50997e-06,0.00139269,0.0013924,-2.94298e-07
121,1.92648e-06,2.33303e-06,0.00112008,0.00111973,-3.42261e-07
122,2.5404e-05,3.43771e-05,0.00149714,0.00149686,-2.81492e-07
123,3.65663e-05,5.63618e-05,0.00219263,0.0021947,2.0673e-06
124,1.28579e-06,2.00382e-06,0.00165005,0.00164799,-2.05578e-06
125,1.61257e-05,2.00921e-05,0.00206819,0.00206486,-3.32738e-06
126,4.21449e-07,9.96012e-07,0.00230939,0.00230814,-1.24192e-06
127,7.89191e-06,8.58886e-06,0.00212963,0.00212801,-1.62353e-06
128,9.4941e-05,0.000122856,0.00262408,0.00262245,-1.63238e-06
129,1.14871e-05,2.71072e-05,0.00119611,0.00119639,2.80212e-07
130,0.00131371,0.00232995,0.00233258,0.00139731,-0.000935271
131,0.00126107,0.00226971,0.00226063,0.00130622,-0.000954404
132,0.00152794,0.00262898,0.00246393,0.00164264,-0.000821293
133,0.0013197,0.00235427,0.0025252,0.00176971,-0.000755489
134,6.74115e-06,1.32829e-05,0.00122226,0.00122122,-1.03156e-06
135,0.00239114,0.00250631,0.0018994,0.00103803,-0.000861364
136,0.00264815,0.00266751,0.00178669,0.001046,-0.000740696
137,0.00272471,0.00269545,0.00213265,0.00158152,-0.000551131
138,0.00264295,0.00259093,0.00236455,0.00168165,-0.0006829
139,0.00242113,0.00234499,0.00227719,0.00168375,-0.000593438
140,0.00287243,0.00301965,0.00195875,0.00146054,-0.000498209
32,3.42991e-05,4.725e-05,0.00108523,0.00108538,1.47964e-07
34,2.10495e-05,2.75307e-05,0.00170758,0.00170656,-1.01607e-06
35,1.98146e-06,3.03891e-06,0.00202561,0.00202352,-2.08523e-06
36,3.26092e-06,5.23866e-06,0.00154198,0.00154167,-3.11993e-07
37,1.83868e-06,2.9074e-06,0.00184571,0.0018456,-1.11409e-07
40,1.32755e-05,1.63225e-05,0.0021808,0.00218072,-8.10251e-08
42,0.000389403,0.000514809,0.00348447,0.00348482,3.51341e-07
43,0.0119847,0.0117608,0.00337383,0.00223709,-0.00113674
44,1.04165e-05,2.41768e-05,0.00189374,0.0018927,-1.03633e-06
45,1.49787e-05,1.9567e-05,0.00191269,0.00191202,-6.67991e-07
46,1.71413e-05,2.74413e-05,0.00176478,0.00176248,-2.29909e-06
47,3.81853e-05,5.33537e-05,0.00200036,0.00199992,-4.40981e-07
48,3.64606e-05,9.16993e-05,0.00162415,0.00160913,-1.5019e-05
49,1.54203e-05,3.29921e-05,0.00142402,0.00142162,-2.39641e-06
50,6.08088e-06,9.70478e-06,0.00108149,0.00108086,-6.29923e-07
51,9.92165e-07,1.20014e-06,0.00189893,0.00189806,-8.62987e-07
52,4.28836e-06,4.01909e-06,0.00220238,0.0021908,-1.15717e-05
53,7.18686e-05,9.30334e-05,0.00203796,0.00203414,-3.81796e-06
54,4.67061e-05,8.81301e-05,0.00189311,0.00189276,-3.50177e-07
55,8.18227e-05,0.000123912,0.00246153,0.00245853,-3.00235e-06
56,3.99758e-05,5.26543e-05,0.00222034,0.00222946,9.11951e-06
57,1.65368e-06,2.93538e-06,0.00226931,0.00226839,-9.19215e-07
58,0.000108312,0.000163649,0.00227056,0.0022699,-6.6543e-07
59,4.46303e-05,7.03646e-05,0.00242491,0.0024249,-9.77889e-09
60,2.65768e-05,4.18364e-05,0.00234196,0.00234177,-1.94646e-07
61,3.87523e-05,5.78294e-05,0.00239357,0.00239288,-6.81961e-07
62,7.85973e-05,0.000103748,0.00250997,0.00250368,-6.2841e-06
63,0.00971592,0.0122716,0.00275559,0.00129025,-0.00146533
64,1.14525e-05,1.78416e-05,0.00129506,0.00129347,-1.59803e-06
65,3.5628e-05,6.06548e-05,0.00208604,0.00208282,-3.21958e-06
66,6.97637e-05,0.000112417,0.002755,0.00275143,-3.57302e-06
67,1.02329e-05,7.88519e-06,0.00205331,0.00205212,-1.19722e-06
68,0.00487445,0.00471198,0.00330986,0.00263462,-0.000675238
69,1.89072e-06,2.82561e-06,0.00110782,0.00110678,-1.0354e-06
70,1.51278e-05,2.64007e-05,0.00180315,0.00180241,-7.4401e-07
71,3.2792e-05,4.72941e-05,0.00154077,0.00153659,-4.17861e-06
72,4.35479e-05,5.63223e-05,0.00195533,0.00195247,-2.85963e-06
73,7.0265e-07,1.87852e-06,0.00230705,0.00230625,-8.00472e-07
74,2.48016e-05,2.98713e-05,0.00194817,0.00194795,-2.11643e-07
75,1.32319e-06,2.3679e-06,0.00173517,0.00173471,-4.59026e-07
76,4.43206e-05,5.23297e-05,0.00186173,0.00187141,9.6726e-06
77,1.86043e-06,2.48273e-06,0.00165819,0.00165772,-4.709e-07
78,2.75411e-05,3.76881e-05,0.00185891,0.00185854,-3.63332e-07
79,1.3687e-05,2.91595e-05,0.00229694,0.00229408,-2.86195e-06
80,6.38748e-05,0.000110049,0.00227008,0.00226673,-3.34298e-06
81,0.000104008,0.000143907,0.00263637,0.00263203,-4.33554e-06
82,1.42842e-05,9.09195e-06,0.00220919,0.00220859,-5.99539e-07
83,0.00579574,0.0069373,0.00288723,0.00204064,-0.000846588
84,1.15355e-05,1.98669e-05,0.00149397,0.00149371,-2.62167e-07
85,0.000561004,0.000882529,0.00208204,0.00208874,6.70087e-06
86,4.5101e-05,5.74502e-05,0.00213321,0.00213341,2.03028e-07
87,0.000154364,0.000202641,0.00184226,0.00183981,-2.44705e-06
88,2.22571e-06,3.23258e-06,0.00218474,0.00218453,-2.12109e-07
89,3.08408e-05,3.81564e-05,0.00225289,0.00224722,-5.66966e-06
90,7.53643e-05,0.000110081,0.00234852,0.00234447,-4.05428e-06
91,1.89371e-05,2.15746e-05,0.00226248,0.00225825,-4.22937e-06
92,2.46894e-05,3.53846e-05,0.00220347,0.00220183,-1.63401e-06
93,5.39485e-05,7.08962e-05,0.00275371,0.00274884,-4.86779e-06
94,6.92801e-06,1.04376e-05,0.00217744,0.00217738,-5.75092e-08
95,0.00479925,0.00456824,0.00281484,0.00186056,-0.000954277
96,4.10451e-05,6.03239e-05,0.00249219,0.00249162,-5.73928e-07
97,0.00329516,0.00365844,0.00303524,0.00268375,-0.00035149
98,6.95695e-07,1.50076e-06,0.00109641,0.00109606,-3.44124e-07
99,0.000885884,0.00104314,0.00177966,0.00128318,-0.00049647
100,0.00135968,0.00177187,0.0027684,0.00250149,-0.00026691
101,1.41617e-06,1.75916e-06,0.00128354,0.00128304,-5.01866e-07
102,0.00260158,0.0025327,0.0028886,0.00259472,-0.000293879
103,0.000133735,0.000192581,0.00311995,0.00311671,-3.2438e-06
104,1.34089e-05,2.12674e-05,0.00220914,0.00220832,-8.13045e-07
105,0.00369256,0.00345622,0.00330722,0.00297866,-0.000328565
106,9.69062e-06,1.13777e-05,0.00163846,0.0016364,-2.06067e-06
107,1.58195e-06,2.36543e-06,0.0016902,0.00168982,-3.80911e-07
108,1.98567e-05,5.42373e-05,0.00124239,0.00124237,-2.17697e-08
109,1.59229e-05,2.05058e-05,0.00126457,0.00126256,-2.01224e-06
110,1.38869e-05,8.01063e-06,0.00150567,0.001504,-1.67254e-06
111,7.95704e-05,0.000104541,0.00250807,0.00249273,-1.53373e-05
112,2.88206e-06,4.08714e-06,0.000623458,0.000623534,7.59028e-08
113,0.00322487,0.00309827,0.00176714,0.000810211,-0.000956933
114,0.00308762,0.00294274,0.00218582,0.00156277,-0.00062305
115,0.00306282,0.00287317,0.0019519,0.00127931,-0.000672593
116,0.00402594,0.00409325,0.00279371,0.00273493,-5.87793e-05
117,1.51619e-05,1.02029e-05,0.00156539,0.00156462,-7.77538e-07
118,0.00209804,0.00150419,0.00299173,0.00241098,-0.000580753
119,6.71622e-05,8.472e-05,0.00236229,0.00236761,5.31925e-06
120,8.58164e-06,1.77039e-05,0.00137647,0.00137614,-3.26312e-07
121,3.7147e-05,6.8634e-05,0.00108831,0.0010881,-2.08733e-07
122,2.58264e-05,3.26907e-05,0.00147715,0.00147468,-2.46859e-06
123,2.20952e-06,4.14376e-06,0.00219342,0.00219329,-1.21538e-07
124,1.29036e-06,2.01482e-05,0.00164412,0.00164213,-1.99652e-06
125,1.65288e-06,2.58816e-06,0.00205131,0.00205023,-1.07894e-06
126,5.44685e-06,7.34492e-06,0.00235712,0.00235542,-1.6978e-06
127,3.0999e-05,5.0345e-05,0.0021815,0.00217991,-1.58977e-06
128,8.78667e-06,1.3381e-05,0.0026497,0.00264907,-6.32368e-07
129,6.71577e-06,8.87286e-06,0.00114522,0.0011445,-7.25617e-07
130,0.00196281,0.00284797,0.00214868,0.00129278,-0.000855897
131,0.0019288,0.00279729,0.00213271,0.00123281,-0.0008999
132,0.00221195,0.00324124,0.0023446,0.00157204,-0.000772555
133,0.00205455,0.00292646,0.00234431,0.00167647,-0.000667845
134,0.00197835,0.00297062,0.00243701,0.00183256,-0.000604446
135,0.002022,0.00295107,0.00231298,0.00175591,-0.00055707
136,0.00202814,0.0028853,0.00243011,0.00188517,-0.000544936
137,0.00188997,0.00299579,0.00259163,0.00203102,-0.000560615
138,0.000230761,0.000260908,0.00199451,0.00199493,4.12343e-07
139,0.0025694,0.0036062,0.00266292,0.00211404,-0.000548873
140,0.00211467,0.00270502,0.00213601,0.00134281,-0.000793198
141,0.00279258,0.00362758,0.00225434,0.00158868,-0.00066566
142,0.00264342,0.00364041,0.00274176,0.00234662,-0.000395145
143,0.0022966,0.00298484,0.00285832,0.00242411,-0.000434203
144,1.01028e-05,1.31805e-05,0.000849019,0.000848404,-6.15139e-07
145,2.55251e-05,4.50701e-05,0.00164177,0.00164233,5.62519e-07
146,4.03816e-05,4.94989e-05,0.00141244,0.00141265,2.1304e-07
147,7.47207e-06,1.75787e-05,0.00203483,0.00203464,-1.95578e-07
148,2.87161e-05,4.39546e-05,0.00200595,0.00200242,-3.52948e-06
149,3.0429e-06,4.48166e-06,0.00281107,0.0028112,1.30851e-07
150,8.3232e-06,7.77966e-06,0.00136203,0.00136202,-1.12923e-08
151,0.00446094,0.00488944,0.00218744,0.00151024,-0.000677198
152,0.003751,0.00389784,0.0035012,0.00325563,-0.000245574
153,0.00460854,0.00517553,0.00271146,0.00211964,-0.000591818
154,0.00468804,0.0059522,0.00330807,0.00325964,-4.84223e-05
155,0.00472232,0.005497,0.00347838,0.00341942,-5.89576e-05
156,3.88293e-05,4.33849e-05,0.00186915,0.0018538,-1.53508e-05
157,1.79107e-06,2.40528e-06,0.00120733,0.00120538,-1.94483e-06
158,0.0011449,0.00087368,0.00231555,0.00170382,-0.000611728
159,0.00169264,0.00161535,0.00245179,0.00188217,-0.000569623
160,0.00158728,0.0014438,0.00254561,0.00196476,-0.000580848
161,0.00108605,0.00101311,0.00185226,0.00135669,-0.00049557
162,0.00106069,0.00103609,0.0018063,0.00146548,-0.000340817
163,0.00142843,0.000764418,0.00275929,0.00207842,-0.000680871
164,7.55168e-05,7.47778e-05,0.00107198,0.00107865,6.66711e-06
165,0.00143978,0.0018148,0.00203743,0.00132473,-0.000712708
166,0.00137771,0.0018594,0.00178772,0.000992344,-0.000795375
167,0.00116043,0.00145952,0.00191839,0.00123875,-0.00067964
168,0.0014983,0.00201006,0.00227236,0.00170321,-0.000569145
169,0.00189748,0.00245841,0.00242252,0.00208564,-0.000336875
170,0.00169681,0.0021176,0.00240087,0.00201423,-0.000386646
171,0.00209772,0.00259429,0.00276153,0.00263985,-0.000121681
172,8.2432e-06,9.65969e-06,0.00180199,0.00180028,-1.70979e-06
173,9.08304e-06,1.16224e-05,0.00179203,0.00179496,2.93029e-06
174,0.00212495,0.00251289,0.00207211,0.00143293,-0.000639183
175,0.00167733,0.00200574,0.00217236,0.00147317,-0.000699191
176,0.00240921,0.00280621,0.002623,0.00232812,-0.000294883
177,0.00161552,0.00181098,0.00257685,0.00211058,-0.000466265
178,2.91574e-05,3.27855e-05,0.00122741,0.00122628,-1.13121e-06
179,3.41005e-05,4.58034e-05,0.00138895,0.00138408,-4.86255e-06
180,2.46343e-05,4.68593e-05,0.00171006,0.00170611,-3.9516e-06
181,5.05667e-07,7.23781e-07,0.00236206,0.00236198,-8.07922e-08
182,2.26128e-05,3.97911e-05,0.00163207,0.00163689,4.82448e-06
183,0.000196481,0.000327085,0.00180515,0.00179307,-1.20773e-05
184,0.000100533,0.000160102,0.00228901,0.00227388,-1.51284e-05
185,9.53859e-05,0.000116956,0.00214861,0.00213292,-1.56884e-05
186,6.66678e-05,9.26437e-05,0.002137,0.00214014,3.14089e-06
187,3.6333e-05,0.000136824,0.00211082,0.00209636,-1.44637e-05
188,9.63602e-05,0.000132362,0.00225504,0.00225227,-2.77231e-06
189,1.1842e-06,2.69561e-06,0.00246356,0.00245928,-4.28758e-06
190,5.3593e-05,7.99118e-05,0.0024839,0.00247292,-1.09803e-05
191,5.52385e-05,0.000104432,0.00280605,0.00280421,-1.84053e-06
192,1.59054e-05,1.10414e-05,0.0016897,0.00168561,-4.09421e-06
193,0.00350305,0.00458828,0.00207654,0.00143847,-0.000638075
194,0.00358346,0.00477398,0.00254407,0.00180739,-0.000736674
195,0.00325764,0.00423066,0.0021369,0.00123784,-0.000899059
196,0.00335046,0.00438736,0.00218496,0.00161641,-0.00056855
197,0.00344859,0.00458184,0.00244409,0.00190831,-0.000535775
198,0.00343469,0.00461094,0.00327596,0.00283549,-0.000440471
199,2.12949e-05,6.54112e-05,0.000742208,0.000740596,-1.612e-06
200,3.95957e-05,8.9309e-05,0.00145025,0.00144816,-2.08418e-06
201,0.00151498,0.00203177,0.0023367,0.00174415,-0.000592547
202,0.00161369,0.00220271,0.00312008,0.00271741,-0.000402674
203,0.00120848,0.0016673,0.00340228,0.00315356,-0.000248728
204,0.00124693,0.00159073,0.00267442,0.00217613,-0.000498282
205,4.33902e-05,5.86473e-05,0.00183762,0.00181147,-2.61513e-05
206,9.87621e-06,2.24722e-05,0.00227288,0.00228633,1.34443e-05
207,5.1211e-05,8.11947e-05,0.00251362,0.002519,5.38537e-06
208,0.000154045,0.000247003,0.00247412,0.00248149,7.36141e-06
209,2.51693e-05,5.10691e-05,0.00266638,0.00265823,-8.1521e-06
210,1.62034e-05,9.74089e-05,0.00267729,0.0026707,-6.58794e-06
211,7.06111e-05,0.000126356,0.00124112,0.00121088,-3.02447e-05
212,2.75934e-05,0.000101716,0.00152798,0.00152772,-2.63914e-07
213,0.00150318,0.00150738,0.00226667,0.00158354,-0.000683132
214,0.0017583,0.00212989,0.00257412,0.00209147,-0.000482646
215,0.000988338,0.000901756,0.00312189,0.00268394,-0.000437945
216,0.00121264,0.000956052,0.0031531,0.00256885,-0.000584246
217,3.51177e-05,8.48135e-05,0.00128967,0.00128875,-9.11299e-07
218,3.38797e-05,7.5938e-05,0.00122278,0.00123438,1.15989e-05
219,2.01175e-05,4.58547e-05,0.00151222,0.00151308,8.61706e-07
220,2.58198e-05,2.15246e-05,0.00137764,0.00136849,-9.15292e-06
221,0.000166665,0.000209036,0.00165342,0.00165457,1.1482e-06
222,0.000154751,0.000201877,0.00248994,0.00252775,3.78049e-05
223,2.87059e-05,7.64187e-05,0.00327281,0.00325882,-1.39861e-05
224,4.7077e-05,7.65901e-05,0.00241606,0.00237965,-3.64033e-05
225,0.000316667,0.000525512,0.00335756,0.00334452,-1.30413e-05
226,0.000946584,0.00127935,0.00302957,0.00250415,-0.000525416
227,0.00143525,0.00194109,0.0022455,0.00153144,-0.000714059
228,0.00127715,0.00173543,0.00346221,0.00318334,-0.000278869
229,0.000953742,0.00141013,0.00255216,0.00206972,-0.000482433
230,0.000151644,0.000208584,0.00169343,0.00168615,-7.2777e-06
231,0.000186849,0.00027426,0.00211516,0.0020772,-3.79586e-05
232,0.00159364,0.0020495,0.00250292,0.00195455,-0.000548376
233,0.00112447,0.00152578,0.00206833,0.00136297,-0.000705362
234,0.00104157,0.00125655,0.00215817,0.00159244,-0.000565738
235,0.00116919,0.00144791,0.00264906,0.00218963,-0.000459432
236,0.000142019,0.00035618,0.000953655,0.000961413,7.75745e-06
237,0.000134485,0.000177657,0.0011406,0.00111772,-2.28812e-05
238,6.86208e-05,0.000100317,0.00109766,0.00108737,-1.02872e-05
239,4.014e-05,5.65667e-05,0.00157066,0.00156948,-1.17649e-06
240,8.26014e-05,8.77752e-05,0.00174449,0.00169467,-4.98247e-05
241,0.000255372,0.000322411,0.00178859,0.00178816,-4.3062e-07
242,3.3403e-05,0.000117768,0.00145419,0.00145654,2.34856e-06
243,0.000184842,0.000286003,0.00180576,0.00179644,-9.31846e-06
244,4.44912e-05,9.66972e-05,0.00194264,0.00194997,7.32776e-06
245,0.000118809,0.000170058,0.002023,0.0020243,1.29314e-06
246,0.00544198,0.00880667,0.00308016,0.00350836,0.000428194
247,0.000880388,0.00113301,0.00124536,0.0013341,8.87479e-05
248,0.000726181,0.00108116,0.00153415,0.00153879,4.63845e-06
249,0.00144538,0.00331111,0.00298653,0.00261785,-0.000368679
250,0.000489383,0.00207664,0.00251815,0.00202768,-0.000490464
251,0.00492888,0.00650766,0.00265643,0.00279751,0.000141077
252,0.00908961,0.0116874,0.00324574,0.00348719,0.000241454
253,0.00161621,0.00224379,0.000861863,0.000771779,-9.00843e-05
254,0.000341388,0.000494294,0.00126457,0.00129256,2.79906e-05
255,0.00121809,0.00171192,0.0020421,0.00135128,-0.00069082
256,0.00383408,0.00533365,0.0026644,0.00192988,-0.000734514
257,0.00778002,0.010542,0.0032115,0.00274223,-0.000469266
258,0.00236733,0.00468587,0.00328383,0.00303309,-0.000250743
259,1.53284e-05,6.83794e-05,0.00173148,0.00173144,-3.84171e-08
260,4.74152e-05,6.11774e-05,0.00165124,0.00162227,-2.89716e-05
261,0.000647978,0.000953905,0.00199764,0.00160718,-0.000390463
262,0.00149188,0.00251256,0.00230726,0.00176502,-0.000542239
263,0.000936593,0.00147638,0.00195036,0.00178891,-0.000161451
264,0.00684108,0.0093387,0.00244366,0.00277359,0.000329924
265,0.0171347,0.0212894,0.00296068,0.00250095,-0.00045973
266,0.000147683,0.000303478,0.00208751,0.00209591,8.40309e-06
267,0.000149166,0.000175108,0.00200182,0.00202814,2.63157e-05
268,0.0015206,0.00210787,0.00251739,0.00195705,-0.000560332
269,0.0015135,0.00196874,0.0026782,0.00235759,-0.000320612
270,0.00139124,0.00196451,0.00285688,0.00247931,-0.000377564
271,0.00153058,0.00199123,0.00273726,0.00233025,-0.000407017
272,0.000260308,0.000324708,0.00193679,0.00191755,-1.92418e-05
273,0.000173098,0.000268092,0.00163143,0.00161684,-1.45872e-05
274,0.00762922,0.00962511,0.00264646,0.00310888,0.000462417
275,0.00494011,0.00594053,0.00199138,0.00265775,0.000666371
276,0.000156845,0.000211777,0.00158693,0.00154265,-4.4278e-05
277,0.000110086,0.000116213,0.00183481,0.00184174,6.92497e-06
278,8.19937e-05,0.00011015,0.00217954,0.00216831,-1.12294e-05
279,1.6741e-05,2.31678e-05,0.00194367,0.00194424,5.72414e-07
280,0.000230911,0.000334741,0.00221174,0.00222004,8.30414e-06
281,0.00408294,0.00541043,0.00286692,0.00304129,0.000174366
282,0.00498749,0.00728905,0.00084211,0.00183435,0.000992238
283,0.00222919,0.00294999,0.00221499,0.00230233,8.7346e-05
284,0.00137154,0.00142433,0.00194784,0.00110342,-0.000844421
285,0.00132298,0.00140922,0.00258924,0.00214355,-0.000445697
286,0.00191729,0.00280385,0.00298736,0.00248461,-0.000502749
287,0.00108555,0.00139654,0.00230424,0.00173194,-0.000572298
288,0.00104377,0.00103977,0.00325531,0.00312347,-0.000131842
289,0.0062707,0.00821474,0.00154286,0.00185756,0.000314702
290,0.000305075,0.000395543,0.0026058,0.00257873,-2.70666e-05
291,0.00238088,0.00344401,0.00234383,0.00157098,-0.000772844
292,0.00108939,0.00130657,0.00227657,0.00161765,-0.000658913
293,0.00178574,0.00235785,0.00280417,0.00265856,-0.000145607
294,0.00121648,0.00165915,0.00300479,0.00260965,-0.000395138
295,0.000292861,0.00036943,0.00191982,0.00192837,8.54698e-06
296,0.000650371,0.000985205,0.00361012,0.00376895,0.000158839
297,0.00974479,0.0164835,0.00437621,0.00456478,0.00018857
299,0.000535587,0.000637852,0.00258187,0.00256007,-2.1806e-05
300,0.000105248,9.70851e-05,0.00250971,0.00251914,9.42824e-06
301,0.000202409,0.000367894,0.00155286,0.00159815,4.52909e-05
302,0.000246714,0.000254189,0.0024493,0.00241959,-2.9712e-05
303,0,0,0.00305394,0.00307906,2.51208e-05
304,0.000198674,0.000336067,0.00230065,0.00230295,2.29315e-06
305,0.00699775,0.0078586,0.00288479,0.00291846,3.36743e-05
306,0.000117268,9.56548e-05,0.000974874,0.000982219,7.34534e-06
307,0,0,0.00267983,0.00268371,3.87407e-06
308,0.00058295,0.00122984,0.00266666,0.00289085,0.000224186
309,0.0205281,0.0243554,0.00197042,0.00307856,0.00110814
310,0.00202183,0.00232772,0.00188793,0.00120862,-0.000679316
311,0.00375665,0.0028292,0.00200353,0.00195654,-4.69873e-05
312,0.00221365,0.00276888,0.00226469,0.00177203,-0.000492654
313,0.00185654,0.00212712,0.00212064,0.00155966,-0.000560982
314,0.00343708,0.00309494,0.00214557,0.00201299,-0.000132581
315,0.0018599,0.00235165,0.0026725,0.00244145,-0.000231045
316,0.000102074,0.000128953,0.00269847,0.00267002,-2.84477e-05
317,3.5178e-05,2.71979e-05,0.00321049,0.00321639,5.8997e-06
318,0.00159439,0.0019819,0.00277936,0.00237492,-0.000404437
319,0.00173378,0.00244859,0.00283159,0.00269534,-0.000136253
320,0.0062306,0.00850651,0.00311003,0.00272259,-0.000387435
321,0,0,0.00327904,0.00329996,2.09163e-05
322,0,0,0.00276362,0.00276385,2.25846e-07
323,0.0267343,0.030971,0.00154573,0.0035608,0.00201507
324,0,0,0.00287752,0.00257748,-0.000300045
325,0.00709252,0.0282591,0.00349002,0.00354428,5.42603e-05
326,0.00159555,0.00199026,0.00371785,0.00390451,0.000186661
327,0.000149461,0.000228689,0.0034083,0.00353995,0.000131651
328,0,0,0.00382276,0.00383821,1.54534e-05
329,0,0,0.0034495,0.00344975,2.54018e-07
330,0.000455864,0.00175249,0.00379106,0.00368652,-0.000104547
331,0.00219187,0.00207068,0.00378931,0.00374414,-4.51738e-05
332,0.00129248,0.00546773,0.00407993,0.00406659,-1.33426e-05
333,0.000245344,0.000653498,0.00406626,0.00451523,0.00044897
334,0.006405,0.00772693,0.00345743,0.00332984,-0.000127589
335,7.40654e-06,8.69448e-06,0.00333602,0.00333674,7.21309e-07
336,0.00291932,0.00370924,0.00339749,0.00345339,5.58936e-05
337,0.00111888,0.000936437,0.00349603,0.00344848,-4.75524e-05
338,4.25585e-05,6.2652e-05,0.00341189,0.00338758,-2.4305e-05
339,0.000696674,0.000735545,0.00358431,0.00323267,-0.000351636
340,0.00030484,0.000414938,0.00342502,0.00347331,4.82942e-05
341,0,0,0.00397617,0.0039892,1.30259e-05
342,0.00424289,0.00460909,0.00371346,0.00344344,-0.000270017
343,0.0035669,0.00435937,0.00374183,0.00379655,5.47234e-05
344,0.00316947,0.00368912,0.00363722,0.00356453,-7.26881e-05
345,0.0080091,0.00887494,0.00360981,0.0035779,-3.19076e-05
346,5.13604e-07,9.92019e-07,0.00406936,0.00414122,7.18632e-05
347,1.9992e-07,2.81155e-07,0.00446046,0.00445965,-8.11182e-07
348,0.000198668,0.000385159,0.00405601,0.00433274,0.000276735
349,0.000161363,0.00022602,0.00426388,0.00407392,-0.000189958
350,4.69897e-05,8.73331e-05,0.00440315,0.00442178,1.86306e-05
351,5.2348e-05,0.00037292,0.00431575,0.00432555,9.79984e-06
352,0.000123694,0.000115097,0.0042385,0.0041989,-3.95989e-05
353,0.000102984,0.000238542,0.00406834,0.00406793,-4.09316e-07
355,0.00129739,0.00201404,0.00275793,0.00267454,-8.33855e-05
356,5.59141e-07,4.91512e-07,0.00251344,0.00251323,-2.10013e-07
357,6.60065e-05,8.0941e-05,0.00251854,0.00253527,1.6734e-05
358,0,0,0.00269356,0.00271261,1.9053e-05
359,0.00192764,0.00307364,0.0030047,0.00316418,0.000159481
360,0.00537214,0.00631527,0.00300189,0.00289952,-0.000102371
361,8.9407e-07,1.69087e-06,0.00288538,0.00288549,1.15717e-07
362,0.00103054,0.00138063,0.00285273,0.00308785,0.000235126
363,9.9184e-05,0.000164687,0.00262005,0.00268033,6.02759e-05
364,0,0,0.00284816,0.00276596,-8.21995e-05
365,0,0,0.00301506,0.00291085,-0.00010421
366,0.00359729,0.00503913,0.00280158,0.00285511,5.35294e-05
367,0,0,0.00271802,0.00271808,5.89062e-08
368,2.74181e-06,1.4143e-05,0.00279073,0.00274244,-4.82872e-05
369,0.000454575,0.00174448,0.00316386,0.00318938,2.55145e-05
370,0.00114458,0.00376389,0.00286412,0.00311583,0.000251715
371,0.00369127,0.00529248,0.00310021,0.00279381,-0.000306404
372,0.000531465,0.00111116,0.00313327,0.00316904,3.57665e-05
373,0.000455951,0.000605102,0.00307868,0.00315441,7.57377e-05
374,0.000114583,0.000294708,0.00344993,0.00346653,1.66027e-05
375,3.68622e-05,4.31882e-05,0.00351351,0.00353773,2.42153e-05
376,9.76298e-06,2.00397e-05,0.00365487,0.00365437,-5.02449e-07
377,0,0,0.00347007,0.00347019,1.29454e-07
378,0,0,0.00345901,0.00345829,-7.20145e-07
379,1.31266e-06,7.39074e-07,0.00383081,0.00383081,-2.32831e-10
380,5.99019e-07,4.04258e-07,0.00427897,0.00430309,2.41124e-05
381,3.54016e-05,0.000104039,0.00345599,0.00344972,-6.27199e-06
382,0.0171747,0.021014,0.00434226,0.00414827,-0.000193984
383,0.00154924,0.00168604,0.0041016,0.0039894,-0.000112201
384,0.00156552,0.00331406,0.00412996,0.0041622,3.2241e-05
385,0.000798778,0.00273538,0.00431733,0.00408424,-0.000233097
386,0.000880037,0.000637456,0.00354482,0.00351386,-3.0956e-05
387,0.00160918,0.00358868,0.00370832,0.00349035,-0.000217972
388,6.94274e-05,0.000180203,0.00375942,0.00371655,-4.28734e-05
389,0,0,0.00375855,0.00359297,-0.000165582
390,0.00235737,0.00445375,0.00414311,0.00381644,-0.000326665
391,1.22541e-05,2.55208e-05,0.00366642,0.00366423,-2.18907e-06
392,0.00480981,0.00830721,0.00296381,0.00296504,1.22609e-06
393,0.00173516,0.00354047,0.00287076,0.00289835,2.75923e-05
394,0.000639362,0.00104128,0.00292969,0.00320241,0.000272716
395,0,0,0.00284804,0.00299619,0.000148155
396,0.000409963,0.000734835,0.00356345,0.0035291,-3.43455e-05
397,0.000972858,0.00140575,0.00375123,0.00362994,-0.000121282
398,6.26841e-06,4.65367e-06,0.00380749,0.00380797,4.88479e-07
399,0.00646398,0.0115833,0.00323946,0.00308876,-0.0001507
400,0.0005921,0.00173931,0.00386348,0.00364207,-0.000221404
401,0.000536335,0.00169301,0.00341563,0.00353711,0.00012148
402,0.000545429,0.0008312,0.00364986,0.00319387,-0.000455991
403,0.0014457,0.00278225,0.00362029,0.00388645,0.000266152
404,0.00759356,0.0116456,0.00395185,0.00391268,-3.91714e-05
405,0.00515894,0.00841428,0.00378862,0.00334061,-0.000448012
406,0.00190602,0.00286348,0.0042692,0.00425643,-1.2775e-05
407,0.00626985,0.0135464,0.00380661,0.00393213,0.000125526
408,0.00105157,0.00484104,0.00368536,0.00368159,-3.76627e-06
409,5.34527e-05,0.000158268,0.00362009,0.00364488,2.47902e-05
410,0,0,0.00350926,0.00350955,2.85683e-07
411,0.000181548,0.000244529,0.00381035,0.00362757,-0.000182786
412,0,0,0.00413645,0.00388651,-0.00024994
413,0.00223123,0.0141943,0.00416566,0.00383473,-0.000330933
414,0.000819245,0.00208162,0.00397776,0.00415686,0.000179099
416,0.000177979,0.00023802,0.00290857,0.00295958,5.10085e-05
417,0.000580298,0.000252065,0.00327114,0.00316905,-0.000102091
418,0.000795187,0.00140234,0.00373637,0.00379895,6.25721e-05
419,0.00476479,0.00375517,0.00391462,0.00405089,0.000136267
420,0.000623728,0.000274389,0.00360456,0.00377525,0.000170686
421,0.000156662,0.000338131,0.00362448,0.00351378,-0.000110697
422,0.000370101,0.000729847,0.00336915,0.0034096,4.04548e-05
423,5.7637e-05,5.67943e-06,0.003702,0.00385363,0.000151632
424,0,0,0.00391469,0.00394502,3.03285e-05
425,0.000170065,0.000329741,0.00410641,0.00411369,7.28015e-06
426,0.000401612,0.000769094,0.0041253,0.00391943,-0.00020587
427,9.68074e-05,0.000176053,0.00364481,0.00350707,-0.000137743
428,0.000228036,0.000204577,0.00439878,0.00438246,-1.63177e-05
429,2.6656e-07,3.16282e-07,0.00373808,0.00373835,2.69385e-07
430,0.000331461,0.000496106,0.00405541,0.00379194,-0.00026347
431,0.000431096,0.000785297,0.0043706,0.0043214,-4.92004e-05
432,0.000827643,0.00183069,0.00365593,0.00390251,0.000246573
433,5.09819e-05,9.30585e-05,0.00406381,0.00423781,0.000174007
434,6.94453e-05,9.82702e-05,0.0038174,0.00381732,-8.89413e-08
435,0,0,0.00413057,0.00412903,-1.54274e-06
436,4.26842e-05,8.17336e-05,0.00444392,0.00484475,0.000400826
438,4.29815e-07,2.59917e-07,0.00212452,0.00212483,3.1013e-07
439,5.29523e-05,0.000122542,0.00300321,0.00303845,3.52375e-05
440,0.000455671,0.00077047,0.00340711,0.00346087,5.37594e-05
441,9.40989e-05,0.000176671,0.00354676,0.00349789,-4.887e-05
442,1.25726e-05,9.66942e-06,0.00332876,0.00333316,4.40399e-06
443,3.5055e-05,3.46752e-05,0.00338028,0.00342011,3.98248e-05
444,2.28205e-05,1.89924e-06,0.00333362,0.00335852,2.48959e-05
445,1.9199e-05,2.62793e-06,0.00381105,0.00381154,4.8941e-07
446,0.000389451,0.000634543,0.00343229,0.00367417,0.000241878
447,0,0,0.00345992,0.00356426,0.000104339
448,0.000157729,0.000540525,0.00370896,0.00373096,2.1999e-05
449,0.000395663,0.00133524,0.00339308,0.00356514,0.00017206
450,0,0,0.00366126,0.00366064,-6.23753e-07
451,0,0,0.00355924,0.00355861,-6.38422e-07
452,7.93492e-05,2.96553e-05,0.00398208,0.00387086,-0.000111224
453,0,0,0.00423999,0.0042516,1.16099e-05
455,0,0,0.00285041,0.00285036,-4.70318e-08
456,0,0,0.0039054,0.00390572,3.241e-07
458,0,0,0.00322462,0.00322472,9.59262e-08
459,3.47552e-07,4.06449e-07,0.0044175,0.00441756,5.9139e-08
461,0,0,0.00295287,0.00295301,1.31316e-07
462,0,0,0.00318377,0.00318377,-9.31323e-10
463,0,0,0.00337396,0.00297926,-0.000394701
464,0,0,0.00328273,0.00378015,0.000497427
466,0,0,0.00268186,0.00268173,-1.29221e-07
467,0,0,0.00305916,0.00305891,-2.50991e-07
468,0,0,0.0032557,0.0032554,-2.97558e-07
469,0,0,0.0036986,0.0036983,-2.99187e-07
470,0,0,0.0036066,0.00360633,-2.75671e-07
471,4.65527e-07,1.73296e-07,0.00353783,0.00355208,1.42457e-05
472,0,0,0.0031675,0.00315564,-1.18625e-05
473,0,0,0.00360973,0.00360941,-3.11062e-07
474,0.00605538,0.00714155,0.00355679,0.00364752,9.07239e-05
475,0.000708833,0.00116029,0.00379396,0.00391702,0.000123066
477,3.76973e-07,4.0069e-07,0.00430961,0.00430955,-5.6345e-08
478,0,0,0.00436898,0.00436881,-1.7276e-07
479,0.000705026,0.000952794,0.00433543,0.00423166,-0.000103767
481,0,0,0.00273627,0.00271278,-2.34875e-05
482,0,0,0.00335334,0.00333614,-1.71964e-05
483,9.901e-05,0.000378332,0.00379573,0.00375297,-4.27617e-05
484,6.49173e-05,0.000104374,0.00391068,0.00387154,-3.91384e-05
485,0.000245897,0.000271605,0.0041411,0.0041558,1.47014e-05
486,5.90268e-05,9.31919e-05,0.00449549,0.00458754,9.20552e-05
488,0,0,0.00268442,0.00268423,-1.90455e-07
489,0,0,0.00404437,0.00404437,1.86265e-09
490,0,0,0.00405235,0.00385859,-0.000193763
491,0,0,0.00366365,0.00348842,-0.000175226
492,3.89831e-05,6.18864e-05,0.00419967,0.00410522,-9.44473e-05
493,5.56934e-05,0.000267592,0.00417239,0.00399331,-0.000179079
494,8.18573e-05,0.000105166,0.00436849,0.00436869,1.94181e-07
495,3.42403e-07,5.57225e-07,0.00383262,0.00383268,6.07688e-08
496,0.00111074,0.000516688,0.00346371,0.00345577,-7.93673e-06
497,0.000580427,0.00105221,0.00407937,0.0039567,-0.000122671
498,0.000286884,0.000437465,0.00405488,0.00393541,-0.000119471
499,0.00044164,0.000715278,0.00367655,0.00357098,-0.000105565
500,3.96507e-05,6.27571e-05,0.00418592,0.00418504,-8.75443e-07
501,0.000179467,0.000129659,0.00413129,0.00416961,3.83202e-05
502,5.05762e-07,6.4926e-07,0.00395256,0.00395271,1.4808e-07
504,1.0126e-05,8.68409e-05,0.00336083,0.00332182,-3.90026e-05
505,5.36442e-07,8.74611e-07,0.00413245,0.00413256,1.0943e-07
506,0.000120134,0.000529719,0.00407447,0.003938,-0.000136471
507,0.000646389,0.000910541,0.0042185,0.00432486,0.000106358
508,0.000268594,0.000590036,0.00423344,0.00431975,8.63085e-05
510,4.0802e-05,6.75589e-05,0.00254531,0.0025022,-4.31126e-05
511,0,0,0.00301554,0.00301017,-5.37373e-06
512,0,0,0.00387597,0.00391158,3.56066e-05
513,7.60403e-05,0.000215685,0.00430445,0.00418766,-0.000116792
514,0,0,0.00417647,0.0044044,0.000227937
516,0,0,0.00400526,0.00400509,-1.62981e-07
517,0,0,0.00432571,0.00432526,-4.58676e-07
518,3.80771e-06,1.2485e-05,0.00448499,0.00449304,8.0457e-06
520,0,0,0.00382381,0.00382359,-2.15834e-07
522,0,0,0.00406597,0.00387772,-0.000188248
525,0,0,0.0036567,0.00365665,-5.09899e-08
527,8.79672e-05,0.00027662,0.0044012,0.00441073,9.5279e-06
528,0.000360744,0.000214572,0.00443047,0.00448305,5.2576e-05
530,0,0,0.00314718,0.00314718,4.42378e-09
531,1.3328e-07,1.60663e-07,0.00403587,0.00403611,2.38884e-07
533,0.000203147,0.000279998,0.00280067,0.00286961,6.894e-05
534,0,0,0.00321271,0.00320309,-9.62242e-06
535,0.000216608,0.000451169,0.00387447,0.00397706,0.000102597
537,1.54196e-05,1.1822e-06,0.00402231,0.00399858,-2.3725e-05
538,0,0,0.00338858,0.00338816,-4.17698e-07
539,2.72649e-05,3.92724e-06,0.00309001,0.00309126,1.25915e-06
541,1.03712e-05,3.62025e-07,0.0041682,0.00418003,1.18311e-05
543,0,0,0.00354544,0.00352785,-1.75899e-05
544,0.000154452,0.000396365,0.00366487,0.00365228,-1.25871e-05
546,0,0,0.00330702,0.00330701,-1.3737e-08
547,5.49679e-05,2.52232e-05,0.0033678,0.00339808,3.02768e-05
548,0.000181766,0.000431077,0.00346411,0.0034411,-2.30107e-05
549,0.000332039,0.000302815,0.00300002,0.00302206,2.20395e-05
550,0.00019169,0.000806967,0.00324117,0.00333016,8.8989e-05
552,2.06687e-05,1.60663e-07,0.00361958,0.00360519,-1.4392e-05
553,0,0,0.0037706,0.0037715,8.98028e-07
555,0,0,0.00357598,0.00357586,-1.18744e-07
557,0,0,0.00430682,0.0043067,-1.19209e-07
559,0,0,0.00303781,0.00303789,8.89413e-08
560,0,0,0.00359545,0.0036092,1.37468e-05
563,6.10126e-06,1.49749e-05,0.00300158,0.00300799,6.41006e-06
564,0,0,0.00355982,0.00356089,1.06636e-06
565,0,0,0.00390385,0.00390292,-9.33185e-07
567,0,0,0.00299499,0.00299492,-6.33299e-08
568,0,0,0.00413713,0.00411098,-2.61441e-05
569,0,0,0.00433867,0.00405647,-0.000282196
571,0,0,0.00387033,0.00387034,2.56114e-09
573,0,0,0.00296283,0.00296282,-1.234e-08
574,0.000199712,0.000344323,0.00385603,0.00388172,2.56882e-05
577,1.3328e-07,2.90859e-07,0.00391533,0.00391476,-5.69969e-07
578,4.65527e-07,8.39241e-07,0.0042656,0.00426505,-5.49946e-07
580,1.46001e-07,2.04314e-07,0.00328471,0.00328462,-9.01055e-08
581,0,0,0.00422202,0.00422182,-1.92318e-07
29,1.85631e-05,2.41004e-05,0.000668123,0.000668781,6.57747e-07
30,4.19858e-06,5.30961e-06,0.00108014,0.00108036,2.25496e-07
31,4.80747e-06,6.34816e-06,0.00106353,0.00105919,-4.33333e-06
32,3.37764e-05,4.65402e-05,0.00108523,0.00108547,2.34111e-07
33,3.0757e-05,4.06838e-05,0.00107465,0.00107401,-6.39935e-07
34,2.08637e-05,2.77265e-05,0.00170759,0.00170662,-9.69856e-07
35,2.10504e-06,2.89012e-06,0.0020256,0.0020235,-2.09245e-06
36,3.03623e-06,4.39642e-06,0.00154199,0.00154156,-4.29456e-07
37,1.0421e-06,1.86027e-06,0.00184573,0.00184565,-7.34581e-08
38,1.03107e-05,1.51733e-05,0.00204724,0.00204691,-3.32249e-07
39,1.46799e-05,2.79996e-05,0.00214297,0.00214231,-6.59144e-07
40,1.34351e-05,1.62904e-05,0.0021808,0.00218067,-1.29454e-07
41,1.77093e-05,2.57302e-05,0.0020362,0.00203657,3.7835e-07
42,0.000388927,0.000514029,0.00348448,0.00348486,3.84171e-07
43,1.77826e-05,1.29955e-05,0.00223325,0.00224272,9.46457e-06
44,3.76132e-05,5.50062e-05,0.00278849,0.00277971,-8.78167e-06
45,0.00976285,0.00980313,0.00239314,0.0017002,-0.000692935
46,0.010156,0.00995506,0.00231923,0.00176528,-0.000553948
47,0.0105607,0.0108032,0.00248932,0.00202055,-0.000468772
48,0.0134565,0.0131765,0.00234451,0.00224125,-0.000103258
49,0.012533,0.0121524,0.00253108,0.0025161,-1.49799e-05
50,1.83835e-05,2.81748e-05,0.00109156,0.00109162,5.51809e-08
51,2.38668e-05,3.84064e-05,0.00233448,0.00233454,6.37956e-08
52,2.86976e-05,4.38117e-05,0.0024766,0.00247665,4.74975e-08
53,2.06103e-05,3.43399e-05,0.00243111,0.00243069,-4.15603e-07
54,9.19751e-05,6.93148e-05,0.00247016,0.00245468,-1.54786e-05
55,0.000287135,0.000337444,0.00253064,0.00249237,-3.82632e-05
56,3.15073e-06,4.13051e-06,0.00124698,0.00124578,-1.20618e-06
57,5.75061e-06,7.65558e-06,0.00150213,0.0015017,-4.28525e-07
58,6.421e-06,8.14546e-06,0.0012205,0.00121985,-6.49947e-07
59,3.03381e-06,5.41864e-06,0.00138271,0.00138232,-3.86848e-07
60,3.26531e-06,4.22538e-06,0.00194736,0.00194649,-8.61473e-07
61,0.0101916,0.010759,0.00308211,0.00221982,-0.000862295
62,2.58816e-06,3.27517e-06,0.000947194,0.000946933,-2.60945e-07
63,1.27177e-05,2.13679e-05,0.00160445,0.00160288,-1.56742e-06
64,2.5141e-06,2.90715e-06,0.00206848,0.00206782,-6.58445e-07
65,1.08329e-06,1.71737e-06,0.00231741,0.0023156,-1.80607e-06
66,1.58191e-06,2.16125e-06,0.00283354,0.00283099,-2.54926e-06
67,0.00771302,0.00979328,0.00256862,0.00205579,-0.000512837
68,3.33457e-06,7.09418e-06,0.00123666,0.0012347,-1.95939e-06
69,1.84685e-05,2.41557e-05,0.000959682,0.000956959,-2.7229e-06
70,2.71972e-06,3.83888e-06,0.00112103,0.00112051,-5.13275e-07
71,2.34483e-06,2.75054e-06,0.00136659,0.00136597,-6.20843e-07
72,1.37523e-05,2.3384e-05,0.00172141,0.00172002,-1.39407e-06
73,1.55182e-06,2.13941e-06,0.00182253,0.001822,-5.28991e-07
74,1.05369e-05,2.19544e-05,0.00159623,0.00159516,-1.07556e-06
75,9.34312e-06,1.5889e-05,0.00159315,0.00159224,-9.08505e-07
76,0.00041166,0.00054109,0.00200499,0.00198132,-2.36724e-05
77,0.000200802,0.000288553,0.00185909,0.00184227,-1.68285e-05
29,1.99003e-05,2.60364e-05,0.00066811,0.000668754,6.43602e-07
30,3.97098e-06,4.1714e-06,0.00108013,0.0010804,2.6077e-07
31,5.0154e-06,4.74677e-06,0.00106353,0.00105898,-4.54392e-06
32,5.30307e-06,7.08325e-06,0.00108523,0.00108547,2.44239e-07
33,3.05514e-05,4.06796e-05,0.00107465,0.00107412,-5.30737e-07
34,2.82883e-05,3.64519e-05,0.00170759,0.00170633,-1.26124e-06
35,2.29336e-06,2.98454e-06,0.0020256,0.00202332,-2.28547e-06
36,2.37217e-06,3.16625e-06,0.00154199,0.0015415,-4.83473e-07
37,8.95717e-06,1.01414e-05,0.00184572,0.00184565,-6.71716e-08
38,1.01067e-05,1.47889e-05,0.00204723,0.00204669,-5.41098e-07
39,1.59098e-05,2.95515e-05,0.00214296,0.00214204,-9.18284e-07
40,1.37942e-05,1.7453e-05,0.00218081,0.00218081,3.25963e-09
41,3.53026e-06,4.2767e-06,0.00203619,0.00203689,6.97561e-07
42,0.000389421,0.000514672,0.00348447,0.00348485,3.7346e-07
43,1.69715e-05,3.20643e-05,0.0022303,0.00223025,-5.12227e-08
44,1.16724e-06,1.89568e-06,0.00277795,0.00277703,-9.27597e-07
45,0.0104789,0.0107165,0.00236306,0.00172428,-0.000638785
46,0.0108867,0.0110042,0.00230318,0.00181645,-0.000486737
47,0.0113175,0.0119428,0.00249374,0.00206054,-0.000433198
48,0.0145615,0.0149328,0.00241865,0.0022975,-0.000121144
49,0.0135655,0.0135382,0.00253501,0.0025953,6.02859e-05
50,2.03816e-05,3.08316e-05,0.00109645,0.00109647,2.59606e-08
51,0.000219392,0.000305553,0.00239011,0.00239042,3.08966e-07
52,2.80732e-05,3.8084e-05,0.00250262,0.00250227,-3.47849e-07
53,1.23368e-05,1.95568e-05,0.00135427,0.00135308,-1.19046e-06
54,2.17759e-06,4.47123e-06,0.0015707,0.00157023,-4.74043e-07
55,1.66066e-06,1.60398e-06,0.00229482,0.00229401,-8.01636e-07
56,2.09654e-05,3.69898e-05,0.00158142,0.00157839,-3.03646e-06
57,6.86248e-06,1.15513e-05,0.00164244,0.001642,-4.41796e-07
58,1.22738e-05,1.75919e-05,0.00186198,0.0018613,-6.77188e-07
59,3.13648e-05,2.6903e-05,0.00180023,0.00179881,-1.41736e-06
60,3.50899e-05,4.5499e-05,0.00171281,0.00171277,-3.89991e-08
61,1.95797e-05,3.28558e-05,0.00231393,0.00231245,-1.48499e-06
62,1.48644e-05,1.43453e-05,0.00248046,0.00247978,-6.78701e-07
63,2.74931e-05,3.62189e-05,0.00225476,0.00225476,1.39698e-09
64,1.89436e-05,3.05213e-05,0.0026994,0.00269841,-9.86736e-07
65,0.000171775,0.000252377,0.00182828,0.00182825,-2.94531e-08
66,1.98065e-06,3.23966e-06,0.00252834,0.00252807,-2.74274e-07
67,0.00821809,0.0101641,0.00262427,0.00202068,-0.00060359
68,8.69437e-06,1.13646e-05,0.00125025,0.00124926,-9.88133e-07
69,7.49353e-07,2.02637e-06,0.00100005,0.00100004,-5.70435e-09
70,1.69959e-06,2.78098e-06,0.0011306,0.00113072,1.14087e-07
71,1.48057e-05,3.50763e-05,0.0013361,0.00133617,6.76373e-08
72,1.36969e-06,2.3197e-06,0.00162578,0.00162547,-3.07569e-07
30,2.95192e-06,3.34353e-06,0.00108014,0.00108026,1.20373e-07
32,5.36375e-06,7.16776e-06,0.00108523,0.00108546,2.25729e-07
34,2.14047e-05,2.84599e-05,0.00170759,0.00170647,-1.11654e-06
36,1.54848e-05,2.29614e-05,0.001542,0.00154164,-3.56231e-07
37,1.33611e-06,2.23438e-06,0.00184572,0.00184563,-9.5577e-08
40,1.34586e-05,1.64413e-05,0.0021808,0.00218074,-6.72881e-08
41,1.77096e-05,2.54269e-05,0.0020362,0.0020366,4.02331e-07
42,0.000388762,0.000513893,0.00348448,0.00348472,2.47732e-07
43,0.0111923,0.00996751,0.0034272,0.00224242,-0.00118478
44,0.000194847,0.000283057,0.0018881,0.00189346,5.36756e-06
45,0.000213294,0.000309748,0.00187231,0.00187601,3.69071e-06
46,3.52167e-05,4.82557e-05,0.00177878,0.00177189,-6.88981e-06
47,0.000455311,0.000652408,0.00203649,0.00204329,6.79167e-06
48,0.000546164,0.000799336,0.00166134,0.00168076,1.94188e-05
49,0.000299528,0.000425349,0.00146848,0.00147785,9.36666e-06
50,0.000210388,0.000303636,0.00115029,0.00113895,-1.13423e-05
51,7.61772e-05,0.000110142,0.00193143,0.00192951,-1.92097e-06
52,7.9581e-05,0.000115219,0.00218858,0.00217475,-1.38253e-05
53,9.79368e-06,1.41622e-05,0.00213157,0.00212983,-1.74553e-06
54,8.76424e-05,9.67047e-05,0.00198478,0.0019662,-1.85762e-05
55,0.000303723,0.000445594,0.00257029,0.00257235,2.06381e-06
56,0.010167,0.0114876,0.00241779,0.00127286,-0.00114493
57,0.0108422,0.0122032,0.00271593,0.00155218,-0.00116375
58,7.71725e-06,1.7702e-05,0.000791139,0.000786423,-4.71581e-06
59,7.70439e-06,1.5469e-05,0.00144582,0.00144348,-2.34286e-06
60,2.4044e-06,3.98195e-06,0.00103485,0.00103359,-1.26497e-06
61,2.81123e-06,3.23598e-06,0.00157848,0.00158168,3.19688e-06
62,7.56958e-06,6.83956e-06,0.00169005,0.00168251,-7.54534e-06
63,1.93952e-05,3.43293e-05,0.00197126,0.00196889,-2.37231e-06
64,8.94878e-07,7.68006e-07,0.00232776,0.00232772,-4.09782e-08
65,8.85481e-05,0.000110989,0.0023292,0.00233369,4.4941e-06
66,7.9273e-05,0.000112993,0.00281934,0.00281927,-7.49715e-08
67,4.03684e-05,4.43784e-05,0.00207714,0.00207703,-1.08732e-07
68,0.00591919,0.00601241,0.00320425,0.00265597,-0.000548276
69,3.25109e-05,3.37095e-05,0.00109071,0.0010836,-7.10995e-06
70,4.16961e-05,5.56751e-05,0.00178451,0.00178644,1.93401e-06
71,1.49413e-05,2.32581e-05,0.00152765,0.00152611,-1.53342e-06
72,1.09585e-05,1.8824e-05,0.00194069,0.00193903,-1.66346e-06
73,4.38513e-06,5.91782e-06,0.00229301,0.00229265,-3.56464e-07
74,5.38555e-05,7.24463e-05,0.00196152,0.00196171,1.851e-07
75,1.30339e-05,1.87158e-05,0.00173781,0.00173765,-1.61002e-07
76,7.83291e-05,9.27635e-05,0.00176288,0.00175253,-1.03512e-05
77,2.23148e-05,3.33079e-05,0.00166489,0.00166421,-6.76373e-07
78,1.8247e-05,2.55035e-05,0.00187116,0.0018709,-2.57511e-07
79,3.49815e-06,4.99193e-06,0.00237847,0.00237769,-7.73463e-07
81,6.21459e-05,8.23117e-05,0.00258849,0.00259182,3.32785e-06
83,0.00124679,0.00172514,0.00266443,0.00209945,-0.000564977
84,9.50153e-06,1.24193e-05,0.00143797,0.00143685,-1.12166e-06
88,1.26444e-06,2.98466e-06,0.0020439,0.00204324,-6.64033e-07
89,2.75679e-05,3.46752e-05,0.00213717,0.0021369,-2.71946e-07
91,4.45541e-05,3.364e-05,0.00220542,0.00220245,-2.96743e-06
92,9.63096e-06,1.40008e-05,0.00217563,0.0021731,-2.52551e-06
93,0.000104367,0.000146065,0.00263468,0.00263069,-3.98955e-06
94,0.000138018,0.000217755,0.00212977,0.00213593,6.15744e-06
97,0.000978487,0.00107759,0.00175062,0.001246,-0.000504618
98,0.00103177,0.000982098,0.00175392,0.00116822,-0.000585699
99,0.000986096,0.00113028,0.00190811,0.00146381,-0.000444298
100,0.00134398,0.00117836,0.0026022,0.00226878,-0.000333416
101,6.80578e-05,9.96555e-05,0.00123359,0.00123351,-7.49715e-08
102,0.00190197,0.00312479,0.00312527,0.00263458,-0.00049069
103,7.21086e-06,3.75196e-06,0.00310765,0.00310742,-2.30037e-07
104,2.00711e-05,2.96915e-05,0.00224651,0.00224524,-1.26637e-06
105,0.00127384,0.0016824,0.00339743,0.00306106,-0.000336378
108,0.00177538,0.0020405,0.0017726,0.00124885,-0.000523757
109,0.00229517,0.00281557,0.00165388,0.00125161,-0.000402265
110,0.00187651,0.00225756,0.00192175,0.00149065,-0.000431105
111,0.00182015,0.00209862,0.0028202,0.00244932,-0.000370885
114,0.00259963,0.00210428,0.00211132,0.00157868,-0.000532644
116,0.00390963,0.00388477,0.00281215,0.00272508,-8.70707e-05
120,8.81184e-05,9.86099e-05,0.00183952,0.00184816,8.64116e-06
121,0.000143634,0.000155429,0.00301004,0.00298517,-2.48635e-05
122,2.44548e-05,2.20606e-05,0.0013329,0.00132742,-5.47664e-06
126,0.00186234,0.00235829,0.00274032,0.00223019,-0.000510132
127,1.85546e-06,2.69554e-06,0.000981234,0.000978273,-2.96102e-06
129,4.64661e-05,8.53278e-05,0.00257222,0.00257144,-7.77189e-07
130,1.90344e-05,1.71981e-05,0.000924139,0.000922619,-1.52068e-06
132,0.00187928,0.00311363,0.00190589,0.00115203,-0.000753858
133,0.00227338,0.00359863,0.00207313,0.00145836,-0.000614769
135,0.00211873,0.00341307,0.00187549,0.00133226,-0.000543234
137,0.00235723,0.00365334,0.00254089,0.00212936,-0.000411522
138,9.77407e-05,0.000121021,0.00189389,0.00189425,3.53321e-07
139,0.00421,0.00513393,0.00267824,0.00199758,-0.000680663
141,0.00397209,0.00469781,0.00225246,0.00153881,-0.000713654
142,0.00407984,0.00488147,0.00271658,0.00224464,-0.000471935
143,0.00403293,0.00477603,0.00279218,0.0023314,-0.000460787
146,0.00168485,0.00259037,0.0020003,0.00151309,-0.000487206
147,0.00163304,0.00250992,0.00244135,0.00204552,-0.000395833
148,0.00182427,0.00261787,0.00244599,0.00206928,-0.000376706
149,0.0016622,0.00251301,0.00316355,0.00295959,-0.000203963
150,2.33919e-06,2.713e-06,0.00139626,0.00139467,-1.59594e-06
152,0.00442991,0.00380772,0.00354389,0.00332338,-0.000220511
153,0.00462971,0.00465453,0.00263002,0.00222987,-0.000400153
154,0.0055011,0.00657316,0.00339675,0.0032938,-0.000102956
155,0.00451683,0.00511103,0.0035864,0.00347334,-0.00011306
156,2.12344e-05,2.08235e-05,0.00193211,0.0019306,-1.50129e-06
159,0.0016832,0.00207112,0.00245658,0.0018543,-0.000602286
160,0.00206228,0.0029594,0.0025028,0.00197599,-0.000526814
161,0.00180748,0.00254506,0.00195962,0.00143943,-0.000520187
164,1.83077e-05,2.09039e-05,0.0011119,0.00111092,-9.81498e-07
165,7.11022e-06,8.25594e-06,0.00130079,0.0012991,-1.69035e-06
166,0.00105331,0.000361704,0.00165513,0.000914202,-0.00074093
167,0.000988673,0.00055249,0.00169975,0.00115984,-0.000539914
168,0.00137715,0.000845273,0.00232749,0.00180786,-0.000519632
169,0.0013428,0.000857969,0.00263611,0.00218242,-0.00045369
170,1.479e-05,1.41085e-05,0.00118369,0.00118196,-1.72469e-06
171,4.25524e-05,5.60479e-05,0.00181409,0.00181361,-4.77536e-07
172,0.0013191,0.00113028,0.00239201,0.00171361,-0.000678391
173,0.00140095,0.00149528,0.00230431,0.0016591,-0.000645214
174,0.0011621,0.000970161,0.0021459,0.00175081,-0.000395091
175,0.00134281,0.00150086,0.00224881,0.0016635,-0.000585316
176,0.00146901,0.00178081,0.0026894,0.00229434,-0.000395063
179,0.00070368,0.000980916,0.00244824,0.00205323,-0.000395013
180,0.000603708,0.000753487,0.0024278,0.00211858,-0.000309223
181,0.000783862,0.000870045,0.00255881,0.00234242,-0.000216393
182,0.000722986,0.000856894,0.00263116,0.00233061,-0.000300553
183,4.07846e-05,7.4576e-05,0.00164883,0.00163105,-1.77877e-05
184,9.51527e-05,0.000110311,0.00209653,0.00211516,1.8632e-05
185,0.00143193,0.00215618,0.00225766,0.0018211,-0.000436562
186,0.001791,0.00267181,0.00190007,0.00140486,-0.000495209
187,0.00200266,0.00298367,0.00205686,0.00142285,-0.000634015
188,0.00204115,0.00304725,0.00222004,0.0017424,-0.000477639
189,0.00139736,0.00205117,0.00255712,0.00219626,-0.000360865
191,0.000116913,0.000223577,0.00204358,0.00202032,-2.32535e-05
192,0.000966329,0.00138482,0.00270402,0.00249332,-0.000210702
193,0.00155046,0.00227389,0.00241263,0.00215336,-0.000259267
194,0.00121234,0.00168705,0.00209981,0.00170498,-0.000394829
195,0.00128615,0.00183033,0.00240766,0.002074,-0.000333664
196,0.000781599,0.000747243,0.00296285,0.0027341,-0.00022875
197,4.46819e-05,4.36034e-05,0.000873418,0.000871293,-2.12435e-06
198,3.09268e-05,3.17199e-05,0.0026736,0.00265662,-1.69738e-05
199,0.0003932,0.000930227,0.00262789,0.00222822,-0.000399675
200,0.000311463,0.000696972,0.00216735,0.00185152,-0.000315833
201,0.000812078,0.00132888,0.00296606,0.00278379,-0.000182267
202,0.000569823,0.00113545,0.00342272,0.00320002,-0.000222696
203,0.000293191,0.00033967,0.00231601,0.00225343,-6.25774e-05
204,7.28278e-05,0.00011628,0.00223007,0.00223866,8.58423e-06
205,0.00113413,0.000998507,0.00207722,0.00164276,-0.000434455
206,0.00117066,0.00115577,0.00279958,0.00242926,-0.000370324
207,0.00111611,0.000925979,0.00282169,0.00258222,-0.000239467
208,0.00106553,0.000761344,0.00284043,0.00271358,-0.000126842
209,0.000181067,0.000248962,0.00114412,0.00114229,-1.83284e-06
210,4.46901e-05,8.11613e-05,0.00105865,0.0010453,-1.33477e-05
211,0.00177459,0.00181823,0.00186602,0.00134079,-0.000525234
212,0.00188353,0.00189679,0.00204038,0.0016901,-0.000350275
213,0.00195154,0.00206023,0.00198057,0.00162789,-0.000352687
214,0.00219383,0.0023863,0.00231539,0.002177,-0.000138385
215,0.0020539,0.0021222,0.00291175,0.00287873,-3.30217e-05
216,0.000118023,0.000212263,0.00152566,0.00153101,5.35382e-06
217,4.22922e-05,0.000111275,0.00160391,0.00160478,8.76724e-07
218,0.00269831,0.00329012,0.00265638,0.00238669,-0.000269688
219,0.00279054,0.00332349,0.00237575,0.00205803,-0.000317718
220,0.00262534,0.00341758,0.00280523,0.00250491,-0.000300328
221,0.00271318,0.00333678,0.00288718,0.00262653,-0.000260653
222,7.90435e-05,0.000113254,0.0020966,0.00207,-2.65951e-05
223,0.000275313,0.000516943,0.0032006,0.00319035,-1.02441e-05
224,0.000494575,0.000655811,0.00192267,0.00194353,2.08585e-05
225,0.00103772,0.00178365,0.00259086,0.00196586,-0.000624998
226,0.000403867,0.000996738,0.00276061,0.00226398,-0.000496623
227,0.000551901,0.000895849,0.00296958,0.00259645,-0.000373134
228,0.000434733,0.000572217,0.00198645,0.0020102,2.37545e-05
229,0.00014387,0.000148087,0.00160837,0.00157709,-3.12831e-05
230,0.00164014,0.00222727,0.00256334,0.00208801,-0.000475328
231,0.0013364,0.00161983,0.00268469,0.00228585,-0.000398841
232,0.00140377,0.00185885,0.00250409,0.00211835,-0.000385734
233,0.00122878,0.00164959,0.0018862,0.0013497,-0.000536504
234,0.00116693,0.00146554,0.00202768,0.00151235,-0.000515325
235,0.00124725,0.00140805,0.00250992,0.00217862,-0.000331296
236,0.000161785,0.000236005,0.000893484,0.000936903,4.3419e-05
237,0.000299412,0.000385877,0.0011028,0.00109005,-1.27564e-05
238,0.00078915,0.000710026,0.00179214,0.00104661,-0.000745526
239,0.000690947,0.000502135,0.00209696,0.00152624,-0.000570719
240,0.000880725,0.000949683,0.00221839,0.00169272,-0.000525668
241,0.000795836,0.000816976,0.00209065,0.00161224,-0.00047841
242,0.000726363,0.000563928,0.00177438,0.00130918,-0.000465199
243,0.000629885,0.00060174,0.00221776,0.0018,-0.000417762
244,0.000652255,0.000732595,0.00224642,0.00196322,-0.000283199
245,0.000722506,0.000892777,0.00227756,0.0020416,-0.000235964
246,0.000328966,0.000790559,0.00320512,0.00305989,-0.000145232
247,4.12018e-05,3.95226e-05,0.0011651,0.00116061,-4.49433e-06
248,0.000319369,0.000343624,0.0014953,0.00156453,6.92221e-05
249,0.00254241,0.00373512,0.00245719,0.00258812,0.000130931
250,0.00159244,0.00105727,0.00228897,0.00210215,-0.000186823
251,0.00145184,0.000653111,0.00257347,0.00228618,-0.000287291
252,0.010551,0.011635,0.00308292,0.00355088,0.000467964
253,0.000101886,6.01245e-05,0.000764814,0.000766923,2.10945e-06
254,0.00165589,0.00195418,0.00125803,0.00143357,0.000175535
255,0.00211972,0.00232191,0.00201559,0.0013349,-0.000680693
256,0.00565768,0.00513864,0.00251704,0.0018383,-0.00067874
257,0.0106389,0.0135662,0.00336789,0.00294307,-0.00042482
258,0.00263166,0.00276202,0.00321225,0.00290423,-0.000308019
259,6.20474e-05,9.76618e-05,0.0017261,0.00172666,5.64614e-07
260,0.000305154,0.000395316,0.00135871,0.00135385,-4.86406e-06
261,0.000674245,0.000853921,0.00147981,0.0014802,3.84287e-07
262,0.000565155,0.000485892,0.00222404,0.00164936,-0.000574681
263,0.00165796,0.00173661,0.00217575,0.00157522,-0.000600537
264,0.0153348,0.0207825,0.00234619,0.0026304,0.000284215
265,0.00332533,0.00493537,0.00240655,0.00190176,-0.000504784
266,0.00352719,0.00498874,0.00241957,0.00188067,-0.000538896
267,0.00202422,0.00176239,0.0022999,0.00179173,-0.000508171
268,0.00628334,0.00837458,0.00255871,0.00202526,-0.000533449
269,0.0044815,0.00651004,0.00112089,0.00188327,0.000762379
270,3.16114e-05,5.45459e-05,0.00118733,0.00118295,-4.37675e-06
271,0.000239784,0.000323768,0.00129728,0.00127752,-1.97545e-05
272,0.00160198,0.00175384,0.00232901,0.00187438,-0.00045463
273,0.00171027,0.0026097,0.00241491,0.00218151,-0.000233404
274,0.00318163,0.0039271,0.002959,0.0029004,-5.86004e-05
275,0.00559464,0.0118616,0.00271517,0.00273672,2.15529e-05
276,0.00159142,0.00206285,0.00254816,0.0026573,0.000109148
277,0.00133773,0.00200428,0.00230122,0.002358,5.67811e-05
278,0.00097737,0.00171038,0.00269249,0.00225704,-0.000435442
279,0.00228539,0.00323835,0.00284264,0.00254296,-0.000299674
280,0.000718182,0.000479822,0.00279426,0.00241946,-0.000374801
281,5.26682e-05,6.14098e-05,0.00191327,0.00191127,-2.00409e-06
282,0.000103992,0.000156354,0.00178362,0.0017462,-3.74214e-05
283,0.00154047,0.00221,0.00145571,0.00151825,6.25402e-05
284,0.000622373,0.000293329,0.00234277,0.00180886,-0.000533917
285,0.0009721,0.000678353,0.00234267,0.0018559,-0.000486767
286,0.00095952,0.000931555,0.00238754,0.00186513,-0.000522415
287,0.00108231,0.00128523,0.00215948,0.00171743,-0.000442051
288,0.00105457,0.0010325,0.00331184,0.00294787,-0.000363975
289,9.97297e-06,3.77101e-05,0.00154269,0.00154729,4.59643e-06
290,0.000909581,0.00121592,0.00261604,0.0025455,-7.05444e-05
291,0.000508439,0.000577225,0.00174449,0.00171285,-3.16399e-05
292,0.000928737,0.000749642,0.00221267,0.00170231,-0.000510363
293,0.00237277,0.00291129,0.00281254,0.00234358,-0.000468961
294,0.000665717,0.000365784,0.00297913,0.00264061,-0.000338522
295,3.64238e-05,9.6105e-05,0.0029677,0.00296305,-4.6459e-06
296,0.000717129,0.000739227,0.00370519,0.0037693,6.41088e-05
298,0.000107846,0.000144718,0.00235713,0.0023546,-2.5311e-06
299,0.00134395,0.00222797,0.00234375,0.00238324,3.94846e-05
300,0.000881902,0.000949615,0.00254868,0.00249106,-5.76223e-05
301,0.000276699,0.000317626,0.0020402,0.00207817,3.79649e-05
302,0.000323911,0.00056352,0.00239891,0.00236027,-3.86371e-05
303,0,0,0.00289957,0.00290329,3.72576e-06
304,0.000253523,0.000391022,0.00124692,0.00125855,1.16306e-05
305,0.000371547,0.000176156,0.000974579,0.00107984,0.000105257
306,0.00140303,0.00157843,0.00173261,0.00124843,-0.00048418
307,0,0,0.00269087,0.00237817,-0.000312696
308,0,0,0.00279798,0.00270499,-9.29986e-05
309,0.0135053,0.0108133,0.00185113,0.00278255,0.000931417
310,0.00130808,0.0012362,0.00174498,0.0014286,-0.000316373
311,0,0,0.00260999,0.00258339,-2.65967e-05
312,0.000193544,0.000375346,0.00123499,0.00124445,9.45374e-06
313,0.000343323,0.00038192,0.00111105,0.00114589,3.48407e-05
314,0.0029275,0.00328244,0.00105899,0.00186179,0.000802797
315,0.00128744,0.00107946,0.00242633,0.0021458,-0.000280534
316,0.0206099,0.026814,0.00369699,0.00365211,-4.48823e-05
317,0.0014303,0.00221503,0.00357567,0.0035032,-7.24737e-05
318,0.00226755,0.00464223,0.00361974,0.00373226,0.000112524
319,6.75504e-05,0.000109285,0.00344032,0.0034402,-1.15018e-07
320,0.00730621,0.00918724,0.00322784,0.00293216,-0.000295682
321,0,0,0.00351085,0.0035193,8.4429e-06
322,0,0,0.00360437,0.00357177,-3.2603e-05
323,0,0,0.00330453,0.0035449,0.000240375
324,0.000110146,0.000380115,0.00341841,0.00340685,-1.15589e-05
325,0,0,0.00356381,0.00356319,-6.21425e-07
326,0.000197981,0.000260862,0.00391842,0.00401023,9.18126e-05
327,0.0148442,0.0350322,0.00447671,0.00354628,-0.000930429
328,0.000931592,0.00409635,0.00370574,0.00368399,-2.17527e-05
329,0.00423927,0.00534993,0.00381927,0.004017,0.000197723
330,0.00116843,0.00124133,0.0039578,0.00397057,1.27684e-05
331,4.32229e-06,3.72189e-06,0.00410113,0.0041093,8.16956e-06
332,0.00299233,0.00424903,0.00392254,0.00400612,8.35857e-05
333,0.00832448,0.00979641,0.00386822,0.00374564,-0.000122587
334,0.000600532,0.000977116,0.00399459,0.00356348,-0.00043111
335,0.000464369,0.000567691,0.00362221,0.00355873,-6.34782e-05
336,2.33145e-06,4.99996e-06,0.00363938,0.00363917,-2.12574e-07
337,0.000289717,0.000323731,0.00352241,0.0035023,-2.01075e-05
339,0.000493723,0.000717773,0.00342505,0.00357974,0.000154697
340,0.000299048,0.000525413,0.00362401,0.00367782,5.38044e-05
341,0.00197049,0.00263125,0.00381167,0.00389515,8.34754e-05
342,9.55186e-07,1.76017e-06,0.00367089,0.00367084,-4.72646e-08
343,0.000549365,0.000540006,0.00373406,0.00373817,4.10713e-06
344,0.000614119,0.000593806,0.00358249,0.00360019,1.76933e-05
345,0.0020974,0.00231551,0.00391347,0.00418247,0.000269005
346,0.000315832,0.000401318,0.0039248,0.00407833,0.000153529
347,0.000525397,0.000719303,0.00422811,0.00388532,-0.000342786
348,0.000143501,0.000185405,0.00376895,0.00368987,-7.90756e-05
349,5.03137e-05,8.29677e-05,0.00395243,0.00395293,4.96861e-07
351,0.00104635,0.000719498,0.00442266,0.00392886,-0.000493809
352,0.00230672,0.00188155,0.00386439,0.00392644,6.20491e-05
353,0.00179028,0.00239761,0.00409588,0.00406184,-3.40343e-05
355,0.000790257,0.00118336,0.00257622,0.00272119,0.000144969
356,9.95848e-06,1.51582e-06,0.00264617,0.00265962,1.34467e-05
357,0,0,0.0026069,0.0026066,-3.02214e-07
358,0.0123598,0.0178766,0.00263212,0.00297831,0.000346189
359,0.00344743,0.00349318,0.0028163,0.00302915,0.000212848
360,0.00145387,0.0029242,0.00298803,0.00305786,6.98243e-05
361,0.000163052,0.000374473,0.00295281,0.00297563,2.28244e-05
362,0.00139537,0.00248066,0.00278473,0.00302403,0.000239302
363,0.00129268,0.00132096,0.00238607,0.00252097,0.000134899
364,0.000802252,0.00110598,0.00218173,0.00159224,-0.000589495
365,0.000855346,0.001353,0.00257312,0.00265182,7.87026e-05
366,0.00281698,0.00353277,0.00298773,0.00281547,-0.000172255
367,0.00466765,0.00959538,0.00232677,0.0026486,0.00032183
368,0,0,0.00273971,0.00273225,-7.46199e-06
369,0.000424219,0.00081675,0.00222192,0.00227118,4.92574e-05
370,0.00331613,0.00887865,0.00271703,0.00229666,-0.000420372
371,0.00304218,0.00256866,0.00291662,0.00286346,-5.31669e-05
372,0.00417189,0.00564986,0.00274595,0.00282488,7.89261e-05
373,1.34883e-05,2.25948e-06,0.00280631,0.00280054,-5.76186e-06
374,0.000251595,0.000916647,0.00276156,0.00275384,-7.72392e-06
375,1.6085e-06,8.61849e-06,0.00302921,0.00301364,-1.55764e-05
376,0,0,0.00277069,0.00282468,5.39885e-05
377,0.000723386,0.00239532,0.00309638,0.00307393,-2.24574e-05
378,0.000933862,0.00261155,0.00329456,0.00307746,-0.000217099
379,0.000118516,0.000253893,0.00344891,0.0034455,-3.40212e-06
380,0,0,0.00344779,0.00346602,1.82318e-05
381,1.38541e-06,8.91084e-07,0.00337488,0.00337503,1.4645e-07
382,0.000401175,0.0025087,0.0041243,0.00379126,-0.000333042
383,0.00590599,0.0094459,0.0043868,0.00412612,-0.000260679
384,0.00576841,0.00689932,0.00374243,0.00366319,-7.92462e-05
385,0.00309675,0.00543658,0.00375989,0.00391973,0.000159836
386,0.000664906,0.0012063,0.00370206,0.00355157,-0.000150494
387,0.0163,0.0282685,0.00303846,0.00338694,0.00034848
388,1.748e-05,1.96906e-05,0.00341102,0.00380417,0.000393143
389,6.53429e-05,0.000156007,0.00370183,0.0037362,3.43667e-05
390,0,0,0.00330572,0.00331832,1.25987e-05
391,0.00318002,0.00584484,0.00331271,0.00319905,-0.000113657
392,0,0,0.00328259,0.00328233,-2.57045e-07
393,5.90808e-07,1.95614e-06,0.00326985,0.00326923,-6.11879e-07
394,0,0,0.00347468,0.00333846,-0.000136225
395,9.07081e-05,0.000159744,0.00323499,0.0032191,-1.58935e-05
396,0.0199355,0.0465687,0.003681,0.00386495,0.000183947
397,0,0,0.00378626,0.00384658,6.0322e-05
398,2.40561e-05,3.82592e-05,0.0034278,0.00349271,6.49123e-05
399,0.000264794,0.000784291,0.00320132,0.00319565,-5.66337e-06
400,0.000644227,0.00109937,0.00377879,0.00380228,2.34945e-05
401,0.000362679,0.000461298,0.00375974,0.00385308,9.33371e-05
402,0.000318498,0.00170247,0.00362313,0.00354973,-7.33996e-05
403,0.000347568,0.000687106,0.00386133,0.00384724,-1.40893e-05
404,0.000111693,0.000265027,0.00403435,0.00400478,-2.95732e-05
405,0.000535903,0.00105733,0.00378244,0.00368374,-9.87072e-05
406,0.00891682,0.00798633,0.00390331,0.00388921,-1.40953e-05
407,0.0260673,0.0589146,0.00371022,0.00419789,0.000487674
408,0.000227599,0.000731341,0.0036859,0.00381616,0.000130262
409,0,0,0.00441963,0.00441914,-4.94532e-07
410,0.000276952,0.000719335,0.00421285,0.0042169,4.05079e-06
411,4.0264e-05,0.00012792,0.00429165,0.00429215,5.08502e-07
413,2.23885e-05,1.7449e-06,0.00267845,0.00264009,-3.83588e-05
414,1.22921e-05,1.81086e-06,0.00332491,0.0033212,-3.70899e-06
415,5.62465e-05,6.98053e-05,0.00411983,0.00411811,-1.72434e-06
416,0.0461172,0.0550357,0.00384449,0.00357148,-0.000273009
417,0.000245325,0.000574211,0.00417297,0.00418059,7.62055e-06
418,0.000683473,0.00054857,0.00447715,0.00443133,-4.58169e-05
419,0.000415298,0.000485887,0.00415713,0.00410733,-4.97932e-05
420,0.000398022,0.000476094,0.00441774,0.00445389,3.61521e-05
421,4.8423e-07,1.0977e-06,0.00444289,0.00444289,4.65661e-09
422,0.00153491,0.00432397,0.00449557,0.00446418,-3.13842e-05
424,0,0,0.00247061,0.00247054,-7.24103e-08
425,0,0,0.00318454,0.00318428,-2.59839e-07
426,0,0,0.00346606,0.00346593,-1.37603e-07
427,0.000354998,0.000248906,0.00426584,0.00389193,-0.000373913
429,0,0,0.00281764,0.00281395,-3.69293e-06
430,1.09343e-05,7.93067e-07,0.00356859,0.00354909,-1.94996e-05
431,0,0,0.00410157,0.0041019,3.29688e-07
432,0,0,0.00339007,0.00359562,0.000205546
433,0,0,0.00382224,0.00379708,-2.5162e-05
434,0,0,0.00329507,0.00333821,4.31363e-05
435,1.95962e-05,3.41415e-05,0.00296602,0.00295015,-1.58695e-05
436,2.04401e-06,1.52226e-06,0.00327859,0.00327803,-5.56931e-07
437,0,0,0.00368697,0.00365235,-3.46205e-05
438,0.000177548,0.000196046,0.00357004,0.00340289,-0.000167147
439,0,0,0.00358851,0.0034281,-0.000160405
440,0.000297887,0.000306859,0.00390073,0.00433747,0.000436737
441,0,0,0.00442412,0.0044242,7.86968e-08
442,2.56016e-05,0.000134654,0.00447726,0.00447715,-1.00583e-07
443,0.000762256,0.00111561,0.00422684,0.00443545,0.000208613
444,0.000756917,0.00207309,0.00411341,0.00400516,-0.000108256
445,0.00120472,0.00248439,0.00372111,0.00392701,0.000205898
446,0.00390696,0.00517427,0.00402045,0.00414975,0.0001293
447,0,0,0.00358786,0.00358816,3.00119e-07
448,5.53822e-05,8.27947e-06,0.00382133,0.00379103,-3.03083e-05
449,9.93838e-05,0.000138687,0.00362215,0.00362157,-5.75557e-07
450,3.88486e-05,6.64316e-05,0.00366337,0.00361669,-4.66811e-05
451,0.000148397,0.00029974,0.00388745,0.00386393,-2.35154e-05
452,0.000453638,0.00112136,0.00378675,0.00374412,-4.26369e-05
453,1.50922e-05,1.81174e-05,0.0042905,0.00429006,-4.4005e-07
454,0.00132394,0.00236906,0.00385686,0.00424348,0.000386623
455,7.94183e-05,9.61455e-05,0.00395641,0.00385175,-0.000104666
456,1.68587e-07,4.52956e-07,0.00432946,0.00433003,5.69969e-07
458,0,0,0.00312125,0.00312114,-1.10129e-07
459,4.09649e-05,0.000114701,0.00417905,0.00417924,1.97906e-07
460,7.7486e-07,9.00041e-07,0.0043648,0.00436505,2.59373e-07
461,4.71678e-05,0.00012818,0.0042298,0.0041112,-0.000118598
462,8.25073e-05,7.44824e-05,0.00443276,0.00421832,-0.000214445
464,0,0,0.00290062,0.00290063,6.28643e-09
465,0,0,0.00335161,0.00335162,1.0943e-08
466,5.76818e-05,0.000109591,0.00422933,0.00422889,-4.37256e-07
468,0,0,0.00220772,0.00220777,4.84288e-08
469,2.78169e-06,3.2031e-07,0.00303752,0.00303846,9.48552e-07
470,5.05762e-07,1.15703e-06,0.00298601,0.00298569,-3.2736e-07
471,7.63972e-05,0.000157673,0.00307568,0.0030718,-3.87663e-06
472,0,0,0.00309456,0.00314926,5.46998e-05
473,0.0171231,0.0254736,0.00430889,0.00372643,-0.000582459
474,0.000492663,0.000841972,0.0038459,0.00376399,-8.19063e-05
475,9.49459e-05,0.000241905,0.00411562,0.00410006,-1.55596e-05
476,0.000782468,0.00146408,0.00422387,0.00426986,4.59845e-05
478,0,0,0.00244232,0.00244212,-2.0978e-07
479,5.80866e-05,9.57169e-05,0.00301085,0.00302194,1.10895e-05
480,0.00235782,0.00290537,0.00348329,0.00361624,0.000132948
481,0.00010007,0.000213943,0.00341915,0.00354647,0.000127314
482,0,0,0.00409068,0.00418239,9.17073e-05
483,0.000265539,0.000729727,0.00375105,0.003695,-5.605e-05
485,0,0,0.0027336,0.00272728,-6.31833e-06
486,0,0,0.0033691,0.00336147,-7.63382e-06
487,0.000879044,0.00206823,0.00370637,0.00373997,3.35947e-05
488,0,0,0.00396195,0.00399919,3.72352e-05
489,1.89376e-05,8.54296e-05,0.00423637,0.00424202,5.64801e-06
490,5.97825e-05,0.000147058,0.00413145,0.00437373,0.000242281
492,0,0,0.00288482,0.00288476,-6.30971e-08
493,0,0,0.00325966,0.00325953,-1.25263e-07
494,9.8637e-05,0.000180838,0.00330668,0.00323085,-7.58218e-05
495,0.000375201,0.000669824,0.00296696,0.00293453,-3.24273e-05
496,0.00181863,0.00205214,0.00283177,0.002809,-2.27771e-05
497,0.000300123,0.000564188,0.00294938,0.00307525,0.000125873
498,0.00717444,0.0147539,0.00401738,0.00395956,-5.78207e-05
499,0,0,0.00387608,0.00380675,-6.9327e-05
501,0.000169349,9.3722e-05,0.00226893,0.00222669,-4.22425e-05
502,0.000166245,0.000192479,0.00328023,0.00296585,-0.00031438
503,0.00244617,0.00264532,0.00375611,0.00429198,0.000535871
504,0.00120908,0.000603542,0.00391265,0.00382679,-8.58598e-05
505,0.000656088,0.000498448,0.00401581,0.00412213,0.00010632
507,0.000318446,0.000767136,0.00285192,0.00274007,-0.000111852
508,9.29649e-05,4.34679e-05,0.00333006,0.00334209,1.20287e-05
509,8.04872e-05,0.000107341,0.00371061,0.00361212,-9.84923e-05
510,0,0,0.00344196,0.00344013,-1.82609e-06
511,0.000721237,0.000804159,0.00400564,0.00370406,-0.000301578
512,0,0,0.00337116,0.00320145,-0.000169713
513,7.50009e-05,7.11817e-06,0.00303281,0.00305474,2.19303e-05
514,0,0,0.00309665,0.00309644,-2.0978e-07
515,0.000100011,0.000213717,0.00300975,0.00299151,-1.82365e-05
516,0,0,0.0035283,0.00379261,0.000264315
517,0.000134796,0.000253307,0.00433806,0.00414995,-0.000188114
519,0,0,0.00326546,0.00326552,5.51809e-08
520,0,0,0.00434926,0.00434911,-1.49477e-07
521,7.40186e-05,0.000174413,0.00427412,0.00427269,-1.42539e-06
523,0,0,0.00343705,0.00343732,2.61934e-07
525,0,0,0.00362547,0.00362558,1.07335e-07
527,0,0,0.00420376,0.00420373,-2.56114e-08
529,0,0,0.00300678,0.00300683,5.40167e-08
530,0.000173756,0.000392088,0.00404429,0.0043178,0.00027351
531,0.000138529,0.000226506,0.00422289,0.0046293,0.000406409
533,6.67918e-06,4.41034e-07,0.00289427,0.00290711,1.28443e-05
534,0,0,0.00316196,0.00316225,2.99187e-07
535,7.81549e-06,1.44706e-05,0.00369331,0.00369577,2.45846e-06
536,0.000156897,0.000233509,0.00443211,0.00437714,-5.49718e-05
538,0,0,0.002809,0.00280893,-7.07805e-08
539,4.69517e-06,2.7977e-06,0.00387247,0.00387171,-7.66246e-07
541,0.000724374,0.00301109,0.00348866,0.00387858,0.000389919
543,0,0,0.00333038,0.00331244,-1.79338e-05
544,7.76258e-06,4.96065e-07,0.00365122,0.00364928,-1.94367e-06
546,0,0,0.00311912,0.0029627,-0.000156417
547,0.000893537,0.00136387,0.00343138,0.00326658,-0.000164801
548,0.00965466,0.0167894,0.00330514,0.0033232,1.80586e-05
549,0.00179009,0.00302969,0.00268839,0.00274385,5.54544e-05
550,5.95382e-05,8.16212e-05,0.00429119,0.00428031,-1.08802e-05
552,1.88128e-05,2.19128e-07,0.00330875,0.0033288,2.00481e-05
553,0,0,0.00352935,0.00350736,-2.19841e-05
555,0,0,0.00385313,0.00351324,-0.000339897
557,0,0,0.00428547,0.00428522,-2.47266e-07
559,0,0,0.00308243,0.00308252,9.63919e-08
560,0,0,0.003487,0.00348714,1.38069e-07
561,0,0,0.00431824,0.00431809,-1.55997e-07
563,0,0,0.00310904,0.00312348,1.44427e-05
564,0,0,0.0033658,0.0033656,-1.97673e-07
565,0,0,0.00369797,0.00370178,3.80934e-06
566,5.77888e-07,4.30847e-07,0.00411405,0.00411357,-4.84288e-07
568,0,0,0.00330035,0.00330055,1.99769e-07
569,0,0,0.00416481,0.00416497,1.62516e-07
571,0,0,0.00392999,0.00389922,-3.07739e-05
573,0,0,0.00311127,0.00310959,-1.68523e-06
574,0,0,0.00438991,0.00439005,1.35042e-07
576,0,0,0.00420287,0.00398761,-0.000215266
578,0,0,0.00314588,0.00314582,-6.10016e-08
579,0,8.42937e-08,0.00437635,0.00437579,-5.51809e-07
580,2.77807e-05,8.6787e-05,0.0043467,0.00434334,-3.35928e-06
582,4.6158e-06,9.89275e-06,0.0027742,0.00278053,6.33043e-06
583,0.000121232,0.000180752,0.00355009,0.00349444,-5.56458e-05
584,0,0,0.00369817,0.00369852,3.5041e-07
585,0,0,0.0039838,0.00398372,-8.19564e-08
586,4.47426e-05,5.05076e-05,0.00418924,0.00418954,3.05939e-07
587,1.18127e-05,3.84377e-05,0.00448984,0.00448975,-9.35979e-08
589,1.13951e-05,4.3314e-06,0.00262229,0.00262309,7.9954e-07
590,1.37995e-06,2.18859e-06,0.00357975,0.00359423,1.44732e-05
592,0,0,0.00311563,0.00311576,1.23633e-07
594,0,0,0.0034885,0.00348855,5.82077e-08
596,5.92489e-06,4.08629e-07,0.00305374,0.00304589,-7.8578e-06
597,8.03635e-05,0.000179215,0.00309696,0.00309633,-6.32135e-07
598,0,0,0.00383661,0.00388398,4.73682e-05
600,2.52548e-05,6.72655e-05,0.00244309,0.00241869,-2.43981e-05
601,2.1752e-05,4.53172e-06,0.00334831,0.00335242,4.10434e-06
602,1.22914e-06,2.06563e-06,0.00338247,0.00338351,1.03656e-06
603,0.00011631,0.000183869,0.00353296,0.00345213,-8.08258e-05
604,0,0,0.0037317,0.00374448,1.27798e-05
605,0.000333744,0.000808913,0.00358422,0.00379751,0.000213294
606,0.000157954,0.000284626,0.00412043,0.00420616,8.57352e-05
607,1.63614e-05,5.75994e-05,0.00411984,0.00412196,2.12574e-06
608,0.000403069,0.00119976,0.00439052,0.00428999,-0.000100531
609,0.000770404,0.00213703,0.00426398,0.00445545,0.000191472
611,0,0,0.00338579,0.0033995,1.37046e-05
612,3.77837e-05,0.000124487,0.0042137,0.00421417,4.70784e-07
614,0,0,0.00356429,0.00361346,4.9165e-05
615,0,0,0.00426341,0.00425096,-1.24453e-05
617,0,0,0.00399852,0.00399856,3.67872e-08
618,0,0,0.00431608,0.00431604,-3.72529e-08
620,0,0,0.00416512,0.00439133,0.000226208
621,0,0,0.00400588,0.00398604,-1.98456e-05
623,0,0,0.0034112,0.00341124,4.6799e-08
625,0,0,0.00406756,0.00397281,-9.47514e-05
627,0,0,0.00344544,0.00344537,-6.79865e-08
629,0,0,0.0031478,0.00314786,5.33182e-08
630,0,0,0.00363438,0.00346481,-0.000169574
631,0,0,0.00399324,0.00383831,-0.000154928
632,6.54945e-05,0.000240368,0.00390836,0.00381022,-9.81421e-05
634,3.55148e-06,5.43024e-07,0.0030816,0.00310279,2.11867e-05
635,0,0,0.00312396,0.00312337,-5.85103e-07
636,0,0,0.00340178,0.0034021,3.25032e-07
637,0,0,0.00353799,0.00378106,0.000243069
638,0,0,0.0042458,0.00413458,-0.000111224
639,0,0,0.00411052,0.00432422,0.000213705
640,4.68617e-06,9.41854e-06,0.00415038,0.00416059,1.02096e-05
641,2.98116e-07,9.56232e-07,0.00422206,0.00422293,8.71718e-07
642,0,0,0.00421335,0.00421374,3.93949e-07
644,0,0,0.00271671,0.00274365,2.69406e-05
645,0,0,0.00310256,0.00310242,-1.34576e-07
646,0,0,0.00304807,0.00304792,-1.53435e-07
647,0,0,0.00356296,0.0034693,-9.36578e-05
648,5.31229e-05,3.76687e-05,0.0044686,0.00444923,-1.9371e-05
650,0,0,0.00303842,0.00303117,-7.24965e-06
651,1.42874e-05,1.74598e-06,0.0035031,0.00350898,5.87385e-06
652,0,0,0.0029404,0.00296107,2.06663e-05
653,7.41908e-05,0.000332691,0.00380027,0.00361649,-0.000183785
655,0,0,0.0032592,0.00325932,1.22935e-07
656,0,0,0.00359622,0.00359621,-9.0804e-09
657,0,0,0.00414416,0.00414451,3.53437e-07
658,0.000258832,0.00093855,0.00386125,0.00392496,6.37085e-05
659,0.000287261,0.00147755,0.00398137,0.00387802,-0.000103349
661,0,0,0.00433457,0.00433475,1.8673e-07
663,0,0,0.00427558,0.00428474,9.16282e-06
664,0,0,0.00424888,0.00432748,7.85929e-05
665,0,0,0.0042633,0.00434756,8.42637e-05
666,1.86112e-05,0.000133329,0.00421514,0.00446919,0.000254057
668,0,0,0.00290767,0.00290775,7.4273e-08
669,0,0,0.00388254,0.00388262,8.31205e-08
671,0,0,0.00375423,0.00375425,1.83936e-08
672,5.96046e-08,1.88044e-07,0.00406325,0.0040628,-4.49363e-07
673,3.14861e-05,0.000105732,0.00442283,0.00437025,-5.25783e-05
675,0,0,0.00449868,0.00449874,5.82077e-08
676,3.70137e-07,2.82435e-07,0.00444217,0.00444235,1.81608e-07
677,0,0,0.00447385,0.00447421,3.63216e-07
679,0,0,0.00406141,0.00406091,-4.97326e-07
680,0,0,0.00437148,0.00435174,-1.97426e-05
681,0,0,0.0043134,0.00460345,0.000290052
683,0,0,0.00414069,0.00414063,-6.65896e-08
684,3.47484e-05,0.000197068,0.00410026,0.0040956,-4.65848e-06
685,0,0,0.00427699,0.00415925,-0.000117739
686,0.00014226,0.000387923,0.00439063,0.0046041,0.000213472
688,0,0,0.00374185,0.00374201,1.63913e-07
689,0,0,0.0043632,0.00436364,4.44707e-07
690,7.42903e-05,0.000274235,0.00409086,0.00431695,0.000226093
691,0,0,0.00424042,0.00419078,-4.96395e-05
693,0,0,0.00406685,0.00406673,-1.18278e-07
695,0,0,0.00419998,0.00426116,6.11809e-05
696,0,0,0.00439621,0.00434057,-5.56321e-05
698,0,0,0.0038415,0.0038529,1.1401e-05
702,0.000154597,0.000479117,0.00339897,0.00328767,-0.000111293
703,7.42207e-05,0.00022109,0.00427968,0.00428875,9.06782e-06
704,0.000346485,0.000976517,0.00442223,0.0046427,0.000220473
708,0.000347346,0.000942385,0.00349194,0.00372759,0.000235647
709,0.000225591,0.000854607,0.0043954,0.00421513,-0.000180268
710,0.00115779,0.00254538,0.00390636,0.00436252,0.000456154
713,0,0,0.0035604,0.00356035,-5.05242e-08
714,0.000237057,0.000349874,0.00328452,0.00326442,-2.00993e-05
715,0.00119933,0.00164238,0.00386793,0.00402175,0.000153818
716,0.00146786,0.00445213,0.00325487,0.00362928,0.00037441
717,0.00065418,0.00153577,0.00377506,0.00373392,-4.114e-05
719,0,0,0.00416777,0.00416767,-1.03377e-07
720,1.3328e-07,1.73776e-07,0.00424484,0.0042375,-7.34162e-06
721,0.000342109,0.00149861,0.00389783,0.00415156,0.000253735
722,0.00103573,0.00114156,0.00408295,0.00362077,-0.00046218
724,5.96046e-08,1.49012e-07,0.00415107,0.00415139,3.26894e-07
725,3.26468e-07,1.18724e-06,0.00443165,0.00443115,-5.02914e-07
727,0,0,0.00276893,0.00276917,2.42377e-07
728,0,0,0.00391952,0.00391929,-2.34228e-07
729,0.000163184,0.000377036,0.00408084,0.00408288,2.04844e-06
730,0.00122965,0.00311948,0.00411934,0.0043899,0.000270563
733,0,0,0.00422148,0.00422135,-1.37836e-07
736,3.76973e-07,7.0083e-07,0.0038338,0.00383432,5.17583e-07
738,0,0,0.00412215,0.00423812,0.000115979
740,0,0,0.00378786,0.00378832,4.58444e-07
741,0,0,0.00385582,0.00381493,-4.08911e-05
743,0,0,0.00345596,0.00329264,-0.000163319
744,0,0,0.00439491,0.00446906,7.41468e-05
746,0,0,0.00438026,0.00438032,6.51926e-08
747,2.37189e-05,7.38477e-05,0.00446013,0.00446008,-5.07571e-08
749,0,0,0.004269,0.00439192,0.000122923
750,3.91318e-05,0.00026407,0.00426659,0.00449016,0.000223566
751,0,0,0.00427447,0.00411829,-0.000156176
753,0,1.07454e-07,0.00379027,0.00378999,-2.75904e-07
754,0.000138095,0.000550672,0.00389905,0.00411736,0.000218306
755,3.20981e-07,5.84004e-07,0.00326331,0.00326894,5.62984e-06
756,0.0011986,0.00258129,0.00412785,0.00433043,0.000202571
757,2.04075e-05,6.37702e-05,0.00417763,0.00400623,-0.000171399
758,0.000162193,0.000551494,0.00423777,0.00432409,8.6314e-05
760,0,0,0.00424115,0.00424098,-1.75554e-07
762,0,0,0.00333957,0.00332692,-1.26529e-05
765,0,0,0.00352917,0.00352879,-3.88129e-07
766,1.3328e-07,1.60663e-07,0.00437853,0.00437865,1.14553e-07
767,0.000365155,0.00133231,0.00348482,0.00357724,9.24163e-05
768,4.68335e-05,0.000174019,0.00365186,0.0036219,-2.99583e-05
769,0.00542024,0.0141074,0.0043037,0.00399889,-0.000304807
770,0.00202462,0.00804651,0.00373865,0.00457395,0.000835306
771,0,0,0.00372539,0.00372575,3.56929e-07
773,0.000223415,0.000443668,0.00305382,0.00305683,3.0105e-06
774,0.00730753,0.0132357,0.00334576,0.00315012,-0.000195645
775,0.000572364,0.000936884,0.00341216,0.00344868,3.65276e-05
776,0.000253366,0.00124941,0.00312469,0.00322182,9.71227e-05
777,0.000206397,0.000682274,0.00343743,0.00366328,0.000225847
778,0.000956078,0.00207231,0.00342572,0.00347349,4.77766e-05
779,3.03925e-07,6.25849e-07,0.00408225,0.00408124,-1.00397e-06
780,1.19804e-06,2.97904e-06,0.00388177,0.00388185,7.82311e-08
782,0,0,0.00292153,0.00276267,-0.000158868
783,0,0,0.00301503,0.00325246,0.00023743
784,0,0,0.0036041,0.0033533,-0.000250798
785,0,0,0.00350809,0.00337041,-0.000137682
786,0,0,0.00414812,0.00418398,3.58569e-05
788,0,0,0.00253282,0.00253267,-1.58092e-07
789,0,0,0.0029373,0.00293725,-5.23869e-08
790,0,0,0.00296064,0.00296029,-3.4296e-07
791,9.97656e-05,0.000179176,0.00321516,0.00329734,8.21778e-05
792,0.000573525,0.00269833,0.00390944,0.00374363,-0.000165811
793,0.000801277,0.00270206,0.00412777,0.00409045,-3.73195e-05
794,5.11525e-06,2.22362e-06,0.00401578,0.00401245,-3.33646e-06
795,0,0,0.00345664,0.00345714,4.95696e-07
796,2.45756e-07,4.74971e-07,0.00389109,0.00389091,-1.85333e-07
798,0,0,0.00305588,0.00305742,1.5432e-06
799,0,0,0.00323375,0.00323405,2.92668e-07
800,0,0,0.00422495,0.00422505,9.91859e-08
801,1.4383e-05,6.68925e-05,0.00403274,0.00402918,-3.56045e-06
803,4.08281e-06,5.41591e-07,0.00447552,0.00451648,4.09633e-05
805,0,0,0.00277469,0.00276808,-6.61169e-06
806,0,0,0.00358414,0.0033398,-0.000244337
807,2.69226e-05,6.1537e-05,0.00419807,0.00402993,-0.000168135
809,1.34617e-05,1.69664e-06,0.00341669,0.00344648,2.97897e-05
810,0,0,0.00360152,0.0036179,1.63852e-05
811,0,0,0.00417276,0.00417324,4.78234e-07
812,0,0,0.0044283,0.00430576,-0.000122542
813,0,0,0.00415087,0.00447861,0.000327735
815,0,0,0.00259968,0.00261148,1.18059e-05
816,0,0,0.00274103,0.00274099,-3.77186e-08
817,0,0,0.00311997,0.00311978,-1.87429e-07
818,0.00159729,0.0109299,0.00373341,0.00346078,-0.00027263
819,4.89356e-05,8.86185e-05,0.00376102,0.00402095,0.000259931
820,4.37682e-05,8.28182e-05,0.00387483,0.00389461,1.97773e-05
821,0,0,0.00427945,0.00418846,-9.09981e-05
822,0,0,0.00430673,0.0043065,-2.32831e-07
823,8.60788e-05,0.000199909,0.00411363,0.00409121,-2.24211e-05
824,4.06174e-05,7.79762e-05,0.00420814,0.00420792,-2.21189e-07
825,5.03213e-05,0.000104497,0.00414499,0.00404296,-0.000102031
827,0,0,0.00289415,0.00289411,-3.65544e-08
828,0,0,0.00275827,0.00275824,-2.93367e-08
829,0,0,0.00333143,0.00333147,4.74975e-08
830,0,0,0.00329294,0.00329299,4.5402e-08
831,1.19209e-07,1.15424e-07,0.00386701,0.00384783,-1.91776e-05
832,0,0,0.00408737,0.00383967,-0.000247694
833,0,0,0.00369564,0.003696,3.60655e-07
834,7.37269e-07,1.48325e-06,0.00391428,0.00391466,3.82308e-07
835,0,0,0.00404541,0.00404589,4.77768e-07
836,5.06022e-05,0.000102611,0.00411653,0.00406506,-5.14649e-05
838,0,0,0.00267441,0.00267441,1.62981e-09
839,0,0,0.00332392,0.00332401,9.59262e-08
840,0,0,0.0030856,0.00308582,2.23052e-07
841,0,0,0.00405809,0.00405815,5.9139e-08
842,0,0,0.00393425,0.00387632,-5.79273e-05
843,7.46371e-05,0.000161003,0.00352977,0.00380884,0.00027907
844,0,0,0.00420757,0.00420737,-1.92784e-07
846,0,0,0.0040001,0.00399984,-2.61702e-07
848,0,0,0.00438922,0.00438935,1.35973e-07
849,0,0,0.00398229,0.00398232,3.77186e-08
850,0,0,0.00429545,0.00423366,-6.17867e-05
852,0.00185787,0.00113243,0.00350279,0.00411676,0.000613967
853,0.000603738,0.00144513,0.0038679,0.00392351,5.56116e-05
854,0,0,0.00413735,0.00424986,0.000112506
856,6.09018e-06,5.32495e-07,0.00269027,0.00268269,-7.58516e-06
857,2.29613e-06,1.72988e-06,0.00287763,0.00288044,2.81073e-06
858,0.00125702,0.00107117,0.00315622,0.00310749,-4.87296e-05
859,0,0,0.00289193,0.00293054,3.86089e-05
860,0,0,0.00329622,0.00314741,-0.000148806
861,0.00274007,0.00710593,0.0034465,0.00331862,-0.000127878
862,1.0733e-06,1.82914e-06,0.00382854,0.00382889,3.49246e-07
863,0,0,0.00418022,0.00418023,1.25729e-08
864,3.38489e-07,4.25662e-07,0.00389905,0.00389954,4.8941e-07
865,0,0,0.00395002,0.00394985,-1.64378e-07
866,0,0,0.0041801,0.00418077,6.77072e-07
867,0,0,0.00427888,0.00427932,4.39584e-07
868,0,0,0.00382051,0.00382026,-2.4261e-07
869,0,0,0.00435962,0.00435921,-4.07454e-07
871,0,0,0.00267146,0.00267187,4.02797e-07
872,0,0,0.00287321,0.00294431,7.10974e-05
873,0,0,0.00331485,0.00341714,0.000102295
874,6.64445e-05,0.000147727,0.00340412,0.00349476,9.06414e-05
875,0,0,0.00399616,0.00407026,7.40993e-05
876,0,0,0.00374532,0.00359664,-0.000148682
877,0.000175916,0.000168031,0.00409308,0.00398438,-0.000108693
878,0.0023101,0.00484864,0.00407359,0.00403072,-4.28748e-05
879,0.000950648,0.00240046,0.00386739,0.00368018,-0.000187208
880,0.000690739,0.00164112,0.0041163,0.00432145,0.000205154
881,0.000998264,0.00221728,0.00386418,0.00435308,0.000488902
882,0.000397117,0.000512601,0.00417407,0.00387967,-0.000294398
883,4.4604e-07,5.73453e-07,0.00365201,0.00365229,2.81492e-07
884,2.06036e-05,5.18117e-05,0.00311988,0.00312126,1.37906e-06
885,9.86399e-05,0.000307706,0.00380506,0.00350986,-0.000295196
886,0.000221077,0.000455559,0.00403878,0.00374483,-0.000293951
887,0.00064748,0.00265377,0.00374143,0.00413576,0.000394337
888,0.00017579,0.000476281,0.00415038,0.00379814,-0.000352241
889,8.63242e-05,0.000216818,0.00422213,0.00420125,-2.08775e-05
890,4.11578e-05,0.000133838,0.00446796,0.00439887,-6.90888e-05
892,0,0,0.00255236,0.00255829,5.93206e-06
893,4.82685e-05,5.69565e-05,0.0033784,0.00337823,-1.76253e-07
894,4.52545e-05,0.000107874,0.00363382,0.00363365,-1.62749e-07
895,1.68587e-07,1.69304e-06,0.00388188,0.00388225,3.73693e-07
896,7.55755e-05,0.000199691,0.00409316,0.0040955,2.33809e-06
897,7.55193e-06,1.6844e-05,0.00415128,0.00414865,-2.624e-06
898,0.0100518,0.0126525,0.0040464,0.00413598,8.95765e-05
899,5.35343e-05,0.000194652,0.00392985,0.00370736,-0.000222485
900,0.00264214,0.00451602,0.00378798,0.00369155,-9.64268e-05
901,0.000865289,0.00161207,0.0040369,0.00428351,0.000246614
902,0.00132136,0.00429555,0.0038673,0.00449907,0.000631771
903,0.000406155,0.000836873,0.00431039,0.00485223,0.000541838
904,3.60364e-05,6.99977e-05,0.00447756,0.00440601,-7.15498e-05
905,2.12474e-05,5.33562e-05,0.00416716,0.00416735,1.91387e-07
906,0.000172732,0.000436976,0.00396549,0.00393172,-3.37679e-05
907,2.82689e-05,8.64631e-05,0.00440071,0.0044011,3.94415e-07
909,0,0,0.0029321,0.00293181,-2.85916e-07
910,0,0,0.0038365,0.00383633,-1.70432e-07
911,0,0,0.00419866,0.00419843,-2.31434e-07
912,2.98023e-08,2.00613e-07,0.00385689,0.00385613,-7.56467e-07
913,0,0,0.00430114,0.00430094,-1.96509e-07
914,0.000100765,0.000192891,0.00413774,0.00422086,8.31224e-05
915,0.00013393,0.000349046,0.00384048,0.00366973,-0.000170752
916,0.000114256,0.000252502,0.00348767,0.00342202,-6.56524e-05
917,0.00121976,0.00263902,0.0036353,0.00348326,-0.000152037
918,1.63282e-05,6.23015e-05,0.00335089,0.00365971,0.000308821
919,2.01099e-05,0.000101946,0.00357691,0.0036234,4.64867e-05
920,0.000374754,0.00116602,0.00414003,0.00399647,-0.000143555
921,4.15112e-05,0.000128427,0.00436689,0.00436734,4.50294e-07
922,0.00011668,0.000219151,0.00416195,0.00419423,3.2282e-05
923,5.39658e-05,7.06994e-05,0.00436346,0.00436361,1.54134e-07
924,9.43395e-05,0.000130535,0.00438331,0.00437502,-8.29482e-06
926,0,0,0.00288049,0.00288048,-9.0804e-09
927,3.92555e-06,1.20383e-05,0.00365797,0.00362958,-2.83883e-05
928,0,0,0.00413015,0.00412982,-3.3062e-07
930,0,0,0.00231932,0.00231909,-2.2864e-07
932,0.00194045,0.00778239,0.00367141,0.00348374,-0.00018767
933,0.00205942,0.00867651,0.00323654,0.00402764,0.000791101
934,0.000961434,0.00256714,0.00388283,0.00387008,-1.27519e-05
938,0,0,0.00445445,0.00438948,-6.49751e-05
941,0.000199393,0.000545744,0.00327663,0.002362,-0.000914631
942,8.64267e-07,1.43307e-06,0.00426927,0.00426918,-9.17353e-08
943,0.000101611,0.000318011,0.00439329,0.00439531,2.01678e-06
945,0,0,0.0022025,0.00220263,1.29687e-07
946,0,0,0.00303371,0.00303382,1.06171e-07
947,0,0,0.00269107,0.00269154,4.69387e-07
948,0,0,0.00254198,0.00254218,1.98837e-07
949,6.64165e-05,0.000198195,0.00280951,0.00280946,-5.12227e-08
950,2.28939e-05,4.74172e-05,0.00323587,0.00323621,3.47383e-07
953,0.00237133,0.00426718,0.00276015,0.00370605,0.000945892
954,0.000955871,0.0021703,0.00411609,0.00411868,2.59699e-06
958,0,0,0.00276805,0.00276797,-8.21892e-08
959,0,0,0.00317342,0.00317359,1.72295e-07
960,3.07358e-06,1.1719e-06,0.00345017,0.00345131,1.13668e-06
961,0.00182461,0.00761735,0.00356682,0.00337703,-0.000189788
962,0.000168122,0.000542016,0.00299447,0.00305271,5.82426e-05
963,8.31353e-05,0.000359252,0.00309769,0.00305914,-3.85547e-05
964,4.21468e-07,1.42911e-06,0.00374894,0.00374876,-1.81608e-07
965,5.99019e-07,2.65747e-06,0.00406806,0.00406815,9.31323e-08
966,0.000341921,0.00149422,0.00359564,0.00371092,0.00011528
967,5.0396e-05,0.000410072,0.00388084,0.00409551,0.000214672
969,0,0,0.00320901,0.00320896,-4.58676e-08
970,0.000769018,0.000864939,0.00369773,0.00384451,0.000146778
971,1.10238e-05,1.65895e-05,0.0041141,0.00411439,2.89176e-07
972,1.6049e-07,5.29358e-07,0.0044535,0.00445383,3.32482e-07
973,2.16216e-05,0.000136427,0.00368401,0.0036842,1.9907e-07
974,0.00514687,0.0161765,0.00378679,0.00368296,-0.000103832
975,0.00187269,0.00442224,0.00370444,0.00356244,-0.000142006
976,0.00092306,0.00467122,0.00356932,0.00400918,0.000439859
978,0,0,0.00407855,0.00407903,4.86616e-07
979,0,0,0.0034478,0.00344836,5.62286e-07
980,0,0,0.00439141,0.00439142,1.07102e-08
982,3.7347e-06,2.67122e-06,0.00308326,0.00306456,-1.87072e-05
983,0.0010744,0.00497542,0.00429738,0.00440238,0.000105001
985,0.00216564,0.00665778,0.00425254,0.00433219,7.96546e-05
988,0,0,0.00393265,0.00393267,1.35042e-08
989,0,0,0.00406428,0.00406408,-1.94646e-07
990,0.000328992,0.000855669,0.00399842,0.00400035,1.9297e-06
991,0,1.25573e-07,0.00337045,0.00337051,6.28643e-08
992,0,0,0.00408453,0.00408416,-3.74392e-07
995,0,0,0.00387009,0.00397957,0.000109482
997,0,0,0.00448718,0.00448679,-3.88827e-07
998,3.52626e-07,1.27298e-06,0.00399775,0.00399758,-1.61584e-07
999,0,0,0.00385115,0.003852,8.47736e-07
1001,0,0,0.00437891,0.00437847,-4.37722e-07
1002,0.000670653,0.0038743,0.00442539,0.00490749,0.000482092
1003,0.00111299,0.00701474,0.00388116,0.00397598,9.48249e-05
1005,0,0,0.00375869,0.00375888,1.90921e-07
1006,0,0,0.00384831,0.00376441,-8.39033e-05
1007,0,0,0.00427212,0.0040013,-0.000270819
1008,0,0,0.00332635,0.00449943,0.00117308
1009,0,0,0.00396055,0.00396729,6.74045e-06
1011,0.00249854,0.00564669,0.00324609,0.00384057,0.000594474
1013,7.36673e-05,0.00033972,0.0041792,0.00384774,-0.000331462
1015,0,0,0.00438714,0.00384316,-0.000543986
1019,4.91512e-07,6.9126e-07,0.00419398,0.00419497,9.91393e-07
1021,0,0,0.00423159,0.00388816,-0.000343432
1022,0,0,0.00421692,0.00424112,2.42018e-05
1023,3.74251e-05,0.000128653,0.00441929,0.00438776,-3.15253e-05
1025,5.80176e-05,0.000423929,0.00394548,0.00452874,0.000583265
1030,3.44705e-05,0.000315271,0.00415577,0.00431954,0.000163764
1032,0,0,0.00427152,0.00427175,2.31899e-07
1033,0.00291805,0.0128319,0.0044188,0.00462255,0.000203758
1034,0.000313494,0.00302525,0.00406512,0.00436753,0.000302413
1035,0.000108295,0.00192589,0.00438724,0.00414529,-0.000241952
1036,5.53724e-05,0.000769488,0.00433777,0.00431834,-1.94279e-05
1037,0.000128767,0.0014234,0.00332327,0.00389251,0.000569246
1039,0,0,0.00424742,0.00405801,-0.000189405
1041,0,0,0.00424044,0.00424005,-3.8743e-07
1042,2.11476e-05,0.000515959,0.00430561,0.00439503,8.94247e-05
1044,1.21287e-07,3.54197e-07,0.00342557,0.0034257,1.26194e-07
1045,0,0,0.00391456,0.00413128,0.000216721
1046,2.60421e-05,0.000192666,0.00418117,0.00412689,-5.42798e-05
1047,0,0,0.00433621,0.00433424,-1.96276e-06
1048,0.000193776,0.00305464,0.00439943,0.00469401,0.000294579
1049,0.000355628,0.00468423,0.00437249,0.00440043,2.79448e-05
1050,1.19442e-07,2.35136e-07,0.00411409,0.0041145,4.09782e-07
1051,0,0,0.00447337,0.00423554,-0.000237828
1052,3.07248e-05,0.000171441,0.00412582,0.00417184,4.60129e-05
1053,3.45174e-05,0.000243531,0.00446373,0.00431915,-0.000144581
1054,4.45221e-05,0.00062054,0.00433934,0.004372,3.26573e-05
1055,1.22973e-05,0.00248762,0.00430282,0.00413968,-0.000163136
1057,0.000172478,0.00274291,0.00272282,0.002617,-0.000105815
1058,0,0,0.00425499,0.00361613,-0.000638862
1059,0,0,0.00341772,0.00313828,-0.000279442
1060,0.000382892,0.00308317,0.003542,0.00287157,-0.000670426
1061,0.000118041,0.00326073,0.00377334,0.00410912,0.000335785
1062,3.63635e-05,0.000543054,0.0041003,0.00431217,0.000211864
1063,0,0,0.00363217,0.00363185,-3.19676e-07
1064,0,0,0.00305472,0.0030542,-5.23636e-07
1065,0,0,0.00391014,0.00390995,-1.83936e-07
1066,0,0,0.00402163,0.00402167,4.23752e-08
1067,0,0,0.00444673,0.00444702,2.87779e-07
1069,0,0,0.00321575,0.00321566,-9.47621e-08
1070,0.000814726,0.00885875,0.00335309,0.00333444,-1.86453e-05
1071,0,0,0.00392774,0.00377815,-0.000149597
1072,0,0,0.00352754,0.00343502,-9.2515e-05
1073,6.80256e-05,0.000699562,0.00362865,0.00342985,-0.000198807
1074,0,0,0.00418063,0.00384712,-0.000333511
1075,0,0,0.00404038,0.0041459,0.000105527
1077,4.17301e-05,0.00048369,0.00400689,0.00411109,0.000104199
1078,5.89836e-05,0.00139506,0.00398734,0.00439856,0.000411226
1079,0,0,0.00405294,0.00387711,-0.000175826
1081,0,0,0.00193137,0.0019314,3.74857e-08
1082,0,0,0.00335926,0.00276061,-0.000598645
1083,0,0,0.00375716,0.00320862,-0.000548544
1084,7.41825e-05,0.000563819,0.00358478,0.00340369,-0.000181098
1085,0.000108709,0.00274962,0.00395449,0.00432332,0.000368832
1086,0.000401675,0.00226912,0.00375313,0.00393704,0.000183911
1087,1.49012e-08,2.73549e-07,0.00422585,0.00422525,-6.05825e-07
1089,0,0,0.00255941,0.00255925,-1.60653e-07
1090,0,0,0.00245794,0.00285469,0.000396757
1091,0,0,0.00327875,0.00295682,-0.000321934
1092,0,0,0.00362919,0.00330213,-0.00032706
1093,0.000377865,0.00524365,0.00406425,0.0034598,-0.000604451
1094,0,0,0.00426819,0.0041648,-0.000103388
1095,8.43541e-05,0.000564293,0.00398741,0.00375511,-0.0002323
1096,7.83982e-06,7.54942e-05,0.00406892,0.00378885,-0.000280067
1097,3.51652e-05,0.000578553,0.00400571,0.00418533,0.000179627
1098,1.23904e-05,0.00021126,0.00428817,0.00436391,7.57319e-05
1100,0,0,0.00245934,0.00245927,-6.1933e-08
1101,7.15405e-06,0.000209949,0.00375385,0.0032211,-0.000532754
1102,0.000128643,0.00183204,0.00383683,0.00394088,0.00010405
1103,9.0277e-05,0.0014562,0.0031417,0.00339452,0.000252819
1104,0,0,0.00303588,0.00305315,1.72656e-05
1105,5.37755e-05,0.000107923,0.00329292,0.00306976,-0.000223161
1106,1.22878e-07,2.00148e-06,0.00389972,0.00388034,-1.93797e-05
1107,0.000347102,0.000372106,0.00409404,0.00385136,-0.000242679
1108,1.32349e-05,0.000360692,0.00423988,0.00396129,-0.000278594
1109,4.89793e-06,2.67805e-05,0.00393996,0.00421706,0.000277098
1110,0.00187835,0.00224676,0.00390237,0.00371811,-0.00018426
1111,0.00205154,0.0027762,0.00403245,0.0042726,0.000240153
1112,2.25003e-07,1.95818e-06,0.00392393,0.00392391,-2.09548e-08
1113,0,0,0.00406935,0.0040699,5.50877e-07
1114,9.19968e-06,2.13627e-05,0.0041483,0.00410313,-4.51738e-05
1115,0,0,0.00403692,0.003964,-7.29137e-05
1116,0,0,0.00402549,0.00420831,0.000182822
1117,0,0,0.0043347,0.00432219,-1.25067e-05
1118,4.7707e-08,5.43229e-07,0.00412805,0.00412806,1.35042e-08
1119,2.19508e-07,2.86978e-06,0.00419323,0.0041928,-4.30271e-07
1120,0,0,0.0044212,0.00421403,-0.000207163
1121,7.20119e-06,7.92426e-05,0.00442372,0.0045882,0.000164486
1122,1.56668e-05,0.000132707,0.00441493,0.00444547,3.05395e-05
1124,0,0,0.00258753,0.00258752,-3.72529e-09
1125,0,0,0.00327933,0.00327926,-7.38073e-08
1126,0,0,0.00372775,0.00375807,3.0322e-05
1127,2.10181e-05,0.00020833,0.00417044,0.00407863,-9.18088e-05
1129,0,0,0.00257361,0.00257348,-1.28988e-07
1130,0,0,0.00328407,0.00313181,-0.000152257
1131,0,0,0.00364997,0.00373658,8.66025e-05
1132,0,0,0.00341918,0.00345617,3.69838e-05
1133,0,0,0.00392495,0.00368574,-0.000239213
1134,2.64153e-05,0.000337244,0.00385336,0.00396046,0.000107101
1135,0,0,0.00365656,0.00365696,4.02797e-07
1136,0,0,0.00410882,0.00410931,4.95929e-07
1137,0,0,0.0041862,0.00437819,0.00019199
1138,0,0,0.00406254,0.00410066,3.812e-05
1140,0.000981163,0.0103495,0.00360026,0.00381615,0.000215888
1141,0,0,0.00377011,0.00376942,-6.95232e-07
1142,0,0,0.00434164,0.00412153,-0.000220106
1143,7.33095e-06,0.000231739,0.00421451,0.00447352,0.000259012
1144,4.43407e-05,0.000175799,0.00417177,0.00441745,0.000245681
1146,0,0,0.00308766,0.00308761,-5.7742e-08
1147,1.5359e-06,6.1081e-06,0.00250067,0.00247415,-2.65222e-05
1148,0.00134996,0.00509788,0.00334975,0.00262284,-0.000726911
1149,0,0,0.00354349,0.00364938,0.000105892
1150,0.00171573,0.0056015,0.00338566,0.00298621,-0.000399451
1151,1.49114e-05,0.000336031,0.00425362,0.00413402,-0.000119604
1152,4.91512e-07,3.07387e-06,0.00408356,0.00408489,1.33319e-06
1153,0.00303627,0.0223799,0.00447535,0.00392559,-0.000549757
1154,0.00192831,0.0073123,0.0038252,0.0039557,0.000130499
1155,0.000584599,0.00386839,0.00423084,0.00399732,-0.000233525
1157,1.04095e-06,2.89728e-06,0.00333127,0.00333181,5.35743e-07
1158,0,0,0.00372025,0.0035685,-0.00015175
1159,0,0,0.00418479,0.00417363,-1.11596e-05
1161,0,0,0.00236405,0.00236413,8.3819e-08
1162,0,0,0.00286684,0.00284796,-1.88784e-05
1163,0,0,0.00320598,0.00320611,1.35042e-07
1164,6.88723e-05,0.000310729,0.00416858,0.00416855,-2.6077e-08
1165,1.48493e-05,0.000136111,0.0042055,0.00420538,-1.16415e-07
1166,3.43232e-06,2.88668e-06,0.00417196,0.00417029,-1.6694e-06
1168,0,0,0.00301081,0.00303035,1.95371e-05
1169,0.000389729,0.00122227,0.00345806,0.00264207,-0.000815993
1170,0,0,0.00418979,0.00425111,6.13187e-05
1172,0,0,0.00263896,0.00263892,-3.37604e-08
1173,1.04945e-06,1.02913e-05,0.00334201,0.00333229,-9.71998e-06
1174,0.000103829,0.00277927,0.00418108,0.0039307,-0.000250384
1175,0,0,0.00428637,0.00496991,0.000683544
1177,0,0,0.00278488,0.00278488,-2.32831e-10
1178,0,0,0.00380283,0.00380292,9.05711e-08
1179,2.908e-05,0.000134565,0.0043984,0.0043984,2.32831e-09
1181,0,0,0.0032324,0.00323217,-2.31201e-07
1182,0.000305214,0.00150408,0.00323644,0.00360415,0.000367718
1183,0,0,0.00332721,0.00352913,0.00020192
1184,3.44595e-05,0.00017207,0.00391969,0.00422584,0.00030615
1185,0,0,0.00421342,0.00392947,-0.000283946
1186,4.1733e-05,0.000130953,0.00449415,0.00428756,-0.000206586
1187,0,0,0.00411564,0.00411629,6.49597e-07
1189,0.000458342,0.00397901,0.00332733,0.00301348,-0.000313855
1190,0.00065231,0.00738492,0.00325522,0.00366564,0.000410421
1191,0,0,0.00323903,0.00304371,-0.00019532
1192,0,0,0.00341859,0.00355548,0.000136883
1193,0,0,0.00390078,0.0037462,-0.00015458
1194,0,0,0.00413898,0.00430472,0.000165743
1195,0,0,0.003846,0.00384541,-5.98142e-07
1196,0,0,0.00359996,0.00359969,-2.64263e-07
1197,0,0,0.00397362,0.00370669,-0.000266928
1198,0,0,0.00378961,0.00418563,0.000396019
1199,0,0,0.00340658,0.0034809,7.43249e-05
1200,0,0,0.00394257,0.00393073,-1.18399e-05
1201,0,0,0.00396275,0.00396323,4.80562e-07
1202,4.33928e-07,4.18588e-06,0.00373564,0.00372224,-1.33971e-05
1203,6.55928e-05,0.000291593,0.00430793,0.00434878,4.08529e-05
1204,1.24301e-05,7.72288e-05,0.00382917,0.00397964,0.000150473
1205,2.3366e-05,0.000102966,0.00420177,0.00433913,0.000137361
1206,9.8665e-06,7.60491e-05,0.00431588,0.00408471,-0.000231176
1208,0,0,0.00367013,0.00366984,-2.92668e-07
1209,0,0,0.00433234,0.00417057,-0.000161777
1211,0,0,0.00277455,0.00277461,6.0536e-08
1212,0,0,0.00302306,0.00302315,9.59262e-08
1213,0,0,0.00380927,0.00365178,-0.000157492
1214,0,0,0.00360516,0.00375938,0.000154217
1216,0,0,0.00261287,0.00261291,4.2608e-08
1217,7.7156e-05,0.000243106,0.00315066,0.00306793,-8.2728e-05
1218,5.51507e-05,0.000241048,0.00313055,0.00363606,0.000505507
1219,2.40417e-05,0.000128117,0.0036039,0.00381737,0.00021347
1220,0.000254712,0.00102707,0.00377493,0.00341567,-0.000359257
1221,0,0,0.003461,0.00379463,0.000333626
1222,0,0,0.00308319,0.00308322,2.63099e-08
1223,0,0,0.0031339,0.00313393,2.8871e-08
1224,0,0,0.00300687,0.00304843,4.15656e-05
1225,0,0,0.00322233,0.00354653,0.0003242
1226,0,0,0.00346366,0.00343166,-3.19977e-05
1227,0,0,0.00323368,0.00353978,0.000306109
1228,0,0,0.0038554,0.00385539,-1.49012e-08
1229,1.32356e-05,0.000118887,0.003863,0.00375324,-0.000109766
1230,0,0,0.00420558,0.00406726,-0.000138324
1231,1.10487e-05,0.000110681,0.0039271,0.00425581,0.00032871
1233,6.3012e-06,0.000128835,0.00346388,0.00353141,6.75311e-05
1234,0,0,0.00412399,0.00426978,0.000145783
1235,6.30006e-05,0.000713345,0.0039072,0.00363639,-0.000270812
1236,0,0,0.00419981,0.00419496,-4.85359e-06
1237,2.37464e-05,0.00035128,0.00404271,0.00419488,0.000152175
1239,1.78563e-05,0.000149369,0.00302014,0.00309196,7.1815e-05
1240,0,0,0.00414336,0.00390124,-0.000242118
1242,0,0,0.00309365,0.00309373,7.33417e-08
1243,5.29459e-05,0.000541486,0.00393987,0.00404862,0.000108755
1244,9.44006e-05,0.000819888,0.00356679,0.0038378,0.000271008
1245,4.7509e-05,0.000787607,0.00373074,0.00395838,0.000227635
1246,5.55973e-05,0.000429845,0.00401354,0.00342865,-0.000584891
1247,4.48097e-05,0.000393268,0.00398267,0.00364464,-0.000338028
1248,7.71391e-06,8.44215e-05,0.00417404,0.00417438,3.41795e-07
1249,4.89376e-06,4.13029e-05,0.00443117,0.00442241,-8.75723e-06
1251,7.17735e-07,6.96758e-06,0.0040481,0.00407722,2.91225e-05
1252,2.25568e-05,0.000210022,0.00340964,0.00401843,0.000608789
1253,2.10519e-05,9.77715e-05,0.00417794,0.00415813,-1.98092e-05
1254,1.51095e-05,7.10083e-05,0.00442851,0.00416906,-0.000259448
1256,0,0,0.003679,0.00367897,-2.32831e-08
1257,0,0,0.0039265,0.00392652,2.84053e-08
1258,0,0,0.0042866,0.00413363,-0.000152974
1260,0,0,0.00343927,0.00343942,1.44821e-07
1261,5.36043e-05,0.00054206,0.00401392,0.00389834,-0.000115576
1263,0,0,0.00396711,0.00396727,1.64378e-07
1265,4.17233e-07,3.7188e-06,0.00370331,0.00371344,1.01323e-05
1266,5.79022e-05,0.00046126,0.00445806,0.00451524,5.71832e-05
1268,0,0,0.00380195,0.00380215,2.06288e-07
1269,0,0,0.00367458,0.00367443,-1.49244e-07
1270,0,0,0.00414439,0.00424563,0.000101245
1272,0,0,0.00301864,0.00302559,6.94301e-06
1273,0,0,0.00346562,0.00346529,-3.26196e-07
1274,1.95962e-05,5.1866e-05,0.00405377,0.00417041,0.000116633
1275,1.4042e-05,3.51669e-05,0.00364917,0.00352213,-0.000127036
1276,1.83167e-05,2.81093e-05,0.00398828,0.00373292,-0.000255361
1277,1.24575e-05,2.47651e-05,0.00429423,0.00408579,-0.000208442
1278,6.69193e-06,0.000106286,0.00396126,0.00394753,-1.37277e-05
1279,1.93952e-05,0.000152809,0.00433607,0.00401678,-0.000319286
1280,1.50012e-05,5.35613e-05,0.00393741,0.00410004,0.000162628
1281,2.80407e-05,0.000165636,0.00386776,0.00365402,-0.000213744
1282,1.94348e-05,0.000200962,0.00426329,0.00448172,0.000218426
1283,3.50746e-05,0.000162274,0.00442999,0.00463727,0.000207274
1285,0,0,0.00274464,0.00274481,1.72062e-07
1286,0,0,0.00313914,0.00287952,-0.000259624
1287,0,0,0.00325558,0.00340204,0.00014646
1288,0,0,0.00358776,0.00378621,0.000198442
1289,0,0,0.00356065,0.00348206,-7.85962e-05
1290,1.03383e-05,0.000154454,0.00400409,0.00333905,-0.000665045
1291,1.19209e-07,6.02208e-07,0.0032069,0.00316075,-4.6147e-05
1292,2.98023e-08,3.81947e-07,0.00353417,0.00351412,-2.00495e-05
1293,1.33345e-05,0.000376644,0.00363223,0.00331243,-0.000319797
1294,0,0,0.00344847,0.00320454,-0.000243931
1295,0,0,0.00327787,0.00287251,-0.000405361
1296,4.13806e-05,0.000692201,0.00348843,0.00332266,-0.000165774
1297,4.60964e-06,8.59093e-05,0.00365853,0.00365935,8.14209e-07
1298,6.76854e-06,0.00013501,0.0036688,0.00366891,1.15251e-07
1299,2.81675e-06,5.41846e-05,0.00356036,0.00435673,0.000796374
1300,8.60565e-06,0.000124919,0.00424517,0.00401612,-0.000229044
1301,5.85098e-06,0.000139886,0.0038488,0.00404999,0.000201198
1302,6.46271e-06,5.83826e-05,0.00409719,0.00415615,5.89602e-05
1303,3.43099e-05,0.000408506,0.00348029,0.00392699,0.000446693
1304,1.10185e-05,0.000122035,0.00366686,0.00366533,-1.52458e-06
1305,0.000115518,0.000795991,0.00326907,0.00327774,8.67387e-06
1306,5.33495e-06,0.000121809,0.00355543,0.00379511,0.000239685
1307,5.59107e-05,0.000468527,0.00377687,0.00397935,0.000202474
1308,1.17009e-05,0.00133763,0.00377958,0.00381513,3.55593e-05
1309,6.79728e-06,9.06848e-05,0.00378385,0.00378317,-6.87782e-07
1310,1.19209e-07,6.57342e-07,0.00289467,0.00288681,-7.85128e-06
1311,2.0477e-05,7.19097e-05,0.0033169,0.00337913,6.22305e-05
1312,4.71075e-06,0.000169764,0.00375111,0.00380516,5.40502e-05
1313,2.353e-05,0.000128829,0.00389281,0.00354955,-0.000343258
1314,5.19972e-05,0.000331231,0.00419904,0.00354576,-0.000653283
1316,0,0,0.0022767,0.00227672,2.07219e-08
1317,0,0,0.00287697,0.00281042,-6.65465e-05
1318,2.22462e-06,8.9857e-05,0.00342283,0.00331214,-0.000110686
1319,0,0,0.0027937,0.0029352,0.000141507
1320,5.74316e-06,0.00013584,0.00395553,0.00356015,-0.000395377
1321,0,0,0.00376912,0.00372041,-4.87124e-05
1322,0,0,0.00360416,0.00360423,6.82194e-08
1323,0,0,0.00378613,0.00378601,-1.21072e-07
1324,1.57018e-05,0.000108316,0.00390851,0.00369204,-0.000216475
1325,1.9997e-06,0.00012147,0.00385684,0.00368029,-0.000176554
1327,0,0,0.00255786,0.00255798,1.14087e-07
1328,0,0,0.00289888,0.00289885,-3.37604e-08
1329,0,0,0.00305561,0.00275021,-0.000305402
1330,0,0,0.00295691,0.00250397,-0.000452932
1331,0,0,0.00313147,0.00339059,0.00025912
1332,0,0,0.00363004,0.00351571,-0.000114327
1333,0,0,0.00385519,0.00385453,-6.64266e-07
1334,1.14577e-06,1.77286e-05,0.00390901,0.00390897,-3.3062e-08
1335,5.633e-06,0.000202997,0.00436369,0.00394746,-0.000416232
1336,1.88276e-06,8.39093e-05,0.00375313,0.00339678,-0.000356348
1337,1.57248e-06,7.20821e-05,0.00415605,0.00419301,3.69605e-05
1339,0,0,0.00205317,0.00205304,-1.20606e-07
1340,0,0,0.00264837,0.00266601,1.76386e-05
1341,0,0,0.00248164,0.00258249,0.000100848
1342,0,0,0.00324792,0.00308051,-0.000167405
1343,0,0,0.00304517,0.00270812,-0.000337049
1344,8.01009e-06,8.6832e-05,0.00333633,0.00338953,5.31962e-05
1345,0,0,0.0029972,0.00299672,-4.787e-07
1346,4.48811e-06,0.000134735,0.00336038,0.00336114,7.57864e-07
1347,4.75702e-06,0.000135872,0.00320078,0.0032604,5.96135e-05
1348,0,0,0.0037518,0.00383755,8.57457e-05
1349,5.40258e-06,0.000382945,0.00330344,0.00337011,6.66713e-05
1350,1.26801e-06,0.000227251,0.0040199,0.00328801,-0.00073189
1352,0,0,0.00341801,0.00342539,7.37538e-06
1353,3.73975e-06,0.000106532,0.00424372,0.00415347,-9.02475e-05
1355,0,0,0.00252546,0.00252565,1.851e-07
1356,0,0,0.00283418,0.00257285,-0.000261338
1357,0,0,0.00298571,0.00240181,-0.000583904
1358,0,0,0.00294973,0.00276257,-0.000187164
1359,0,0,0.00278183,0.00250763,-0.000274205
1360,0,0,0.00404978,0.00390006,-0.000149725
1361,3.28469e-06,9.10991e-05,0.00359429,0.00356922,-2.50714e-05
1362,1.01525e-05,0.000310529,0.00419501,0.00412251,-7.24969e-05
1363,0,0,0.00417109,0.00425928,8.81962e-05
1365,0,0,0.00244591,0.00244594,3.58559e-08
1366,0,0,0.00294955,0.00294275,-6.79353e-06
1367,0,0,0.00401582,0.00297441,-0.00104141
1368,4.65565e-06,8.96804e-05,0.00425661,0.00409108,-0.00016552
1369,2.77735e-05,0.000333852,0.00424961,0.00463557,0.00038596
1371,0,0,0.00273307,0.0027331,3.42261e-08
1372,0,0,0.0042704,0.0042702,-2.01166e-07
1373,0,0,0.00423413,0.0046536,0.000419468
1375,0,0,0.00286657,0.00286648,-8.03266e-08
1376,0,0,0.00328313,0.00356362,0.000280492
1377,3.75347e-06,5.32322e-05,0.00412554,0.0040623,-6.32326e-05
1378,2.29434e-05,9.26002e-05,0.00394535,0.00387631,-6.90324e-05
1379,0.000298526,0.00144048,0.00362527,0.00360169,-2.3582e-05
1380,0.000386963,0.00178912,0.00332833,0.00413403,0.000805702
1381,0,0,0.00316556,0.00316504,-5.21541e-07
1382,0,0,0.00317983,0.0030513,-0.000128528
1383,0,0,0.0030454,0.00272881,-0.000316587
1384,0,0,0.00322322,0.00309253,-0.000130687
1385,0,0,0.00282549,0.00298303,0.000157543
1386,0,0,0.00360934,0.00369822,8.88731e-05
1387,7.45058e-09,3.14684e-07,0.00391761,0.0039144,-3.21493e-06
1389,0,0,0.0031792,0.00324494,6.57463e-05
1390,0,0,0.00417816,0.00447115,0.000292995
1392,0,0,0.0033939,0.00339353,-3.68571e-07
1393,0,0,0.00399498,0.00399472,-2.57045e-07
1394,2.29784e-05,0.000422818,0.00443457,0.00444569,1.11237e-05
1396,0,0,0.00293846,0.00293836,-9.40636e-08
1397,9.92467e-07,0.000109101,0.00436874,0.00436762,-1.11386e-06
1398,0.000129986,0.000497201,0.00421894,0.00432925,0.000110311
1399,1.978e-05,9.66657e-05,0.00394547,0.00408388,0.000138408
1400,0.000941046,0.00787214,0.00438186,0.0041073,-0.00027456
1401,0.000567624,0.00821297,0.00305106,0.00334257,0.000291508
1402,1.49012e-08,5.34368e-07,0.00354805,0.00354905,9.95584e-07
1403,3.22255e-06,8.23171e-05,0.00428963,0.00428934,-2.84985e-07
1404,4.92713e-06,0.00183419,0.00438724,0.00411224,-0.000275002
1405,2.10957e-05,0.000682859,0.00337316,0.00426611,0.00089295
1406,0.00135138,0.00321673,0.00364455,0.00368457,4.00182e-05
1407,0.000474409,0.00255362,0.00426868,0.00400971,-0.000258971
1408,2.5607e-05,4.23022e-05,0.00374924,0.00374831,-9.29227e-07
1409,0.000773746,0.00706737,0.00351733,0.00392046,0.000403131
1410,0.000313822,0.00197213,0.00382458,0.00372048,-0.000104096
1411,0.000356736,0.00262693,0.0037996,0.00414527,0.000345674
1412,0.00035641,0.0012721,0.00317919,0.00363409,0.000454903
1413,0.000106476,0.00142444,0.0035714,0.00379671,0.000225317
1414,8.39433e-06,0.000141185,0.00428407,0.00428432,2.49594e-07
1415,1.70533e-05,0.000281091,0.0040599,0.0038498,-0.000210105
1416,1.13083e-05,0.000422469,0.0037106,0.0038424,0.000131801
1417,1.14994e-05,0.000163986,0.00354629,0.00423573,0.000689443
1418,3.24188e-06,0.000117056,0.0033453,0.00428919,0.000943889
1419,1.23157e-05,0.000402438,0.00414801,0.00443213,0.00028412
1422,2.2302e-07,2.70648e-07,0.00285157,0.00285987,8.30297e-06
1423,8.42937e-08,1.00425e-06,0.00306341,0.00307005,6.64173e-06
1424,4.71999e-05,9.01817e-05,0.00320009,0.00321997,1.98828e-05
1425,2.80811e-05,9.09251e-05,0.00406515,0.00372012,-0.000345036
1426,2.36301e-05,0.000157781,0.00280738,0.00327621,0.000468826
1427,5.09067e-05,0.000197679,0.00317441,0.00314938,-2.50312e-05
1429,0.000315719,0.000623861,0.00435789,0.00423383,-0.000124061
1432,0.000670178,0.00349338,0.00407136,0.00411773,4.63706e-05
1435,0,0,0.00260776,0.00260774,-1.60653e-08
1436,5.0861e-05,0.00113978,0.00350092,0.00275513,-0.000745789
1437,0.000323974,0.00356544,0.00309891,0.00379592,0.000697013
1438,0,0,0.00340758,0.00319592,-0.000211666
1439,0,0,0.00316467,0.00380368,0.000639011
1440,0,0,0.00361798,0.0037758,0.000157816
1441,0,0,0.00337646,0.00337887,2.40793e-06
1442,0,0,0.00371638,0.00364067,-7.57165e-05
1443,0,0,0.00340028,0.00377479,0.000374513
1444,0,0,0.00368436,0.00364966,-3.4706e-05
1445,1.20137e-05,0.000127177,0.00372127,0.00378447,6.32007e-05
1446,2.95887e-05,0.000112218,0.00348687,0.0040139,0.000527031
1447,0,0,0.00350133,0.00318739,-0.000313938
1448,0,0,0.00350116,0.00289371,-0.000607449
1449,0,0,0.00336515,0.00327272,-9.24361e-05
1450,1.30723e-06,0.000127267,0.00410384,0.00365245,-0.00045139
1451,2.07072e-05,0.000280655,0.00386734,0.00458248,0.000715133
1452,8.00063e-06,0.000121434,0.00408222,0.0040001,-8.21124e-05
1453,5.18055e-06,5.43195e-05,0.00439204,0.00446903,7.6998e-05
1454,2.02296e-05,0.000135232,0.00439306,0.00416617,-0.00022689
1455,8.52185e-06,0.000105272,0.00352457,0.00366508,0.000140505
1456,2.96719e-05,0.000364688,0.00371083,0.00334813,-0.000362695
1457,0.000167921,0.00618973,0.00426759,0.00390813,-0.000359466
1458,0.000134039,0.0024094,0.00395793,0.00343874,-0.000519184
1459,3.82179e-06,9.82821e-05,0.00394289,0.00341004,-0.000532858
1460,1.07979e-05,0.000127784,0.00415364,0.00302014,-0.00113351
1462,0,0,0.00241922,0.00241924,2.51457e-08
1463,8.24292e-07,8.4115e-05,0.00364915,0.00364855,-5.96745e-07
1465,0,0,0.00266505,0.00266494,-1.17114e-07
1466,8.20208e-06,8.82187e-05,0.00285338,0.00314263,0.000289254
1467,4.68298e-05,0.00041151,0.00331614,0.00338712,7.09838e-05
1468,3.20947e-05,0.000394435,0.00341518,0.00285403,-0.000561144
1469,6.17419e-06,0.000159122,0.00356112,0.00246275,-0.00109836
1470,1.15658e-05,0.000368052,0.00363317,0.00304467,-0.0005885
1471,1.74922e-05,0.000246484,0.00319034,0.00302983,-0.000160512
1472,4.24328e-05,0.000846084,0.00378877,0.00316258,-0.000626198
1473,4.23856e-05,0.00117592,0.00416956,0.0034119,-0.000757667
1474,0.000193831,0.00424733,0.00329283,0.00455542,0.00126259
1475,1.22322e-05,0.000176771,0.00395495,0.00404319,8.8234e-05
1476,5.10969e-06,7.46857e-05,0.00414589,0.00415346,7.56746e-06
1477,0.000133668,0.00141786,0.00375889,0.00365731,-0.000101574
1480,0,0,0.00200942,0.00200947,4.07454e-08
1481,9.85072e-05,0.00248737,0.0021961,0.00231478,0.000118674
1482,1.72133e-06,4.14671e-05,0.00274826,0.00306209,0.000313831
1483,4.45789e-05,0.000110114,0.00305258,0.00331347,0.00026089
1484,6.19688e-06,0.000298249,0.00327755,0.00331407,3.65207e-05
1485,0.000663132,0.0114002,0.0040208,0.0035917,-0.000429097
1486,0,0,0.00344248,0.00344364,1.15274e-06
1487,0,0,0.00343145,0.0030414,-0.000390054
1488,0.000116834,0.00431452,0.00370293,0.00333533,-0.000367598
1491,0,0,0.00312454,0.00273591,-0.00038863
1492,0,0,0.00311004,0.00308365,-2.63914e-05
1493,3.39171e-05,0.000342121,0.0030462,0.00290877,-0.000137428
1494,0,0,0.00280137,0.00295418,0.000152811
1495,2.01884e-05,0.000412439,0.00425648,0.00405458,-0.000201902
1497,9.14766e-05,0.000569298,0.00408135,0.00437655,0.0002952
1499,0,0,0.00435329,0.0045796,0.000226309
1500,0,0,0.00436361,0.00473157,0.000367969
1502,0,0,0.00265249,0.00265264,1.56695e-07
1503,0,0,0.00240358,0.00245185,4.82723e-05
1504,4.03379e-06,8.84946e-05,0.00286115,0.00329267,0.000431513
1505,0,0,0.00283862,0.00296132,0.000122703
1506,9.26713e-06,7.85247e-05,0.00323359,0.00307311,-0.000160482
1507,0.000128376,0.000799327,0.00273077,0.00262409,-0.000106676
1508,3.6614e-05,0.000224065,0.00267757,0.00260136,-7.62155e-05
1509,0.000181926,0.000209443,0.00267497,0.0020209,-0.000654065
1510,1.1106e-05,5.74954e-05,0.00179268,0.00295582,0.00116314
1511,1.36609e-05,0.000140653,0.00228015,0.0026424,0.000362246
1512,7.55593e-06,0.000186879,0.00342664,0.00428134,0.000854702
1513,1.82219e-05,0.000208406,0.00284214,0.00347975,0.000637614
1515,0,0,0.00246076,0.00281453,0.000353767
1516,5.15365e-06,0.000129715,0.002419,0.00300803,0.000589027
1517,4.04258e-06,6.94644e-05,0.00341501,0.00370183,0.000286826
1518,3.80411e-05,0.000141444,0.00321045,0.00341572,0.000205272
1519,4.30239e-05,0.000341141,0.00319419,0.00319249,-1.70479e-06
1520,0,0,0.00359544,0.003564,-3.14445e-05
1521,2.6656e-07,1.19362e-06,0.00339144,0.00339216,7.20378e-07
1522,1.87591e-05,0.000347664,0.00351525,0.00308526,-0.000429997
1523,2.89232e-05,6.80911e-05,0.00360338,0.00295437,-0.000649009
1524,2.20518e-05,4.63769e-05,0.0042083,0.00363844,-0.000569855
1525,6.65247e-05,0.000276155,0.0035873,0.00324797,-0.000339329
1527,2.32554e-05,0.000626874,0.00374927,0.00339273,-0.000356538
1528,2.54053e-05,0.000156573,0.00416542,0.00453471,0.000369293
1529,1.66983e-05,0.000417673,0.00393889,0.0036788,-0.000260082
1530,2.63561e-05,0.000197954,0.00368483,0.00367447,-1.03584e-05
1531,3.37204e-05,0.00025158,0.00321651,0.00345086,0.000234348
1532,1.88077e-05,0.000263907,0.00360619,0.00421228,0.000606083
1533,3.85278e-05,0.000181901,0.00384228,0.00272778,-0.0011145
1534,0.000111654,0.000398919,0.00270594,0.00269215,-1.37871e-05
1535,3.59539e-05,0.000188473,0.00357259,0.00349233,-8.02602e-05
1536,0.000128064,0.000666156,0.00370945,0.00281809,-0.000891361
1537,1.49916e-05,0.000372299,0.00394759,0.00412573,0.00017814
1538,5.23851e-05,0.000194705,0.00371066,0.00361577,-9.48885e-05
1539,4.52729e-05,0.00020521,0.00369773,0.00362422,-7.35079e-05
1540,1.96771e-05,0.000117905,0.00439337,0.00436483,-2.85343e-05
1541,5.82507e-05,0.000875892,0.00373447,0.00396226,0.000227789
1542,8.14689e-06,8.90051e-05,0.00444017,0.00442675,-1.34152e-05
1544,1.19318e-05,0.000139739,0.00283895,0.00335056,0.000511608
1545,4.83533e-06,2.58095e-05,0.00346306,0.00344753,-1.5527e-05
1546,1.37821e-05,0.000118136,0.00373076,0.00364767,-8.30819e-05
1547,2.8573e-06,4.21531e-05,0.00429376,0.00324585,-0.00104791
1549,0,0,0.00280249,0.00234258,-0.000459914
1550,0,0,0.00279209,0.00279287,7.84174e-07
1551,0,0,0.00303745,0.00339062,0.000353166
1552,0,0,0.00376691,0.00331455,-0.000452361
1553,0,0,0.00326314,0.00304297,-0.000220174
1554,2.12958e-05,8.34329e-05,0.0033301,0.00313493,-0.000195176
1555,0,0,0.00303546,0.00303546,4.65661e-10
1556,0,0,0.00292667,0.0026248,-0.000301875
1557,0,0,0.0032667,0.00331011,4.34003e-05
1558,0,0,0.0033963,0.0034308,3.44974e-05
1559,0,0,0.00352627,0.0035728,4.65307e-05
1560,0,0,0.00394291,0.00412099,0.000178081
1561,0,0,0.00377816,0.00377758,-5.81611e-07
1562,0,0,0.00342962,0.00347555,4.59233e-05
1563,0,0,0.003463,0.00335909,-0.000103911
1564,0,0,0.00304021,0.00345058,0.000410369
1565,0,0,0.00359375,0.00360383,1.00834e-05
1566,1.61748e-05,0.000424081,0.00369758,0.00362426,-7.33153e-05
1567,1.5103e-05,8.23254e-05,0.00397259,0.003973,4.0466e-07
1568,4.92451e-06,2.38072e-05,0.00430806,0.00390793,-0.000400133
1569,2.91515e-06,5.74033e-05,0.00293753,0.00434604,0.00140851
1570,3.73374e-06,1.53251e-05,0.003745,0.00368947,-5.55355e-05
1571,1.41523e-05,0.000114668,0.00399122,0.00375456,-0.000236657
1572,5.94136e-06,4.07016e-05,0.00356712,0.00368809,0.000120972
1573,0,0,0.00401282,0.00401371,8.86619e-07
1574,6.89072e-06,0.000289416,0.00388404,0.00428573,0.000401696
1575,0,0,0.00398173,0.00411294,0.000131209
1576,0,0,0.00444547,0.00444793,2.45729e-06
1578,0,0,0.00313725,0.00313745,1.98605e-07
1579,4.80437e-06,0.000126503,0.00339035,0.00327211,-0.000118241
1580,1.85017e-05,0.000260294,0.00293359,0.00314379,0.000210194
1581,0.000160158,0.00446602,0.00386745,0.00372139,-0.000146067
1582,0.000384867,0.00221814,0.00412416,0.00410494,-1.92174e-05
1583,0.00102086,0.00924776,0.00424245,0.00461751,0.000375059
1586,5.0298e-06,1.37409e-05,0.0036459,0.00370687,6.09753e-05
1587,2.03223e-05,0.000196923,0.0033353,0.00334252,7.22054e-06
1589,0,0,0.00263565,0.00263558,-6.72881e-08
1590,5.84504e-05,0.000499426,0.00302107,0.00298293,-3.81463e-05
1591,1.03238e-07,5.58545e-07,0.00299322,0.00287988,-0.000113341
1592,7.32289e-06,0.000133487,0.0025609,0.00256909,8.19284e-06
1593,0,0,0.00322116,0.00322198,8.21427e-07
1594,1.03238e-07,4.49017e-07,0.00345502,0.00337325,-8.17743e-05
1595,8.42937e-08,4.28781e-07,0.00366743,0.00360605,-6.1379e-05
1596,9.98035e-06,7.85843e-05,0.0038018,0.00377187,-2.99332e-05
1597,0,0,0.00407138,0.00423774,0.000166355
1598,5.42042e-06,7.9536e-05,0.00381456,0.00445941,0.000644853
1600,0,0,0.00270928,0.00270973,4.56581e-07
1601,0,0,0.00375293,0.0037843,3.13688e-05
1602,3.43846e-05,0.00070345,0.004359,0.00489227,0.000533272
1604,0,0,0.00292435,0.00292428,-6.40284e-08
1605,1.26189e-05,6.11971e-05,0.00303607,0.00322697,0.0001909
1607,0,0,0.00228783,0.0022876,-2.27476e-07
1608,0,0,0.00407207,0.00386159,-0.000210485
1609,9.50054e-06,9.12715e-05,0.00389412,0.00443701,0.000542889
1610,6.90051e-06,7.33813e-05,0.00383656,0.00376738,-6.91819e-05
1611,1.27727e-05,2.74687e-05,0.00368514,0.00432399,0.00063885
1612,1.23118e-05,0.000165241,0.00399095,0.00421899,0.000228035
1613,8.42937e-08,1.54857e-07,0.0036536,0.00364053,-1.30725e-05
1615,0,0,0.00285278,0.00285289,1.10362e-07
1616,0,0,0.00284277,0.00268811,-0.000154657
1617,1.31422e-05,0.000115942,0.00281531,0.00271968,-9.56221e-05
1618,0,0,0.00363447,0.00354986,-8.46158e-05
1619,0,0,0.00399659,0.00388104,-0.000115551
1620,0,0,0.00379124,0.00342081,-0.000370434
1621,7.68831e-06,4.8076e-05,0.00380239,0.0041725,0.000370108
1623,0,0,0.00251337,0.00251335,-2.23517e-08
1624,0,0,0.00303646,0.00263824,-0.000398226
1625,5.21661e-05,0.000362516,0.00353693,0.00311496,-0.000421966
1626,0,0,0.0035289,0.00359894,7.0042e-05
1627,0,0,0.00366056,0.00341616,-0.000244401
1628,0,0,0.00333444,0.00384357,0.000509134
1629,2.52881e-07,3.45167e-06,0.00331657,0.00331434,-2.23238e-06
1630,0,0,0.00310015,0.00367161,0.000571463
1631,2.29688e-05,0.00034044,0.00352733,0.00361864,9.13099e-05
1632,2.72857e-05,0.000234249,0.00405602,0.00391134,-0.000144684
1633,1.95086e-05,0.000109407,0.00340212,0.00347189,6.97705e-05
1634,0.000204436,0.000498904,0.00392348,0.00395917,3.56897e-05
1635,0,0,0.00350726,0.00350683,-4.32134e-07
1636,8.45504e-06,9.45239e-05,0.0032856,0.00349757,0.000211973
1637,9.43073e-06,4.6869e-05,0.00358466,0.00346876,-0.000115899
1638,2.25482e-05,0.000327424,0.0041269,0.00368483,-0.00044207
1639,1.53264e-05,8.50842e-05,0.00441038,0.00427209,-0.000138289
1640,1.70223e-05,0.000168035,0.00405052,0.00422583,0.000175315
1641,2.63175e-05,0.000148155,0.00398511,0.00435521,0.000370097
1643,0,0,0.00233194,0.0023318,-1.42958e-07
1644,0,0,0.00245462,0.00238988,-6.47434e-05
1645,0,0,0.00257352,0.00218262,-0.0003909
1646,0,0,0.00248593,0.0024894,3.47034e-06
1647,0,0,0.00263743,0.00247137,-0.000166056
1648,7.90707e-05,0.000218304,0.00275826,0.00259504,-0.000163226
1649,0,0,0.00263912,0.00263911,-1.74623e-08
1650,0,0,0.00270427,0.00252805,-0.00017622
1651,0,0,0.00318662,0.00255669,-0.000629932
1652,1.26235e-05,8.68777e-05,0.00265811,0.00269558,3.74718e-05
1653,0,0,0.00250454,0.00257086,6.63213e-05
1654,0,0,0.00265243,0.00270958,5.71522e-05
1655,0,0,0.00296212,0.00296154,-5.83241e-07
1656,0,0,0.00339229,0.00342388,3.15919e-05
1657,0,0,0.00315323,0.00335429,0.000201068
1658,0,0,0.00399795,0.00391714,-8.0809e-05
1659,1.02204e-05,4.77776e-05,0.00370455,0.00406758,0.000363027
1660,5.50435e-05,0.000265191,0.00386806,0.00393538,6.73202e-05
1661,8.23364e-06,8.7157e-05,0.00410593,0.00410546,-4.72646e-07
1662,1.03281e-05,9.46498e-05,0.00446374,0.00410601,-0.000357734
1664,0,0,0.00211184,0.00211189,5.3551e-08
1665,0,0,0.0025577,0.0024467,-0.000111002
1666,0,0,0.00281795,0.0022318,-0.000586157
1667,7.21142e-05,0.000360426,0.00252228,0.00279656,0.000274288
1668,0,0,0.00308183,0.00295677,-0.000125064
1669,0,0,0.00383726,0.00352626,-0.000310997
1670,0,0,0.00366624,0.00366753,1.29105e-06
1671,0,0,0.00329048,0.00323069,-5.97849e-05
1672,9.45312e-06,0.000125068,0.00419137,0.00429101,9.96399e-05
1674,0,0,0.00409156,0.00409179,2.2864e-07
1675,4.40409e-05,0.000364654,0.00446201,0.00466794,0.000205928
1677,0,0,0.00385518,0.00385547,2.91271e-07
1678,0,0,0.00389531,0.00340836,-0.000486958
1679,0,0,0.003406,0.00389003,0.000484032
1680,8.45651e-06,8.48706e-05,0.0041068,0.00436808,0.000261278
1681,2.14773e-05,0.000278241,0.00351957,0.00355762,3.80478e-05
1682,5.96779e-05,0.000430266,0.00389899,0.00426013,0.000361145
1683,0,0,0.00409812,0.00409988,1.75834e-06
1684,5.62309e-07,1.37693e-05,0.00438433,0.00469375,0.000309423
1686,0,0,0.00234274,0.00234271,-3.60887e-08
1687,0,0,0.00297215,0.00287831,-9.38403e-05
1688,0,0,0.00304828,0.00265565,-0.000392626
1689,0,0,0.00284076,0.00284902,8.25548e-06
1690,0,0,0.00289269,0.00279229,-0.000100401
1691,0,0,0.00335666,0.00360456,0.000247892
1692,0,0,0.00289815,0.00289835,1.93249e-07
1693,0,0,0.00333589,0.00312864,-0.000207248
1694,1.51703e-05,0.00028258,0.00372365,0.0042646,0.000540953
1695,9.54587e-06,4.44056e-05,0.00391937,0.00406395,0.000144581
1697,0,0,0.00409628,0.0040958,-4.82891e-07
1698,0,0,0.00399584,0.00383296,-0.000162872
1702,4.74933e-06,7.04564e-05,0.00345051,0.00405566,0.000605149
1704,0.000235203,0.00138274,0.00402641,0.00423188,0.000205467
1706,0,0,0.0041979,0.00444961,0.000251712
1707,1.74443e-05,0.000254668,0.00405862,0.00370654,-0.000352085
1708,4.57559e-05,0.0020973,0.0037824,0.00373725,-4.51524e-05
1709,5.96046e-08,9.5414e-08,0.00442941,0.00442873,-6.84056e-07
1711,0,0,0.00246976,0.00246986,9.8953e-08
1712,0.000249467,0.00112081,0.00279399,0.00280411,1.01207e-05
1713,0,0,0.0031523,0.00326591,0.000113614
1714,0,0,0.00406632,0.0038924,-0.00017392
1715,0,0,0.00408791,0.0039961,-9.18079e-05
1716,0,0,0.00442844,0.00408079,-0.000347645
1717,3.617e-05,0.000119128,0.00320454,0.00328182,7.72772e-05
1718,7.23157e-05,0.00109198,0.0037503,0.00375799,7.69203e-06
1719,0.00028862,0.00465269,0.00313749,0.00281451,-0.000322984
1720,0.000207318,0.000500972,0.00361495,0.00408882,0.000473863
1722,0,0,0.00327911,0.00327931,1.98372e-07
1723,1.69652e-05,0.000127085,0.00349256,0.00300634,-0.000486225
1724,0,0,0.00317186,0.00340305,0.000231183
1725,0,0,0.00389696,0.00435126,0.000454302
1726,0,0,0.00403472,0.00379488,-0.000239838
1728,0,0,0.00341927,0.00341887,-3.98606e-07
1729,0,0,0.0033132,0.00332222,9.01474e-06
1730,0,0,0.00356875,0.00356088,-7.86548e-06
1731,0,0,0.00398292,0.00404004,5.71189e-05
1732,0,0,0.0039303,0.00399453,6.42324e-05
1733,0,0,0.00446394,0.00435446,-0.000109477
1734,0,0,0.00405071,0.0039749,-7.58148e-05
1735,0,0,0.00303584,0.00330502,0.000269184
1736,7.85219e-05,0.000562279,0.00350298,0.00328411,-0.000218868
1737,0,0,0.00343697,0.00385846,0.000421493
1738,0,0,0.0037223,0.00370662,-1.5679e-05
1739,0,0,0.00399488,0.00391255,-8.23275e-05
1740,1.01119e-05,9.71838e-05,0.00409515,0.00409446,-6.84522e-07
1742,0,0,0.00218088,0.00218104,1.6694e-07
1743,0,0,0.00342954,0.00343005,5.0175e-07
1744,2.35815e-05,8.55741e-05,0.00268657,0.00270123,1.46602e-05
1745,3.9697e-05,9.94645e-05,0.00337397,0.00340433,3.03618e-05
1746,0,0,0.00299652,0.00299701,4.87082e-07
1747,2.21664e-05,0.000126447,0.00313039,0.00313986,9.46992e-06
1748,0,0,0.00316988,0.00317038,5.0175e-07
1749,5.38015e-05,0.000228653,0.00354074,0.00360013,5.93835e-05
1750,7.90678e-06,0.000128632,0.00386693,0.00372232,-0.000144606
1751,1.47344e-05,0.000114445,0.00412163,0.00385412,-0.00026751
1752,1.09778e-05,0.000134213,0.00344356,0.00314157,-0.000301987
1753,0,0,0.00382188,0.00377615,-4.57319e-05
1754,0,0,0.00360675,0.00360731,5.55767e-07
1755,0,0,0.0033314,0.00333333,1.92435e-06
1756,4.73735e-06,9.34266e-05,0.00380209,0.00396765,0.000165557
1757,0,0,0.00422613,0.00406214,-0.00016399
1759,0,0,0.00264157,0.00264143,-1.42492e-07
1760,0,0,0.00381821,0.00365422,-0.000163994
1761,6.46923e-06,9.02918e-05,0.00431294,0.00434769,3.47556e-05
1762,1.31775e-05,0.000446547,0.00439965,0.0043807,-1.89454e-05
1763,0.000198719,0.00136027,0.00434529,0.00404704,-0.000298247
1765,0,0,0.00387535,0.00387539,3.86499e-08
1766,0,0,0.00420507,0.00383299,-0.000372084
1767,0,0,0.00325314,0.00308301,-0.000170129
1768,0,0,0.003229,0.00312722,-0.000101778
1769,0,0,0.00409841,0.00373484,-0.000363569
1770,0,0,0.00317912,0.00314562,-3.3505e-05
1771,0,0,0.00384531,0.00380947,-3.58361e-05
1772,0,0,0.00380795,0.00385721,4.92623e-05
1773,0,0,0.00329323,0.00303385,-0.000259386
1774,0,0,0.00267844,0.0031499,0.000471462
1775,0,0,0.00323951,0.00305231,-0.000187197
1776,0,0,0.00356216,0.00314125,-0.000420908
1777,0,0,0.00330496,0.00330531,3.53903e-07
1778,0,0,0.00361477,0.00415997,0.000545201
1781,0,0,0.00382307,0.00370635,-0.000116714
1783,0,0,0.00382338,0.00382342,3.91155e-08
1784,0,0,0.00428059,0.00462364,0.000343054
1786,0,0,0.00294271,0.00294265,-6.17001e-08
1788,0,0,0.0034499,0.00344943,-4.68688e-07
1789,0,0,0.00381097,0.00352151,-0.000289455
1792,0,0,0.00341287,0.00356181,0.000148941
1794,0,0,0.00259522,0.00259534,1.11992e-07
1796,9.49328e-05,0.000551551,0.00445358,0.00442549,-2.80887e-05
1798,0,0,0.00265437,0.00265421,-1.6205e-07
1799,6.46807e-05,0.000481006,0.00389549,0.00444016,0.000544666
1801,0,0,0.00429311,0.00429263,-4.79165e-07
1803,0,0,0.00357022,0.00357037,1.5134e-07
1804,0.000171646,0.000511047,0.00435782,0.0038214,-0.00053642
1805,3.86645e-05,0.000574118,0.00405182,0.00382644,-0.000225379
1806,0.000144422,0.00146675,0.00403646,0.00413287,9.64063e-05
1807,0,0,0.00433323,0.00413605,-0.000197183
1809,0,0,0.00140265,0.00140262,-3.65544e-08
1810,0,0,0.00271712,0.00250405,-0.000213068
1811,0,0,0.00369318,0.00346329,-0.000229887
1812,0,0,0.0035183,0.00380234,0.000284035
1815,1.3328e-07,4.85408e-07,0.00443482,0.00443531,4.94998e-07
1816,0.000101822,0.00101184,0.00436314,0.00395471,-0.000408434
1817,0,0,0.00433184,0.00386638,-0.000465453
1818,0,0,0.00448057,0.00409524,-0.000385326
1821,0,0,0.00243659,0.00243652,-6.28643e-08
1822,0,0,0.00295897,0.0030381,7.91238e-05
1823,0,0,0.00274633,0.00315179,0.000405456
1824,0,0,0.00319001,0.00333689,0.000146883
1825,6.44444e-05,0.000261375,0.00428137,0.00469758,0.000416216
1826,6.77602e-05,0.000365372,0.0043949,0.00434586,-4.90388e-05
1828,0,0,0.00260126,0.00270769,0.000106427
1829,0,0,0.0032853,0.00318029,-0.000105005
1830,8.71113e-05,0.000406568,0.00356234,0.00399692,0.000434575
1831,1.31436e-05,8.57006e-05,0.00424911,0.0048449,0.000595793
1833,0,0,0.0031711,0.00317112,1.16415e-08
1834,0,0,0.00449347,0.00471016,0.000216692
1836,0.000107879,0.000313185,0.00352426,0.00352408,-1.84169e-07
1837,0,0,0.00376999,0.00393201,0.000162022
1839,0,0,0.00248491,0.00248507,1.56928e-07
1840,8.32179e-05,0.000695858,0.00386649,0.00386629,-2.02563e-07
1842,0,0,0.00322719,0.00322737,1.72528e-07
1843,2.28018e-05,0.000131339,0.00416825,0.00430203,0.000133786
1845,0,0,0.00277449,0.0027749,4.04194e-07
1846,0,0,0.00322675,0.00331732,9.05672e-05
1847,0,0,0.00323099,0.00346838,0.000237382
1848,1.67558e-05,0.0001331,0.00367479,0.00383065,0.000155861
1849,0,0,0.00416932,0.00413709,-3.22359e-05
1850,1.52924e-05,8.80709e-05,0.00422537,0.00438518,0.000159814
1851,1.51856e-05,8.11039e-05,0.00413323,0.0041329,-3.33413e-07
1853,0,0,0.0029468,0.00294678,-2.25846e-08
1854,0,0,0.00326347,0.00326329,-1.72993e-07
1855,0,0,0.00343571,0.00351506,7.93431e-05
1856,0,0,0.00406151,0.0039759,-8.56142e-05
1857,0,0,0.00417151,0.00435264,0.000181132
1858,0,0,0.00439624,0.00421625,-0.000179988
1860,0,0,0.00165767,0.00165772,4.45871e-08
1861,0,0,0.00300088,0.00298519,-1.56953e-05
1862,0,0,0.0031068,0.00288609,-0.000220711
1863,0,0,0.00339618,0.00302122,-0.00037496
1864,0,0,0.00314629,0.00328989,0.000143602
1865,0,0,0.00362379,0.00372328,9.94855e-05
1866,0,0,0.0042208,0.00421025,-1.05528e-05
1867,0,0,0.00434465,0.00434433,-3.19909e-07
1869,0,0,0.00292854,0.00292833,-2.06288e-07
1870,0,0,0.00337879,0.00337886,7.0082e-08
1871,0,0,0.00319795,0.00318492,-1.30385e-05
1872,0,0,0.00298934,0.00276435,-0.000224991
1873,0,0,0.00315267,0.00300005,-0.000152619
1874,0,0,0.00408024,0.00390505,-0.000175193
1875,0,0,0.00379385,0.00375732,-3.65274e-05
1876,0,0,0.00392544,0.00392569,2.45403e-07
1877,1.21652e-05,0.000443584,0.00403306,0.00402228,-1.07796e-05
1878,0,0,0.00411819,0.00421994,0.000101746
1879,8.52664e-06,0.000106894,0.00415646,0.00411078,-4.56809e-05
1880,0,0,0.00444056,0.00456124,0.000120673
1881,0,0,0.00424796,0.0042478,-1.62981e-07
1882,0,0,0.00406056,0.00406068,1.18744e-07
1883,0,0,0.00415007,0.00411472,-3.53507e-05
1884,0,0,0.00376233,0.00412497,0.000362638
1885,0,0,0.00410071,0.00412038,1.96658e-05
1886,0,0,0.00408073,0.0039891,-9.16286e-05
1887,8.42053e-06,0.000103175,0.00428305,0.00428319,1.44821e-07
1888,1.19209e-07,1.11074e-07,0.00423055,0.00423065,1.0198e-07
1889,0,0,0.00428229,0.00435542,7.31316e-05
1890,1.56759e-05,0.000104712,0.00432746,0.00425978,-6.76736e-05
1891,0,0,0.00404505,0.00412963,8.45795e-05
1892,9.33174e-06,0.000100955,0.00391451,0.00391579,1.27824e-06
1893,0,0,0.00395162,0.00395181,1.8999e-07
1894,0,0,0.00426986,0.00427002,1.5879e-07
1895,0,0,0.00446054,0.00471674,0.000256194
1897,0,0,0.00297291,0.00297294,3.49246e-08
1898,0,0,0.00407082,0.00407094,1.20141e-07
1899,0,0,0.00433532,0.00431917,-1.6158e-05
1900,0,0,0.00400556,0.00418863,0.000183073
1901,0,0,0.0043061,0.00442227,0.000116169
1902,0,0,0.00435543,0.00412625,-0.000229182
1904,0,0,0.0028716,0.00287159,-5.58794e-09
1905,0,0,0.00376653,0.00357158,-0.000194949
1906,2.23678e-05,0.000135805,0.00342364,0.00351736,9.37241e-05
1907,1.65881e-05,7.53912e-05,0.00406106,0.00368127,-0.000379793
1908,1.73325e-05,6.69428e-05,0.00413311,0.00392262,-0.000210486
1909,2.97584e-05,0.000965891,0.00420987,0.00413741,-7.24643e-05
1911,0,0,0.0028627,0.00286265,-5.00586e-08
1912,0,0,0.00276586,0.0025783,-0.000187566
1913,0,0,0.00358577,0.00350734,-7.84332e-05
1914,0,0,0.00412582,0.00397251,-0.000153311
1915,0,0,0.0042368,0.00417595,-6.08573e-05
1916,0,0,0.00442399,0.00429192,-0.000132068
1918,0,0,0.00344606,0.00344586,-1.94181e-07
1919,0,0,0.00400228,0.00380513,-0.000197142
1921,0,0,0.00271106,0.00270301,-8.05128e-06
1922,0,0,0.00393994,0.00393984,-1.02911e-07
1923,0,0,0.00432634,0.00422135,-0.000104993
1925,0,0,0.00348776,0.00348766,-1.00583e-07
1926,4.56912e-05,0.000264371,0.00444685,0.00444672,-1.31782e-07
1928,0,0,0.00360371,0.00362544,2.1735e-05
1929,0,0,0.00402818,0.00402822,3.53903e-08
1930,1.52351e-05,0.000114487,0.00441601,0.00448005,6.40354e-05
1931,0,0,0.00417983,0.0042262,4.63692e-05
1932,0,0,0.00387733,0.00404748,0.000170152
1933,0,0,0.00443847,0.00436767,-7.07954e-05
1934,0,0,0.00421428,0.00421451,2.2212e-07
1935,0,0,0.00426749,0.00408861,-0.000178886
1937,0,0,0.00368644,0.00368639,-5.19212e-08
1938,0,0,0.00385595,0.00409737,0.000241412
1939,2.07629e-06,0.000105861,0.004306,0.00412669,-0.000179314
1940,0,0,0.00423588,0.00417234,-6.35451e-05
1942,0,0,0.00415551,0.00415549,-1.86265e-08
1944,0,0,0.00342338,0.00342311,-2.77534e-07
1945,0,0,0.00368477,0.00358498,-9.97854e-05
1946,8.32401e-06,0.000216958,0.00412567,0.0041209,-4.77303e-06
1947,0,0,0.00441742,0.00456811,0.000150686
1948,0,0,0.00442734,0.0044401,1.27554e-05
1950,0,0,0.00378743,0.00378782,3.83938e-07
1951,0,0,0.00441133,0.00441168,3.53437e-07
1952,2.63396e-05,0.000330473,0.00443243,0.00439523,-3.72049e-05
1953,0,0,0.00443378,0.00457541,0.000141631
1954,0,0,0.00447679,0.00460453,0.000127737
1956,0,0,0.00415561,0.00415558,-2.56114e-08
1957,0,0,0.00407644,0.00407635,-8.42847e-08
1959,0,0,0.00400072,0.00400072,9.31323e-10
1960,0,0,0.00376232,0.00423716,0.000474846
1961,0,0,0.00398344,0.00395665,-2.67881e-05
1962,0,0,0.00437715,0.00405492,-0.00032223
1964,0,0,0.0032491,0.00324905,-5.51809e-08
1965,6.3708e-06,9.2766e-05,0.00414688,0.00472007,0.000573184
1967,0,0,0.00389311,0.00389319,7.66013e-08
1968,0,0,0.00432274,0.00432313,3.83705e-07
1970,0,0,0.00368729,0.003687,-2.93367e-07
1971,0,0,0.00433304,0.00433314,1.02445e-07
1973,0,0,0.00424866,0.00424868,1.49012e-08
1975,0,0,0.00376851,0.00352606,-0.000242454
1976,4.66235e-06,0.000102266,0.00415267,0.00420141,4.87398e-05
1978,0,0,0.00406127,0.00406132,4.61005e-08
1980,0,0,0.00391868,0.00417657,0.000257886
1983,0,0,0.00319862,0.00319871,8.35862e-08
1984,0,0,0.0040816,0.00413137,4.97694e-05
1986,0,0,0.00343708,0.00343668,-4.03961e-07
1987,0,0,0.00440594,0.00440576,-1.80211e-07
1989,0,0,0.00395872,0.00395894,2.22586e-07
1990,0,0,0.00399558,0.00399583,2.53785e-07
1991,0,0,0.00437164,0.00424864,-0.000123003
1993,0,0,0.00335389,0.00335396,6.49597e-08
1994,0,0,0.00351379,0.00351408,2.90805e-07
1996,0,0,0.00385891,0.00385875,-1.54367e-07
1997,0,0,0.00396413,0.00396378,-3.58094e-07
1998,0,0,0.00392962,0.00423127,0.000301648
2000,0,0,0.00231987,0.00231988,1.234e-08
2001,0,0,0.00352361,0.00352383,2.22819e-07
2003,0,0,0.00228994,0.00228995,3.49246e-09
2004,0,0,0.00251875,0.00253078,1.20315e-05
2005,0,0,0.00288461,0.00277485,-0.000109759
2006,0,0,0.00361952,0.00353673,-8.27911e-05
2007,0,0,0.00428203,0.00412268,-0.000159345
2008,0,0,0.00400307,0.00388605,-0.000117026
2009,1.17156e-05,8.88409e-05,0.00419748,0.00428261,8.51299e-05
2010,2.00891e-05,8.22785e-05,0.00447909,0.00447887,-2.22586e-07
2011,6.52584e-06,0.000117016,0.00441689,0.00446498,4.80972e-05
2013,0,0,0.00391449,0.00391462,1.32248e-07
2014,0,0,0.00424983,0.00424996,1.35507e-07
2015,0,0,0.00438381,0.00438772,3.9069e-06
2016,1.06899e-05,0.000138836,0.00445783,0.0044597,1.86916e-06
2017,7.81935e-06,0.000139807,0.00437028,0.00432308,-4.71976e-05
2018,0,0,0.00438439,0.00436477,-1.96202e-05
2019,6.30897e-06,0.000127575,0.00433476,0.0043353,5.39701e-07
2020,5.90154e-06,9.58286e-05,0.00447642,0.00447664,2.16067e-07
2022,0,0,0.00443646,0.00438472,-5.1735e-05
2024,0,0,0.00404373,0.00404366,-6.33299e-08
2026,0,0,0.00441369,0.00446777,5.40842e-05
2027,1.89074e-05,0.000252655,0.0039726,0.00437683,0.000404228
2028,0,0,0.00410233,0.00423493,0.000132606
2030,0,0,0.00338872,0.00337904,-9.68878e-06
2031,1.98895e-05,0.000185471,0.0040751,0.00407503,-7.68341e-08
2033,0,0,0.00279999,0.00280007,7.82311e-08
2034,0,0,0.00407124,0.00407151,2.75671e-07
2035,0,0,0.00383687,0.00383711,2.38419e-07
2037,0,0,0.00316824,0.00316753,-7.12695e-07
2038,0,0,0.00272992,0.00273016,2.41445e-07
2039,0,0,0.00321882,0.00330156,8.27347e-05
2040,0,0,0.0034553,0.0032943,-0.000161001
2041,0.00138005,0.004199,0.00307966,0.00308746,7.80169e-06
2042,0,0,0.00375587,0.0040315,0.000275635
2043,0,0,0.00438983,0.00438987,4.23752e-08
2045,0,0,0.0033178,0.00318561,-0.000132188
2046,1.09474e-05,0.000130698,0.00432786,0.00401932,-0.000308538
2047,8.02592e-06,8.512e-05,0.00445793,0.00445321,-4.72041e-06
2048,1.14436e-05,0.00011755,0.00444935,0.00441854,-3.08109e-05
2051,0,0,0.00443582,0.00449137,5.55487e-05
2052,0,0,0.00427084,0.00458053,0.000309687
2054,0,0,0.00412097,0.00412092,-4.70318e-08
2056,0,0,0.00406387,0.00433389,0.00027002
2057,0,0,0.00387227,0.00370262,-0.000169652
2058,0,0,0.00365218,0.00427867,0.000626496
2059,0.000213208,0.00295074,0.00406346,0.00371906,-0.000344398
2060,0.00119357,0.0131764,0.00379215,0.00410816,0.000316018
2061,0.000461371,0.00705352,0.00409408,0.00393487,-0.000159208
2063,4.53429e-05,0.000494346,0.0039029,0.00421084,0.000307932
2065,0,0,0.00405348,0.00405335,-1.38301e-07
2066,0,0,0.0044052,0.00446251,5.73122e-05
2068,0,0,0.00430796,0.00417726,-0.000130703
2069,0,0,0.0041785,0.00412872,-4.97773e-05
2070,0,0,0.00433911,0.00381171,-0.000527399
2072,0,0,0.00430158,0.00430679,5.21215e-06
2073,0,0,0.00428637,0.00420138,-8.49939e-05
2078,0,0,0.00438669,0.00438681,1.18278e-07
2082,6.30835e-05,0.000733057,0.00404679,0.00445603,0.00040924
2086,0.000206648,0.00100241,0.00431197,0.00438798,7.60145e-05
2088,9.04909e-07,6.7474e-06,0.00363757,0.00364949,1.19202e-05
2090,4.27176e-05,2.35969e-05,0.00412938,0.00424481,0.000115432
2092,0,0,0.00421336,0.0042134,3.63216e-08
2093,0.000417851,0.00263469,0.00446969,0.00473952,0.000269828
2096,0,0,0.00400682,0.00400686,3.58559e-08
2097,0.000527203,0.00193593,0.00437306,0.00473813,0.000365068
2098,0.000285403,0.00667624,0.0040296,0.004567,0.000537405
2099,0.00183449,0.00832734,0.00429926,0.00415947,-0.000139794
2100,0.00154234,0.00697738,0.00435813,0.00460307,0.000244942
2101,0.00052559,0.00471397,0.00438213,0.00398616,-0.000395961
2102,1.1919e-05,0.00025007,0.00413478,0.00413464,-1.44821e-07
2108,0,0,0.00410165,0.00410153,-1.22469e-07
2110,0.000560666,0.00236845,0.00414386,0.00432246,0.000178605
2111,0.000518722,0.00412372,0.003604,0.00361159,7.59144e-06
2112,7.63936e-05,0.000621551,0.00427825,0.00440501,0.000126757
2113,0.000146648,0.0013943,0.00372972,0.00384102,0.0001113
2115,0.000264111,0.00213589,0.00245031,0.00225768,-0.000192626
2116,0,0,0.00371062,0.0037435,3.28836e-05
2117,7.68405e-06,0.000137628,0.00403012,0.00406101,3.0885e-05
2119,0,0,0.00362556,0.00362545,-1.16182e-07
2120,3.06548e-06,5.4151e-05,0.00443258,0.00435838,-7.41952e-05
2121,0,0,0.00374387,0.0037263,-1.75601e-05
2122,3.36611e-05,0.000274797,0.00421459,0.00417365,-4.09335e-05
2124,1.79165e-05,0.000184551,0.0035036,0.00351292,9.32184e-06
2125,0,0,0.00445056,0.00445059,3.07336e-08
2126,0,0,0.00436733,0.00436745,1.27126e-07
2127,1.15239e-05,0.000118934,0.0044394,0.0044391,-3.07336e-07
2128,2.50166e-06,0.000137728,0.00415371,0.00415359,-1.18744e-07
2129,0,0,0.00418807,0.00418822,1.45752e-07
2130,2.54227e-05,0.000267896,0.00428854,0.00428814,-3.97675e-07
2131,0.000309037,0.00230818,0.00429367,0.00432502,3.13479e-05
2133,0,0,0.00320657,0.00320656,-9.0804e-09
2134,4.4604e-07,1.037e-06,0.0035378,0.00353709,-7.10366e-07
2136,3.92749e-05,0.000103937,0.00311327,0.00310541,-7.85664e-06
2137,6.14391e-08,1.91409e-07,0.00441303,0.00441302,-9.77889e-09
2138,1.06136e-05,8.83321e-05,0.00441477,0.00449853,8.37538e-05
2139,0.000125049,0.000832885,0.00431877,0.00433287,1.40914e-05
2140,0,0,0.00393419,0.00376746,-0.000166727
2141,1.19413e-05,8.26164e-05,0.00428452,0.00421145,-7.30706e-05
2142,8.9407e-08,7.64184e-07,0.00444409,0.00444326,-8.36328e-07
2143,0,0,0.00431877,0.00431937,6.01169e-07
2146,0,0,0.00358014,0.00358038,2.46102e-07
2147,4.79017e-05,0.000262464,0.0038559,0.00442466,0.000568756
2148,9.2191e-05,0.000499601,0.00380384,0.00439789,0.000594045
2149,0.000737546,0.00456642,0.0037281,0.00406991,0.000341811
2151,3.10787e-06,1.35838e-06,0.00326317,0.00326598,2.81725e-06
2154,0,0,0.00424185,0.00424186,4.19095e-09
2155,1.506e-05,0.000120468,0.00414006,0.00413985,-2.1141e-07
2158,0,0,0.00360675,0.00360695,2.03494e-07
2159,1.14101e-05,0.00016971,0.00381512,0.00372336,-9.17658e-05
2160,0.000584121,0.00394258,0.00408144,0.00391818,-0.000163261
2161,0,0,0.00399009,0.00420798,0.00021789
2162,7.70169e-06,5.23299e-05,0.00420471,0.00422133,1.66171e-05
2163,0.000395825,0.00586491,0.00439283,0.00444634,5.3511e-05
2164,1.55017e-07,5.69696e-07,0.00426577,0.00426562,-1.5134e-07
2165,3.26799e-07,1.69307e-06,0.00423283,0.00423313,3.06405e-07
2168,0,0,0.00437418,0.00434929,-2.48873e-05
2170,0,0,0.00441749,0.00448319,6.56969e-05
2173,0,0,0.00445684,0.0044824,2.55611e-05
2174,0,0,0.00420457,0.00420463,5.44824e-08
2175,0,0,0.00434433,0.00437049,2.61618e-05
2177,0,0,0.00341354,0.00341368,1.43657e-07
2178,0,0,0.00383587,0.00383589,1.97906e-08
2179,2.03347e-05,0.00013387,0.00404297,0.00404307,1.03377e-07
2180,2.79632e-05,0.000275884,0.00442084,0.00437442,-4.64218e-05
2181,0,0,0.00425783,0.00452072,0.000262889
2184,0,0,0.00387831,0.00389666,1.83501e-05
2185,0,0,0.00389601,0.0038875,-8.50973e-06
2186,0,0,0.00426376,0.0045444,0.000280632
2188,0,0,0.00364031,0.0036402,-1.08965e-07
2189,0,0,0.00388632,0.00388581,-5.04777e-07
2190,0,0,0.0039248,0.00392459,-2.09082e-07
2191,0,0,0.00442704,0.00439618,-3.08547e-05
2192,0.000754636,0.00376421,0.00423953,0.00430559,6.60601e-05
2196,0.00235379,0.0123551,0.00381368,0.00486854,0.00105486
