1341847981.6947 -0.0322 0.0000 -0.0122 0.0027 0.0120 0.0050 0.9999 29
1341847981.7266 -0.0346 0.0007 -0.0137 0.0024 0.0128 0.0055 0.9999 30
1341847981.7588 -0.0364 0.0007 -0.0142 0.0011 0.0127 0.0056 0.9999 31
1341847981.7947 -0.0382 0.0009 -0.0154 -0.0003 0.0128 0.0052 0.9999 32
1341847981.8267 -0.0403 0.0014 -0.0158 -0.0021 0.0133 0.0051 0.9999 33
1341847981.8627 -0.0432 0.0006 -0.0149 -0.0025 0.0138 0.0043 0.9999 34
1341847981.8946 -0.0446 0.0021 -0.0177 -0.0024 0.0124 0.0043 0.9999 35
1341847981.9266 -0.0464 0.0046 -0.0175 -0.0044 0.0117 0.0044 0.9999 36
1341847981.9628 -0.0480 0.0017 -0.0173 -0.0067 0.0115 0.0046 0.9999 37
1341847981.9948 -0.0499 0.0008 -0.0175 -0.0070 0.0116 0.0041 0.9999 38
1341847982.0271 -0.0517 0.0004 -0.0177 -0.0064 0.0114 0.0027 0.9999 39
1341847982.0627 -0.0529 0.0003 -0.0179 -0.0050 0.0108 0.0017 0.9999 40
1341847982.0948 -0.0546 0.0009 -0.0188 -0.0040 0.0104 0.0005 0.9999 41
1341847982.0948 -0.0546 0.0009 -0.0188 -0.0040 0.0104 0.0005 0.9999 42
1341847982.0948 -0.0546 0.0009 -0.0188 -0.0040 0.0104 0.0005 0.9999 43
1341847982.1947 -0.0563 0.0088 -0.0120 0.0033 0.0072 0.0019 1.0000 44
1341847982.2306 -0.0569 0.0052 -0.0109 0.0001 0.0091 0.0017 1.0000 45
1341847982.2627 -0.0582 0.0044 -0.0109 0.0010 0.0114 0.0007 0.9999 46
1341847982.2950 -0.0591 0.0042 -0.0109 0.0013 0.0138 -0.0003 0.9999 47
1341847982.3307 -0.0632 0.0042 -0.0097 0.0033 0.0165 0.0018 0.9999 48
1341847982.3627 -0.0657 0.0045 -0.0098 0.0065 0.0160 0.0055 0.9998 49
1341847982.3989 -0.0661 0.0049 -0.0107 0.0089 0.0135 0.0075 0.9998 50
1341847982.4308 -0.0647 0.0031 -0.0118 0.0089 0.0129 0.0085 0.9998 51
1341847982.4626 -0.0649 0.0029 -0.0120 0.0096 0.0156 0.0094 0.9998 52
1341847982.4986 -0.0668 0.0051 -0.0122 0.0104 0.0188 0.0095 0.9997 53
1341847982.5308 -0.0696 0.0048 -0.0111 0.0090 0.0212 0.0099 0.9997 54
1341847982.5308 -0.0696 0.0048 -0.0111 0.0090 0.0212 0.0099 0.9997 55
1341847982.5987 -0.0677 0.0013 -0.0138 0.0028 0.0232 0.0126 0.9996 56
1341847982.6307 -0.0700 0.0007 -0.0129 0.0019 0.0261 0.0125 0.9996 57
1341847982.6666 -0.0718 0.0010 -0.0126 0.0008 0.0288 0.0131 0.9995 58
1341847982.6986 -0.0737 0.0002 -0.0121 -0.0009 0.0321 0.0134 0.9994 59
1341847982.7307 -0.0770 -0.0005 -0.0105 -0.0021 0.0363 0.0131 0.9993 60
1341847982.7667 -0.0812 -0.0002 -0.0090 -0.0013 0.0395 0.0142 0.9991 61
1341847982.7987 -0.0843 0.0002 -0.0086 -0.0009 0.0414 0.0159 0.9990 62
1341847982.8347 -0.0882 -0.0015 -0.0071 -0.0006 0.0434 0.0159 0.9989 63
1341847982.8667 -0.0930 -0.0019 -0.0063 0.0020 0.0447 0.0170 0.9989 64
1341847982.8667 -0.0930 -0.0019 -0.0063 0.0020 0.0447 0.0170 0.9989 65
1341847982.8667 -0.0930 -0.0019 -0.0063 0.0020 0.0447 0.0170 0.9989 66
1341847982.8667 -0.0930 -0.0019 -0.0063 0.0020 0.0447 0.0170 0.9989 67
1341847982.9988 -0.1213 0.0028 -0.0113 0.0025 0.0481 0.0207 0.9986 68
1341847983.0347 -0.1272 0.0041 -0.0103 0.0018 0.0507 0.0204 0.9985 69
1341847983.0667 -0.1325 0.0045 -0.0098 0.0009 0.0510 0.0215 0.9985 70
1341847983.1028 -0.1368 0.0032 -0.0089 -0.0007 0.0512 0.0225 0.9984 71
1341847983.1347 -0.1418 0.0018 -0.0081 -0.0006 0.0516 0.0235 0.9984 72
1341847983.1667 -0.1467 0.0017 -0.0083 0.0007 0.0510 0.0246 0.9984 73
1341847983.2027 -0.1501 0.0031 -0.0089 0.0014 0.0493 0.0258 0.9984 74
1341847983.2347 -0.1535 0.0023 -0.0096 0.0003 0.0487 0.0266 0.9985 75
1341847983.2668 -0.1558 0.0021 -0.0108 -0.0023 0.0489 0.0259 0.9985 76
1341847983.3027 -0.1593 0.0013 -0.0098 -0.0051 0.0509 0.0252 0.9984 77
1341847983.3347 -0.1626 -0.0004 -0.0094 -0.0070 0.0534 0.0245 0.9982 78
1341847983.3709 -0.1686 -0.0017 -0.0070 -0.0072 0.0574 0.0235 0.9981 79
1341847983.4027 -0.1752 0.0002 -0.0071 -0.0050 0.0589 0.0247 0.9979 80
1341847983.4347 -0.1790 0.0018 -0.0077 -0.0055 0.0574 0.0278 0.9980 81
1341847983.4707 -0.1815 -0.0032 -0.0071 -0.0082 0.0567 0.0271 0.9980 82
1341847983.4707 -0.1815 -0.0032 -0.0071 -0.0082 0.0567 0.0271 0.9980 83
1341847983.5348 -0.1898 -0.0081 -0.0110 -0.0089 0.0637 0.0214 0.9977 84
1341847983.5348 -0.1898 -0.0081 -0.0110 -0.0089 0.0637 0.0214 0.9977 85
1341847983.6027 -0.2009 -0.0002 -0.0054 -0.0038 0.0673 0.0243 0.9974 86
1341847983.6387 -0.2054 -0.0016 -0.0077 -0.0031 0.0683 0.0245 0.9974 87
1341847983.6387 -0.2054 -0.0016 -0.0077 -0.0031 0.0683 0.0245 0.9974 88
1341847983.7029 -0.2177 -0.0013 -0.0074 0.0022 0.0720 0.0259 0.9971 89
1341847983.7029 -0.2177 -0.0013 -0.0074 0.0022 0.0720 0.0259 0.9971 90
1341847983.7707 -0.2320 -0.0006 -0.0096 0.0045 0.0727 0.0298 0.9969 91
1341847983.7707 -0.2320 -0.0006 -0.0096 0.0045 0.0727 0.0298 0.9969 92
1341847983.8387 -0.2427 -0.0017 -0.0116 0.0092 0.0752 0.0284 0.9967 93
1341847983.8387 -0.2427 -0.0017 -0.0116 0.0092 0.0752 0.0284 0.9967 94
1341847983.9067 -0.2576 0.0029 -0.0114 0.0128 0.0733 0.0353 0.9966 95
1341847983.9067 -0.2576 0.0029 -0.0114 0.0128 0.0733 0.0353 0.9966 96
1341847983.9708 -0.2675 0.0013 -0.0174 0.0100 0.0735 0.0349 0.9966 97
1341847984.0067 -0.2748 0.0022 -0.0177 0.0093 0.0767 0.0341 0.9964 98
1341847984.0387 -0.2799 0.0028 -0.0181 0.0078 0.0790 0.0341 0.9963 99
1341847984.0747 -0.2861 0.0042 -0.0184 0.0056 0.0822 0.0327 0.9961 100
1341847984.1068 -0.2929 0.0071 -0.0158 0.0025 0.0854 0.0318 0.9958 101
1341847984.1387 -0.2994 0.0062 -0.0135 0.0013 0.0875 0.0308 0.9957 102
1341847984.1387 -0.2994 0.0062 -0.0135 0.0013 0.0875 0.0308 0.9957 103
1341847984.2067 -0.3095 0.0141 -0.0140 -0.0025 0.0891 0.0282 0.9956 104
1341847984.2067 -0.3095 0.0141 -0.0140 -0.0025 0.0891 0.0282 0.9956 105
1341847984.2748 -0.3157 0.0140 -0.0127 -0.0061 0.0856 0.0291 0.9959 106
1341847984.3067 -0.3201 0.0143 -0.0107 -0.0087 0.0858 0.0290 0.9959 107
1341847984.3431 -0.3254 0.0142 -0.0073 -0.0105 0.0861 0.0291 0.9958 108
1341847984.3748 -0.3305 0.0155 -0.0051 -0.0115 0.0848 0.0306 0.9959 109
1341847984.4067 -0.3347 0.0154 -0.0026 -0.0140 0.0828 0.0323 0.9959 110
1341847984.4429 -0.3384 0.0128 0.0011 -0.0166 0.0825 0.0334 0.9959 111
1341847984.4429 -0.3384 0.0128 0.0011 -0.0166 0.0825 0.0334 0.9959 112
1341847984.5067 -0.3467 0.0109 0.0079 -0.0175 0.0838 0.0323 0.9958 113
1341847984.5427 -0.3519 0.0100 0.0113 -0.0178 0.0860 0.0332 0.9956 114
1341847984.5748 -0.3566 0.0100 0.0162 -0.0192 0.0895 0.0336 0.9952 115
1341847984.5748 -0.3566 0.0100 0.0162 -0.0192 0.0895 0.0336 0.9952 116
1341847984.6427 -0.3676 0.0079 0.0287 -0.0152 0.0905 0.0341 0.9952 117
1341847984.6748 -0.3706 0.0071 0.0326 -0.0145 0.0902 0.0354 0.9952 118
1341847984.7107 -0.3753 0.0025 0.0385 -0.0147 0.0906 0.0351 0.9952 119
1341847984.7434 -0.3779 0.0018 0.0425 -0.0113 0.0894 0.0352 0.9953 120
1341847984.7434 -0.3779 0.0018 0.0425 -0.0113 0.0894 0.0352 0.9953 121
1341847984.8106 -0.3845 -0.0030 0.0520 -0.0107 0.0908 0.0376 0.9951 122
1341847984.8106 -0.3845 -0.0030 0.0520 -0.0107 0.0908 0.0376 0.9951 123
1341847984.8788 -0.3929 -0.0043 0.0659 -0.0039 0.0929 0.0412 0.9948 124
1341847984.9106 -0.3958 -0.0029 0.0710 -0.0022 0.0927 0.0440 0.9947 125
1341847984.9106 -0.3958 -0.0029 0.0710 -0.0022 0.0927 0.0440 0.9947 126
1341847984.9792 -0.4021 -0.0097 0.0796 -0.0060 0.0895 0.0509 0.9947 127
1341847984.9792 -0.4021 -0.0097 0.0796 -0.0060 0.0895 0.0509 0.9947 128
1341847985.0466 -0.4009 -0.0148 0.0876 -0.0119 0.0912 0.0521 0.9944 129
1341847985.0787 -0.4029 -0.0168 0.0924 -0.0126 0.0950 0.0518 0.9940 130
1341847985.1108 -0.4046 -0.0179 0.0975 -0.0133 0.0979 0.0532 0.9937 131
1341847985.1468 -0.4062 -0.0212 0.1022 -0.0143 0.1007 0.0549 0.9933 132
1341847985.1787 -0.4081 -0.0245 0.1070 -0.0150 0.1041 0.0560 0.9929 133
1341847985.2108 -0.4101 -0.0287 0.1117 -0.0147 0.1067 0.0562 0.9926 134
1341847985.2467 -0.4108 -0.0294 0.1154 -0.0133 0.1092 0.0568 0.9923 135
1341847985.2789 -0.4129 -0.0334 0.1200 -0.0146 0.1128 0.0568 0.9919 136
1341847985.2789 -0.4129 -0.0334 0.1200 -0.0146 0.1128 0.0568 0.9919 137
1341847985.3468 -0.4191 -0.0369 0.1310 -0.0112 0.1195 0.0568 0.9912 138
1341847985.3788 -0.4206 -0.0384 0.1351 -0.0123 0.1208 0.0567 0.9910 139
1341847985.4146 -0.4236 -0.0420 0.1420 -0.0135 0.1246 0.0574 0.9905 140
1341847985.4469 -0.4257 -0.0437 0.1468 -0.0123 0.1274 0.0572 0.9901 141
1341847985.4787 -0.4274 -0.0442 0.1513 -0.0111 0.1290 0.0584 0.9899 142
1341847985.5147 -0.4290 -0.0472 0.1559 -0.0124 0.1308 0.0591 0.9896 143
1341847985.5468 -0.4305 -0.0503 0.1610 -0.0136 0.1339 0.0599 0.9891 144
1341847985.5826 -0.4331 -0.0530 0.1671 -0.0131 0.1375 0.0608 0.9886 145
1341847985.6148 -0.4349 -0.0538 0.1720 -0.0105 0.1395 0.0624 0.9882 146
1341847985.6471 -0.4371 -0.0577 0.1777 -0.0096 0.1422 0.0643 0.9877 147
1341847985.6828 -0.4395 -0.0596 0.1826 -0.0070 0.1448 0.0663 0.9872 148
1341847985.7147 -0.4422 -0.0620 0.1880 -0.0034 0.1465 0.0695 0.9868 149
1341847985.7470 -0.4446 -0.0649 0.1925 -0.0003 0.1481 0.0720 0.9863 150
1341847985.7828 -0.4472 -0.0679 0.1974 0.0024 0.1509 0.0739 0.9858 151
1341847985.7828 -0.4472 -0.0679 0.1974 0.0024 0.1509 0.0739 0.9858 152
1341847985.8507 -0.4529 -0.0727 0.2086 0.0162 0.1556 0.0805 0.9844 153
1341847985.8828 -0.4545 -0.0710 0.2141 0.0177 0.1560 0.0833 0.9841 154
1341847985.9150 -0.4563 -0.0776 0.2187 0.0126 0.1590 0.0856 0.9835 155
1341847985.9508 -0.4578 -0.0825 0.2230 0.0105 0.1638 0.0850 0.9828 156
1341847985.9827 -0.4600 -0.0841 0.2276 0.0117 0.1688 0.0848 0.9819 157
1341847986.0188 -0.4627 -0.0850 0.2318 0.0131 0.1718 0.0869 0.9812 158
1341847986.0520 -0.4646 -0.0862 0.2360 0.0131 0.1732 0.0900 0.9807 159
1341847986.0826 -0.4663 -0.0912 0.2407 0.0116 0.1749 0.0913 0.9803 160
1341847986.1187 -0.4669 -0.0938 0.2444 0.0100 0.1776 0.0908 0.9799 161
1341847986.1187 -0.4669 -0.0938 0.2444 0.0100 0.1776 0.0908 0.9799 162
1341847986.1826 -0.4702 -0.1016 0.2491 0.0050 0.1856 0.0923 0.9783 163
1341847986.2187 -0.4721 -0.1047 0.2523 0.0067 0.1887 0.0930 0.9776 164
1341847986.2506 -0.4732 -0.1073 0.2566 0.0077 0.1915 0.0949 0.9769 165
1341847986.2867 -0.4739 -0.1114 0.2612 0.0081 0.1946 0.0962 0.9761 166
1341847986.3262 -0.4747 -0.1140 0.2659 0.0106 0.1979 0.0974 0.9753 167
1341847986.3592 -0.4755 -0.1152 0.2701 0.0136 0.2010 0.0995 0.9744 168
1341847986.3945 -0.4760 -0.1164 0.2750 0.0143 0.2038 0.1013 0.9737 169
1341847986.4259 -0.4771 -0.1198 0.2803 0.0135 0.2071 0.1025 0.9728 170
1341847986.4577 -0.4777 -0.1216 0.2853 0.0129 0.2107 0.1035 0.9720 171
1341847986.4577 -0.4777 -0.1216 0.2853 0.0129 0.2107 0.1035 0.9720 172
1341847986.5258 -0.4776 -0.1229 0.2952 0.0154 0.2145 0.1069 0.9707 173
1341847986.5617 -0.4779 -0.1247 0.2996 0.0146 0.2165 0.1078 0.9702 174
1341847986.5937 -0.4787 -0.1288 0.3062 0.0120 0.2205 0.1078 0.9694 175
1341847986.6257 -0.4794 -0.1320 0.3126 0.0129 0.2243 0.1085 0.9684 176
1341847986.6619 -0.4805 -0.1317 0.3164 0.0157 0.2261 0.1109 0.9676 177
1341847986.6937 -0.4813 -0.1337 0.3215 0.0159 0.2271 0.1152 0.9669 178
1341847986.7259 -0.4822 -0.1352 0.3262 0.0170 0.2275 0.1206 0.9661 179
1341847986.7626 -0.4827 -0.1376 0.3310 0.0157 0.2278 0.1243 0.9656 180
1341847986.7938 -0.4825 -0.1406 0.3359 0.0116 0.2299 0.1267 0.9649 181
1341847986.8298 -0.4833 -0.1438 0.3418 0.0087 0.2334 0.1285 0.9638 182
1341847986.8298 -0.4833 -0.1438 0.3418 0.0087 0.2334 0.1285 0.9638 183
1341847986.8867 -0.4849 -0.1459 0.3477 0.0072 0.2341 0.1336 0.9630 184
1341847986.9227 -0.4859 -0.1489 0.3526 0.0045 0.2349 0.1372 0.9623 185
1341847986.9547 -0.4863 -0.1527 0.3584 0.0015 0.2369 0.1386 0.9616 186
1341847986.9906 -0.4869 -0.1548 0.3636 -0.0000 0.2396 0.1395 0.9608 187
1341847987.0229 -0.4879 -0.1562 0.3680 0.0000 0.2418 0.1418 0.9599 188
1341847987.0546 -0.4884 -0.1562 0.3710 -0.0006 0.2422 0.1446 0.9594 189
1341847987.0912 -0.4888 -0.1598 0.3767 -0.0038 0.2438 0.1462 0.9587 190
1341847987.1232 -0.4883 -0.1642 0.3816 -0.0070 0.2472 0.1454 0.9580 191
1341847987.1547 -0.4888 -0.1654 0.3850 -0.0084 0.2517 0.1433 0.9571 192
1341847987.1547 -0.4888 -0.1654 0.3850 -0.0084 0.2517 0.1433 0.9571 193
1341847987.2227 -0.4925 -0.1656 0.3947 -0.0095 0.2611 0.1450 0.9543 194
1341847987.2593 -0.4931 -0.1685 0.3992 -0.0115 0.2640 0.1463 0.9533 195
1341847987.2907 -0.4935 -0.1713 0.4046 -0.0135 0.2693 0.1457 0.9519 196
1341847987.3228 -0.4945 -0.1727 0.4093 -0.0135 0.2760 0.1444 0.9501 197
1341847987.3588 -0.4962 -0.1747 0.4151 -0.0124 0.2826 0.1421 0.9486 198
1341847987.3907 -0.4978 -0.1755 0.4189 -0.0089 0.2886 0.1396 0.9472 199
1341847987.4228 -0.4991 -0.1765 0.4218 -0.0066 0.2945 0.1377 0.9456 200
1341847987.4586 -0.5015 -0.1759 0.4274 -0.0025 0.3008 0.1380 0.9436 201
1341847987.4908 -0.5037 -0.1749 0.4323 0.0043 0.3045 0.1394 0.9422 202
1341847987.4908 -0.5037 -0.1749 0.4323 0.0043 0.3045 0.1394 0.9422 203
1341847987.5587 -0.5070 -0.1768 0.4409 0.0034 0.3118 0.1441 0.9392 204
1341847987.5908 -0.5096 -0.1748 0.4447 0.0096 0.3164 0.1462 0.9372 205
1341847987.6269 -0.5137 -0.1726 0.4472 0.0131 0.3191 0.1504 0.9356 206
1341847987.6589 -0.5150 -0.1727 0.4520 0.0126 0.3213 0.1532 0.9344 207
1341847987.6916 -0.5173 -0.1717 0.4575 0.0137 0.3238 0.1554 0.9332 208
1341847987.7267 -0.5186 -0.1721 0.4636 0.0144 0.3245 0.1577 0.9325 209
1341847987.7587 -0.5210 -0.1723 0.4663 0.0154 0.3249 0.1615 0.9317 210
1341847987.7947 -0.5229 -0.1718 0.4715 0.0165 0.3257 0.1655 0.9307 211
1341847987.8267 -0.5251 -0.1723 0.4764 0.0176 0.3258 0.1689 0.9301 212
1341847987.8267 -0.5251 -0.1723 0.4764 0.0176 0.3258 0.1689 0.9301 213
1341847987.8978 -0.5296 -0.1736 0.4862 0.0191 0.3265 0.1725 0.9291 214
1341847987.9337 -0.5314 -0.1758 0.4909 0.0192 0.3257 0.1727 0.9294 215
1341847987.9658 -0.5332 -0.1780 0.4949 0.0202 0.3263 0.1702 0.9296 216
1341847987.9978 -0.5357 -0.1779 0.4978 0.0223 0.3270 0.1681 0.9297 217
1341847988.0338 -0.5370 -0.1803 0.5029 0.0223 0.3290 0.1645 0.9296 218
1341847988.0657 -0.5392 -0.1805 0.5070 0.0260 0.3302 0.1608 0.9298 219
1341847988.0982 -0.5408 -0.1823 0.5101 0.0275 0.3309 0.1567 0.9302 220
1341847988.1338 -0.5426 -0.1830 0.5134 0.0287 0.3336 0.1532 0.9297 221
1341847988.1658 -0.5455 -0.1805 0.5159 0.0337 0.3347 0.1536 0.9291 222
1341847988.1658 -0.5455 -0.1805 0.5159 0.0337 0.3347 0.1536 0.9291 223
1341847988.2338 -0.5483 -0.1811 0.5223 0.0311 0.3324 0.1600 0.9290 224
1341847988.2657 -0.5484 -0.1832 0.5264 0.0296 0.3344 0.1595 0.9284 225
1341847988.3018 -0.5491 -0.1812 0.5269 0.0311 0.3352 0.1603 0.9279 226
1341847988.3337 -0.5503 -0.1806 0.5298 0.0298 0.3351 0.1641 0.9273 227
1341847988.3697 -0.5504 -0.1820 0.5338 0.0278 0.3359 0.1663 0.9267 228
1341847988.4017 -0.5524 -0.1808 0.5375 0.0301 0.3369 0.1700 0.9256 229
1341847988.4340 -0.5525 -0.1812 0.5405 0.0297 0.3359 0.1734 0.9253 230
1341847988.4697 -0.5526 -0.1835 0.5432 0.0288 0.3380 0.1723 0.9248 231
1341847988.5025 -0.5552 -0.1819 0.5435 0.0308 0.3404 0.1725 0.9238 232
1341847988.5378 -0.5579 -0.1798 0.5463 0.0322 0.3414 0.1770 0.9225 233
1341847988.5378 -0.5579 -0.1798 0.5463 0.0322 0.3414 0.1770 0.9225 234
1341847988.6018 -0.5609 -0.1830 0.5492 0.0248 0.3409 0.1773 0.9229 235
1341847988.6378 -0.5629 -0.1841 0.5515 0.0208 0.3439 0.1752 0.9223 236
1341847988.6698 -0.5648 -0.1840 0.5539 0.0196 0.3461 0.1741 0.9217 237
1341847988.7062 -0.5668 -0.1842 0.5549 0.0179 0.3473 0.1742 0.9213 238
1341847988.7379 -0.5691 -0.1847 0.5573 0.0176 0.3493 0.1764 0.9201 239
1341847988.7697 -0.5713 -0.1854 0.5594 0.0183 0.3499 0.1803 0.9191 240
1341847988.8061 -0.5737 -0.1870 0.5597 0.0184 0.3500 0.1825 0.9186 241
1341847988.8379 -0.5763 -0.1876 0.5590 0.0174 0.3508 0.1841 0.9180 242
1341847988.8739 -0.5787 -0.1894 0.5608 0.0145 0.3540 0.1842 0.9168 243
1341847988.9378 -0.5856 -0.1905 0.5625 0.0141 0.3582 0.1868 0.9147 244
1341847988.9668 -0.5888 -0.1919 0.5639 0.0120 0.3601 0.1893 0.9134 245
1341847988.9668 -0.5888 -0.1919 0.5639 0.0120 0.3601 0.1893 0.9134 246
1341847989.0347 -0.5965 -0.1917 0.5659 0.0125 0.3606 0.1951 0.9120 247
1341847989.0667 -0.5991 -0.1950 0.5683 0.0086 0.3622 0.1949 0.9114 248
1341847989.0988 -0.6018 -0.1971 0.5709 0.0094 0.3640 0.1932 0.9111 249
1341847989.1347 -0.6061 -0.1985 0.5717 0.0132 0.3635 0.1941 0.9110 250
1341847989.1667 -0.6100 -0.2012 0.5730 0.0154 0.3636 0.1952 0.9108 251
1341847989.2027 -0.6150 -0.2020 0.5728 0.0191 0.3615 0.1954 0.9115 252
1341847989.2347 -0.6195 -0.2047 0.5738 0.0207 0.3592 0.1955 0.9123 253
1341847989.2667 -0.6242 -0.2069 0.5734 0.0211 0.3574 0.1937 0.9134 254
1341847989.3028 -0.6290 -0.2089 0.5743 0.0201 0.3564 0.1895 0.9147 255
1341847989.3028 -0.6290 -0.2089 0.5743 0.0201 0.3564 0.1895 0.9147 256
1341847989.3667 -0.6366 -0.2129 0.5756 0.0148 0.3543 0.1808 0.9174 257
1341847989.4028 -0.6400 -0.2159 0.5772 0.0109 0.3562 0.1754 0.9177 258
1341847989.4348 -0.6426 -0.2174 0.5776 0.0120 0.3569 0.1716 0.9182 259
1341847989.4707 -0.6477 -0.2169 0.5745 0.0130 0.3554 0.1701 0.9190 260
1341847989.5026 -0.6507 -0.2202 0.5759 0.0088 0.3569 0.1698 0.9185 261
1341847989.5347 -0.6542 -0.2214 0.5778 0.0105 0.3573 0.1716 0.9180 262
1341847989.5707 -0.6579 -0.2223 0.5752 0.0106 0.3556 0.1720 0.9186 263
1341847989.6028 -0.6596 -0.2265 0.5771 0.0057 0.3584 0.1701 0.9179 264
1341847989.6347 -0.6626 -0.2275 0.5773 0.0072 0.3618 0.1668 0.9172 265
1341847989.6347 -0.6626 -0.2275 0.5773 0.0072 0.3618 0.1668 0.9172 266
1341847989.7026 -0.6707 -0.2302 0.5788 0.0053 0.3665 0.1666 0.9154 267
1341847989.7389 -0.6740 -0.2317 0.5790 0.0044 0.3688 0.1652 0.9147 268
1341847989.7707 -0.6781 -0.2315 0.5776 0.0040 0.3705 0.1654 0.9140 269
1341847989.8029 -0.6817 -0.2322 0.5789 0.0029 0.3723 0.1661 0.9131 270
1341847989.8388 -0.6856 -0.2339 0.5798 0.0018 0.3738 0.1670 0.9123 271
1341847989.8710 -0.6890 -0.2366 0.5810 0.0010 0.3766 0.1652 0.9115 272
1341847989.9027 -0.6955 -0.2374 0.5807 0.0028 0.3789 0.1649 0.9106 273
1341847989.9389 -0.6998 -0.2365 0.5825 0.0045 0.3789 0.1682 0.9100 274
1341847989.9707 -0.7041 -0.2385 0.5829 0.0054 0.3776 0.1698 0.9102 275
1341847990.0069 -0.7100 -0.2396 0.5813 0.0062 0.3785 0.1699 0.9098 276
1341847990.0069 -0.7100 -0.2396 0.5813 0.0062 0.3785 0.1699 0.9098 277
1341847990.0707 -0.7196 -0.2395 0.5835 0.0090 0.3810 0.1691 0.9089 278
1341847990.1067 -0.7248 -0.2406 0.5830 0.0092 0.3811 0.1693 0.9088 279
1341847990.1392 -0.7296 -0.2417 0.5840 0.0096 0.3824 0.1701 0.9082 280
1341847990.1711 -0.7345 -0.2431 0.5853 0.0116 0.3817 0.1705 0.9083 281
1341847990.2070 -0.7406 -0.2434 0.5843 0.0148 0.3797 0.1723 0.9088 282
1341847990.2389 -0.7457 -0.2445 0.5839 0.0146 0.3788 0.1740 0.9089 283
1341847990.2747 -0.7501 -0.2461 0.5862 0.0154 0.3790 0.1744 0.9087 284
1341847990.3067 -0.7558 -0.2463 0.5848 0.0166 0.3775 0.1738 0.9094 285
1341847990.3391 -0.7602 -0.2472 0.5855 0.0152 0.3777 0.1739 0.9093 286
1341847990.3747 -0.7647 -0.2481 0.5873 0.0153 0.3781 0.1736 0.9092 287
1341847990.3747 -0.7647 -0.2481 0.5873 0.0153 0.3781 0.1736 0.9092 288
1341847990.4426 -0.7745 -0.2493 0.5866 0.0130 0.3765 0.1770 0.9093 289
1341847990.4746 -0.7777 -0.2508 0.5892 0.0125 0.3767 0.1770 0.9092 290
1341847990.5068 -0.7811 -0.2493 0.5850 0.0132 0.3755 0.1771 0.9097 291
1341847990.5428 -0.7847 -0.2505 0.5867 0.0112 0.3771 0.1801 0.9084 292
1341847990.5747 -0.7884 -0.2479 0.5860 0.0153 0.3757 0.1849 0.9080 293
1341847990.6068 -0.7886 -0.2477 0.5867 0.0150 0.3759 0.1847 0.9079 294
1341847990.6428 -0.7947 -0.2490 0.5852 0.0120 0.3771 0.1841 0.9076 295
1341847990.6748 -0.7983 -0.2528 0.5890 0.0097 0.3807 0.1865 0.9056 296
1341847990.6748 -0.7983 -0.2528 0.5890 0.0097 0.3807 0.1865 0.9056 297
1341847990.7427 -0.8063 -0.2536 0.5903 0.0111 0.3805 0.1943 0.9041 298
1341847990.7747 -0.8082 -0.2559 0.5937 0.0097 0.3819 0.1969 0.9029 299
1341847990.8108 -0.8124 -0.2574 0.5962 0.0113 0.3851 0.1971 0.9015 300
1341847990.8427 -0.8144 -0.2581 0.5963 0.0109 0.3860 0.1983 0.9008 301
1341847990.8747 -0.8188 -0.2587 0.5984 0.0103 0.3883 0.1999 0.8995 302
1341847990.9108 -0.8217 -0.2600 0.5996 0.0099 0.3904 0.2001 0.8986 303
1341847990.9427 -0.8243 -0.2607 0.6000 0.0085 0.3924 0.2001 0.8977 304
1341847990.9788 -0.8264 -0.2627 0.6028 0.0065 0.3957 0.1998 0.8963 305
1341847991.0108 -0.8288 -0.2635 0.6046 0.0082 0.3976 0.2002 0.8954 306
1341847991.0108 -0.8288 -0.2635 0.6046 0.0082 0.3976 0.2002 0.8954 307
1341847991.0787 -0.8334 -0.2664 0.6092 0.0088 0.4020 0.2031 0.8928 308
1341847991.1113 -0.8362 -0.2672 0.6113 0.0111 0.4035 0.2053 0.8916 309
1341847991.1428 -0.8386 -0.2683 0.6127 0.0113 0.4047 0.2058 0.8909 310
1341847991.1788 -0.8386 -0.2688 0.6134 0.0111 0.4050 0.2060 0.8908 311
1341847991.2107 -0.8439 -0.2723 0.6190 0.0121 0.4101 0.2070 0.8882 312
1341847991.2468 -0.8475 -0.2732 0.6206 0.0127 0.4114 0.2064 0.8877 313
1341847991.2787 -0.8499 -0.2751 0.6242 0.0126 0.4142 0.2071 0.8862 314
1341847991.3108 -0.8557 -0.2701 0.6194 0.0216 0.4129 0.2118 0.8856 315
1341847991.3467 -0.8594 -0.2756 0.6282 0.0203 0.4146 0.2140 0.8842 316
1341847991.3467 -0.8594 -0.2756 0.6282 0.0203 0.4146 0.2140 0.8842 317
1341847991.4147 -0.8627 -0.2788 0.6279 0.0188 0.4105 0.2258 0.8833 318
1341847991.4467 -0.8653 -0.2827 0.6358 0.0129 0.4155 0.2228 0.8818 319
1341847991.4788 -0.8620 -0.2846 0.6404 0.0113 0.4186 0.2250 0.8798 320
1341847991.5147 -0.8701 -0.2825 0.6361 0.0139 0.4192 0.2285 0.8786 321
1341847991.5467 -0.8714 -0.2837 0.6441 0.0133 0.4228 0.2292 0.8767 322
1341847991.5788 -0.8714 -0.2837 0.6441 0.0133 0.4228 0.2292 0.8767 323
1341847991.6149 -0.8714 -0.2837 0.6441 0.0133 0.4228 0.2292 0.8767 324
1341847991.6467 -0.8712 -0.2840 0.6441 0.0133 0.4227 0.2293 0.8767 325
1341847991.6899 -0.8545 -0.2958 0.6481 0.0094 0.4266 0.2400 0.8720 326
1341847991.6899 -0.8545 -0.2958 0.6481 0.0094 0.4266 0.2400 0.8720 327
1341847991.7468 -0.8545 -0.2958 0.6478 0.0094 0.4266 0.2400 0.8720 328
1341847991.7827 -0.8546 -0.2957 0.6480 0.0094 0.4266 0.2400 0.8720 329
1341847991.8147 -0.8478 -0.2961 0.6441 0.0091 0.4258 0.2441 0.8712 330
1341847991.8467 -0.8478 -0.2961 0.6441 0.0091 0.4258 0.2441 0.8712 331
1341847991.8828 -0.8445 -0.2908 0.6379 0.0134 0.4248 0.2468 0.8709 332
1341847991.9158 -0.8445 -0.2908 0.6379 0.0134 0.4248 0.2468 0.8709 333
1341847991.9508 -0.8445 -0.2908 0.6379 0.0134 0.4248 0.2468 0.8709 334
1341847991.9828 -0.8444 -0.2908 0.6375 0.0133 0.4247 0.2468 0.8709 335
1341847992.0147 -0.8436 -0.2913 0.6336 0.0138 0.4250 0.2465 0.8709 336
1341847992.0147 -0.8436 -0.2913 0.6336 0.0138 0.4250 0.2465 0.8709 337
1341847992.0828 -0.8451 -0.2899 0.6353 0.0147 0.4261 0.2461 0.8704 338
1341847992.1148 -0.8473 -0.2891 0.6385 0.0173 0.4288 0.2464 0.8690 339
1341847992.1508 -0.8487 -0.2885 0.6380 0.0181 0.4289 0.2468 0.8688 340
1341847992.1828 -0.8515 -0.2874 0.6384 0.0193 0.4301 0.2467 0.8682 341
1341847992.2187 -0.8515 -0.2874 0.6384 0.0193 0.4301 0.2467 0.8682 342
1341847992.2507 -0.8577 -0.2861 0.6396 0.0237 0.4333 0.2488 0.8659 343
1341847992.2829 -0.8594 -0.2857 0.6421 0.0258 0.4356 0.2489 0.8647 344
1341847992.3187 -0.8603 -0.2856 0.6429 0.0264 0.4368 0.2489 0.8640 345
1341847992.3507 -0.8602 -0.2862 0.6422 0.0263 0.4369 0.2491 0.8639 346
1341847992.3507 -0.8602 -0.2862 0.6422 0.0263 0.4369 0.2491 0.8639 347
1341847992.4189 -0.8603 -0.2868 0.6417 0.0264 0.4371 0.2497 0.8637 348
1341847992.4508 -0.8603 -0.2868 0.6417 0.0264 0.4371 0.2497 0.8637 349
1341847992.4508 -0.8603 -0.2868 0.6417 0.0264 0.4371 0.2497 0.8637 350
1341847992.5187 -0.9397 -0.3381 0.7043 0.0176 0.5031 0.2700 0.8208 351
1341847992.5506 -0.9416 -0.3442 0.7093 0.0142 0.5061 0.2683 0.8196 352
1341847992.5867 -0.9479 -0.3430 0.7100 0.0164 0.5069 0.2710 0.8181 353
1341847992.6188 -0.9498 -0.3468 0.7155 0.0135 0.5086 0.2711 0.8171 354
1341847992.6547 -0.9529 -0.3473 0.7197 0.0136 0.5108 0.2728 0.8151 355
1341847992.6868 -0.9575 -0.3515 0.7222 0.0121 0.5113 0.2737 0.8145 356
1341847992.7187 -0.9569 -0.3458 0.7278 0.0166 0.5135 0.2730 0.8133 357
1341847992.7548 -0.9568 -0.3459 0.7279 0.0166 0.5137 0.2730 0.8132 358
1341847992.7866 -0.9605 -0.3481 0.7291 0.0174 0.5140 0.2761 0.8120 359
1341847992.7866 -0.9605 -0.3481 0.7291 0.0174 0.5140 0.2761 0.8120 360
1341847992.8549 -0.9642 -0.3462 0.7319 0.0178 0.5150 0.2751 0.8116 361
1341847992.8866 -0.9676 -0.3502 0.7388 0.0121 0.5187 0.2750 0.8094 362
1341847992.9227 -0.9705 -0.3525 0.7384 0.0127 0.5183 0.2779 0.8087 363
1341847992.9546 -0.9726 -0.3537 0.7403 0.0119 0.5193 0.2779 0.8081 364
1341847992.9867 -0.9748 -0.3550 0.7448 0.0123 0.5223 0.2782 0.8060 365
1341847993.0227 -0.9773 -0.3569 0.7469 0.0118 0.5230 0.2789 0.8054 366
1341847993.0548 -0.9884 -0.3648 0.7465 0.0087 0.5231 0.2806 0.8047 367
1341847993.0868 -0.9890 -0.3641 0.7560 0.0101 0.5256 0.2801 0.8032 368
1341847993.1227 -0.9845 -0.3644 0.7643 0.0056 0.5301 0.2766 0.8015 369
1341847993.1227 -0.9845 -0.3644 0.7643 0.0056 0.5301 0.2766 0.8015 370
1341847993.1908 -0.9831 -0.3684 0.7736 0.0035 0.5348 0.2774 0.7981 371
1341847993.2227 -0.9811 -0.3740 0.7751 0.0021 0.5369 0.2796 0.7960 372
1341847993.2618 -0.9815 -0.3739 0.7741 0.0023 0.5366 0.2796 0.7962 373
1341847993.2915 -0.9823 -0.3745 0.7730 0.0045 0.5359 0.2813 0.7960 374
1341847993.3228 -0.9828 -0.3742 0.7739 0.0055 0.5364 0.2815 0.7956 375
1341847993.3547 -0.9829 -0.3751 0.7722 0.0061 0.5361 0.2823 0.7955 376
1341847993.3907 -0.9829 -0.3752 0.7722 0.0062 0.5361 0.2823 0.7955 377
1341847993.4227 -0.9822 -0.3787 0.7724 0.0067 0.5370 0.2844 0.7942 378
1341847993.4588 -0.9822 -0.3787 0.7724 0.0067 0.5370 0.2844 0.7942 379
1341847993.4588 -0.9822 -0.3787 0.7724 0.0067 0.5370 0.2844 0.7942 380
1341847993.5227 -0.9795 -0.3914 0.7855 0.0071 0.5452 0.2910 0.7861 381
1341847993.5587 -0.9814 -0.3962 0.7970 0.0040 0.5507 0.2928 0.7817 382
1341847993.5910 -0.9836 -0.3974 0.7991 0.0002 0.5508 0.2928 0.7816 383
1341847993.6268 -0.9861 -0.3981 0.8005 -0.0048 0.5507 0.2915 0.7822 384
1341847993.6589 -0.9871 -0.4022 0.8036 -0.0133 0.5508 0.2903 0.7824 385
1341847993.6907 -0.9892 -0.4045 0.8203 -0.0213 0.5546 0.2882 0.7803 386
1341847993.7271 -0.9898 -0.4139 0.8277 -0.0287 0.5564 0.2895 0.7783 387
1341847993.7587 -0.9906 -0.4192 0.8260 -0.0283 0.5566 0.2927 0.7770 388
1341847993.7909 -0.9910 -0.4187 0.8268 -0.0282 0.5569 0.2925 0.7769 389
1341847993.7909 -0.9910 -0.4187 0.8268 -0.0282 0.5569 0.2925 0.7769 390
1341847993.8589 -0.9968 -0.4258 0.8311 -0.0262 0.5580 0.2979 0.7741 391
1341847993.9017 -0.9968 -0.4260 0.8309 -0.0261 0.5579 0.2981 0.7741 392
1341847993.9337 -0.9971 -0.4285 0.8307 -0.0256 0.5579 0.2998 0.7734 393
1341847993.9658 -0.9975 -0.4282 0.8307 -0.0251 0.5579 0.2999 0.7734 394
1341847994.0020 -0.9976 -0.4284 0.8322 -0.0253 0.5582 0.3000 0.7732 395
1341847994.0340 -0.9975 -0.4288 0.8320 -0.0254 0.5581 0.3001 0.7732 396
1341847994.0657 -0.9971 -0.4319 0.8325 -0.0250 0.5583 0.3018 0.7724 397
1341847994.1018 -0.9968 -0.4328 0.8328 -0.0253 0.5584 0.3021 0.7722 398
1341847994.1339 -0.9952 -0.4421 0.8398 -0.0220 0.5611 0.3075 0.7681 399
1341847994.1339 -0.9952 -0.4421 0.8398 -0.0220 0.5611 0.3075 0.7681 400
1341847994.2017 -0.9947 -0.4474 0.8434 -0.0187 0.5641 0.3109 0.7648 401
1341847994.2336 -0.9938 -0.4534 0.8476 -0.0151 0.5671 0.3146 0.7611 402
1341847994.2697 -0.9966 -0.4545 0.8519 -0.0085 0.5699 0.3177 0.7578 403
1341847994.3018 -0.9966 -0.4545 0.8519 -0.0085 0.5699 0.3177 0.7578 404
1341847994.3338 -1.0037 -0.4428 0.8689 0.0090 0.5780 0.3176 0.7516 405
1341847994.3697 -1.0070 -0.4393 0.8706 0.0140 0.5797 0.3167 0.7506 406
1341847994.4017 -1.0092 -0.4392 0.8693 0.0185 0.5805 0.3176 0.7496 407
1341847994.4338 -1.0124 -0.4371 0.8684 0.0239 0.5811 0.3183 0.7486 408
1341847994.4697 -1.0124 -0.4370 0.8683 0.0239 0.5811 0.3182 0.7487 409
1341847994.4697 -1.0124 -0.4370 0.8683 0.0239 0.5811 0.3182 0.7487 410
1341847994.5377 -1.0155 -0.4335 0.8795 0.0335 0.5863 0.3199 0.7435 411
1341847994.5697 -1.0182 -0.4284 0.8869 0.0372 0.5891 0.3187 0.7416 412
1341847994.6017 -1.0196 -0.4242 0.8959 0.0384 0.5925 0.3169 0.7397 413
1341847994.6378 -1.0196 -0.4234 0.8988 0.0381 0.5938 0.3161 0.7389 414
1341847994.6697 -1.0202 -0.4213 0.9066 0.0362 0.5965 0.3139 0.7378 415
1341847994.7016 -1.0180 -0.4259 0.9197 0.0257 0.6018 0.3113 0.7350 416
1341847994.7698 -1.0180 -0.4259 0.9197 0.0257 0.6018 0.3113 0.7350 417
1341847994.7988 -1.0102 -0.4412 0.9287 0.0170 0.6072 0.3142 0.7296 418
1341847994.7988 -1.0102 -0.4412 0.9287 0.0170 0.6072 0.3142 0.7296 419
1341847994.8668 -1.0498 -0.4891 0.9577 0.0015 0.6176 0.3297 0.7140 420
1341847994.8668 -1.0498 -0.4891 0.9577 0.0015 0.6176 0.3297 0.7140 421
1341847994.9307 -1.0530 -0.4798 0.9673 0.0082 0.6193 0.3316 0.7116 422
1341847994.9667 -1.0530 -0.4798 0.9673 0.0082 0.6193 0.3316 0.7116 423
1341847994.9987 -1.0493 -0.4814 0.9731 0.0057 0.6227 0.3304 0.7093 424
1341847995.0308 -1.0493 -0.4814 0.9731 0.0057 0.6227 0.3304 0.7093 425
1341847995.0667 -1.0493 -0.4814 0.9731 0.0057 0.6227 0.3304 0.7093 426
1341847995.0667 -1.0493 -0.4814 0.9731 0.0057 0.6227 0.3304 0.7093 427
1341847995.1349 -1.0541 -0.4973 0.9823 0.0059 0.6324 0.3414 0.6953 428
1341847995.1666 -1.0541 -0.4973 0.9823 0.0059 0.6324 0.3414 0.6953 429
1341847995.1988 -1.0541 -0.4973 0.9823 0.0059 0.6324 0.3414 0.6953 430
1341847995.2347 -1.0540 -0.4973 0.9824 0.0060 0.6324 0.3415 0.6953 431
1341847995.2668 -1.0505 -0.5027 0.9832 0.0061 0.6330 0.3430 0.6940 432
1341847995.2988 -1.0504 -0.5028 0.9832 0.0063 0.6330 0.3431 0.6940 433
1341847995.3347 -1.0502 -0.5025 0.9830 0.0063 0.6331 0.3429 0.6940 434
1341847995.3667 -1.0502 -0.5025 0.9830 0.0063 0.6331 0.3429 0.6940 435
1341847995.4028 -1.0475 -0.5065 0.9828 0.0056 0.6335 0.3439 0.6931 436
1341847995.4028 -1.0475 -0.5065 0.9828 0.0056 0.6335 0.3439 0.6931 437
1341847995.4668 -1.0475 -0.5065 0.9828 0.0056 0.6335 0.3439 0.6931 438
1341847995.5027 -1.0475 -0.5065 0.9828 0.0056 0.6335 0.3439 0.6931 439
1341847995.5348 -1.0414 -0.5176 0.9915 0.0052 0.6380 0.3476 0.6871 440
1341847995.5667 -1.0414 -0.5177 0.9915 0.0052 0.6380 0.3476 0.6871 441
1341847995.6027 -1.0414 -0.5177 0.9914 0.0051 0.6380 0.3476 0.6871 442
1341847995.6348 -1.0401 -0.5208 0.9920 0.0056 0.6386 0.3493 0.6856 443
1341847995.6348 -1.0401 -0.5208 0.9920 0.0056 0.6386 0.3493 0.6856 444
1341847995.7028 -1.0552 -0.5224 1.0452 0.0138 0.6545 0.3612 0.6641 445
1341847995.7348 -1.0509 -0.5249 1.0500 0.0082 0.6565 0.3604 0.6626 446
1341847995.7707 -1.0509 -0.5249 1.0500 0.0082 0.6565 0.3604 0.6626 447
1341847995.8028 -1.0509 -0.5249 1.0500 0.0082 0.6565 0.3604 0.6626 448
1341847995.8388 -1.0508 -0.5251 1.0500 0.0081 0.6565 0.3604 0.6626 449
1341847995.8706 -1.0507 -0.5254 1.0499 0.0080 0.6565 0.3605 0.6625 450
1341847995.9028 -1.0507 -0.5254 1.0499 0.0080 0.6565 0.3605 0.6625 451
1341847995.9387 -1.0475 -0.5286 1.0541 0.0063 0.6584 0.3614 0.6602 452
1341847995.9707 -1.0475 -0.5286 1.0541 0.0063 0.6584 0.3614 0.6602 453
1341847995.9707 -1.0475 -0.5286 1.0541 0.0063 0.6584 0.3614 0.6602 454
1341847996.0388 -1.0475 -0.5286 1.0541 0.0063 0.6584 0.3614 0.6602 455
1341847996.0707 -1.0465 -0.5301 1.0528 0.0055 0.6584 0.3616 0.6601 456
1341847996.1067 -1.0449 -0.5324 1.0516 0.0039 0.6585 0.3618 0.6599 457
1341847996.1388 -1.0389 -0.5384 1.0482 -0.0016 0.6578 0.3619 0.6605 458
1341847996.1707 -1.0347 -0.5407 1.0474 -0.0049 0.6577 0.3610 0.6611 459
1341847996.2066 -1.0259 -0.5474 1.0449 -0.0154 0.6578 0.3582 0.6624 460
1341847996.2390 -1.0225 -0.5511 1.0404 -0.0207 0.6574 0.3574 0.6631 461
1341847996.2708 -1.0225 -0.5511 1.0403 -0.0207 0.6574 0.3574 0.6631 462
1341847996.3066 -1.0225 -0.5511 1.0403 -0.0207 0.6574 0.3574 0.6631 463
1341847996.3066 -1.0225 -0.5511 1.0403 -0.0207 0.6574 0.3574 0.6631 464
1341847996.3747 -1.0214 -0.5522 1.0390 -0.0228 0.6573 0.3570 0.6633 465
1341847996.4067 -1.0211 -0.5529 1.0382 -0.0235 0.6572 0.3571 0.6633 466
1341847996.4386 -1.0207 -0.5534 1.0377 -0.0241 0.6572 0.3570 0.6634 467
1341847996.4748 -1.0207 -0.5534 1.0376 -0.0241 0.6572 0.3570 0.6634 468
1341847996.4748 -1.0207 -0.5534 1.0376 -0.0241 0.6572 0.3570 0.6634 469
1341847996.5388 -1.0540 -0.5534 1.0843 0.0185 0.6923 0.3766 0.6153 470
1341847996.5748 -1.0521 -0.5481 1.0893 0.0208 0.6950 0.3759 0.6125 471
1341847996.6071 -1.0521 -0.5481 1.0893 0.0208 0.6950 0.3759 0.6125 472
1341847996.6428 -1.0512 -0.5443 1.0937 0.0206 0.6973 0.3747 0.6107 473
1341847996.6748 -1.0523 -0.5366 1.0989 0.0195 0.6997 0.3718 0.6097 474
1341847996.7069 -1.0523 -0.5364 1.0992 0.0195 0.6998 0.3717 0.6097 475
1341847996.7427 -1.0517 -0.5306 1.1034 0.0188 0.7018 0.3696 0.6087 476
1341847996.7747 -1.0510 -0.5249 1.1042 0.0181 0.7034 0.3676 0.6081 477
1341847996.8068 -1.0512 -0.5238 1.1046 0.0181 0.7038 0.3673 0.6078 478
1341847996.8068 -1.0512 -0.5238 1.1046 0.0181 0.7038 0.3673 0.6078 479
1341847996.8748 -1.0484 -0.5151 1.1160 0.0176 0.7099 0.3636 0.6029 480
1341847996.9108 -1.0483 -0.5152 1.1164 0.0178 0.7100 0.3637 0.6027 481
1341847996.9427 -1.0483 -0.5152 1.1164 0.0178 0.7100 0.3637 0.6027 482
1341847996.9748 -1.0483 -0.5152 1.1164 0.0178 0.7100 0.3637 0.6027 483
1341847997.0107 -1.0481 -0.5151 1.1168 0.0178 0.7101 0.3637 0.6026 484
1341847997.0107 -1.0481 -0.5151 1.1168 0.0178 0.7101 0.3637 0.6026 485
1341847997.0787 -1.0682 -0.5774 1.1392 0.0144 0.7101 0.3914 0.5851 486
1341847997.1107 -1.0682 -0.5774 1.1392 0.0144 0.7101 0.3914 0.5851 487
1341847997.1430 -1.0682 -0.5774 1.1392 0.0144 0.7101 0.3914 0.5851 488
1341847997.1788 -1.0685 -0.5777 1.1385 0.0145 0.7099 0.3916 0.5852 489
1341847997.2109 -1.0685 -0.5778 1.1385 0.0144 0.7099 0.3917 0.5852 490
1341847997.2430 -1.0686 -0.5777 1.1384 0.0144 0.7099 0.3917 0.5852 491
1341847997.2788 -1.0686 -0.5777 1.1384 0.0144 0.7099 0.3917 0.5852 492
1341847997.3114 -1.0686 -0.5777 1.1384 0.0144 0.7099 0.3917 0.5852 493
1341847997.3466 -1.0687 -0.5776 1.1384 0.0142 0.7099 0.3916 0.5853 494
1341847997.3466 -1.0687 -0.5776 1.1384 0.0142 0.7099 0.3916 0.5853 495
1341847997.4108 -1.0699 -0.5806 1.1385 0.0162 0.7084 0.3944 0.5852 496
1341847997.4108 -1.0699 -0.5806 1.1385 0.0162 0.7084 0.3944 0.5852 497
1341847997.4788 -1.0683 -0.6025 1.1846 0.0105 0.7201 0.3852 0.5770 498
1341847997.5109 -1.0683 -0.6026 1.1846 0.0105 0.7201 0.3852 0.5770 499
1341847997.5466 -1.0677 -0.6035 1.1848 0.0104 0.7202 0.3852 0.5769 500
1341847997.5466 -1.0677 -0.6035 1.1848 0.0104 0.7202 0.3852 0.5769 501
1341847997.6147 -1.0657 -0.6122 1.1970 0.0098 0.7296 0.3823 0.5669 502
1341847997.6470 -1.0652 -0.6132 1.1966 0.0098 0.7297 0.3825 0.5668 503
1341847997.6788 -1.0609 -0.6231 1.1995 0.0130 0.7308 0.3860 0.5628 504
1341847997.7146 -1.0595 -0.6270 1.2047 0.0184 0.7318 0.3882 0.5598 505
1341847997.7466 -1.0593 -0.6271 1.2049 0.0184 0.7319 0.3882 0.5598 506
1341847997.7466 -1.0593 -0.6271 1.2049 0.0184 0.7319 0.3882 0.5598 507
1341847997.8146 -1.0535 -0.6349 1.2207 0.0129 0.7430 0.3756 0.5538 508
1341847997.8469 -1.0535 -0.6353 1.2204 0.0129 0.7429 0.3758 0.5538 509
1341847997.8826 -1.0535 -0.6355 1.2202 0.0128 0.7429 0.3758 0.5538 510
1341847997.9152 -1.0534 -0.6356 1.2201 0.0128 0.7429 0.3759 0.5538 511
1341847997.9152 -1.0534 -0.6356 1.2201 0.0128 0.7429 0.3759 0.5538 512
1341847997.9827 -1.0430 -0.6402 1.2441 0.0214 0.7473 0.3802 0.5446 513
1341847998.0149 -1.0430 -0.6402 1.2441 0.0214 0.7473 0.3802 0.5446 514
1341847998.0508 -1.0430 -0.6402 1.2441 0.0214 0.7473 0.3802 0.5446 515
1341847998.0826 -1.0430 -0.6402 1.2441 0.0214 0.7473 0.3802 0.5446 516
1341847998.0826 -1.0430 -0.6402 1.2441 0.0214 0.7473 0.3802 0.5446 517
1341847998.1541 -1.0335 -0.6541 1.2643 0.0277 0.7453 0.3870 0.5422 518
1341847998.1541 -1.0335 -0.6541 1.2643 0.0277 0.7453 0.3870 0.5422 519
1341847998.2538 -1.0289 -0.6578 1.2713 0.0248 0.7440 0.3876 0.5437 520
1341847998.2831 -1.0289 -0.6578 1.2713 0.0248 0.7440 0.3876 0.5437 521
1341847998.3188 -1.0289 -0.6577 1.2715 0.0246 0.7440 0.3875 0.5438 522
1341847998.3188 -1.0289 -0.6577 1.2715 0.0246 0.7440 0.3875 0.5438 523
1341847998.3188 -1.0289 -0.6577 1.2715 0.0246 0.7440 0.3875 0.5438 524
1341847998.4192 -1.0174 -0.6720 1.2938 0.0185 0.7401 0.3858 0.5506 525
1341847998.4192 -1.0174 -0.6720 1.2938 0.0185 0.7401 0.3858 0.5506 526
1341847998.4192 -1.0174 -0.6720 1.2938 0.0185 0.7401 0.3858 0.5506 527
1341847998.5187 -1.0129 -0.6778 1.3074 0.0111 0.7381 0.3833 0.5552 528
1341847998.5187 -1.0129 -0.6778 1.3074 0.0111 0.7381 0.3833 0.5552 529
1341847998.5867 -1.0111 -0.6820 1.3159 0.0061 0.7364 0.3821 0.5583 530
1341847998.6188 -1.0111 -0.6820 1.3159 0.0061 0.7364 0.3821 0.5583 531
1341847998.6188 -1.0111 -0.6820 1.3159 0.0061 0.7364 0.3821 0.5583 532
1341847998.6869 -1.0099 -0.6848 1.3355 0.0005 0.7371 0.3801 0.5588 533
1341847998.7187 -1.0099 -0.6848 1.3355 0.0005 0.7371 0.3801 0.5588 534
1341847998.7508 -1.0099 -0.6848 1.3355 0.0005 0.7371 0.3801 0.5588 535
1341847998.7868 -1.0103 -0.6841 1.3356 0.0003 0.7372 0.3798 0.5589 536
1341847998.7868 -1.0103 -0.6841 1.3356 0.0003 0.7372 0.3798 0.5589 537
1341847998.8547 -1.0032 -0.6988 1.3536 0.0004 0.7370 0.3850 0.5556 538
1341847998.8867 -1.0044 -0.6957 1.3562 -0.0002 0.7376 0.3839 0.5555 539
1341847998.8867 -1.0044 -0.6957 1.3562 -0.0002 0.7376 0.3839 0.5555 540
1341847998.9548 -1.0045 -0.7020 1.3718 -0.0031 0.7380 0.3871 0.5527 541
1341847998.9548 -1.0045 -0.7020 1.3718 -0.0031 0.7380 0.3871 0.5527 542
1341847999.0188 -0.9991 -0.7089 1.3799 -0.0024 0.7353 0.3937 0.5516 543
1341847999.0549 -0.9993 -0.7084 1.3802 -0.0025 0.7354 0.3935 0.5517 544
1341847999.0549 -0.9993 -0.7084 1.3802 -0.0025 0.7354 0.3935 0.5517 545
1341847999.1227 -0.9975 -0.7129 1.3956 -0.0049 0.7347 0.3976 0.5497 546
1341847999.1549 -0.9961 -0.7066 1.4031 -0.0066 0.7370 0.3959 0.5478 547
1341847999.1867 -0.9900 -0.7098 1.4097 -0.0097 0.7395 0.3955 0.5446 548
1341847999.2227 -0.9900 -0.7098 1.4097 -0.0097 0.7395 0.3955 0.5446 549
1341847999.2549 -0.9896 -0.7103 1.4092 -0.0098 0.7396 0.3955 0.5445 550
1341847999.2910 -0.9846 -0.7172 1.4060 -0.0103 0.7398 0.3969 0.5431 551
1341847999.3227 -0.9844 -0.7173 1.4057 -0.0105 0.7398 0.3969 0.5432 552
1341847999.3549 -0.9839 -0.7180 1.4058 -0.0110 0.7400 0.3968 0.5430 553
1341847999.3549 -0.9839 -0.7180 1.4058 -0.0110 0.7400 0.3968 0.5430 554
1341847999.4239 -0.9843 -0.7265 1.4253 0.0096 0.7515 0.4021 0.5230 555
1341847999.4239 -0.9843 -0.7265 1.4253 0.0096 0.7515 0.4021 0.5230 556
1341847999.4909 -0.9794 -0.7294 1.4289 0.0112 0.7571 0.4016 0.5151 557
1341847999.5227 -0.9793 -0.7294 1.4291 0.0109 0.7571 0.4015 0.5152 558
1341847999.5227 -0.9793 -0.7294 1.4291 0.0109 0.7571 0.4015 0.5152 559
1341847999.5907 -0.9726 -0.7340 1.4370 0.0204 0.7670 0.4075 0.4952 560
1341847999.6229 -0.9727 -0.7339 1.4367 0.0204 0.7670 0.4075 0.4952 561
1341847999.6229 -0.9727 -0.7339 1.4367 0.0204 0.7670 0.4075 0.4952 562
1341847999.6911 -0.9635 -0.7365 1.4423 0.0225 0.7739 0.4108 0.4815 563
1341847999.7227 -0.9635 -0.7365 1.4423 0.0225 0.7739 0.4108 0.4815 564
1341847999.7588 -0.9633 -0.7367 1.4423 0.0225 0.7739 0.4108 0.4815 565
1341847999.7910 -0.9628 -0.7381 1.4410 0.0225 0.7738 0.4109 0.4815 566
1341847999.7910 -0.9628 -0.7381 1.4410 0.0225 0.7738 0.4109 0.4815 567
1341847999.8588 -0.9467 -0.7405 1.4550 0.0272 0.7855 0.4122 0.4608 568
1341847999.8977 -0.9467 -0.7405 1.4550 0.0272 0.7855 0.4122 0.4608 569
1341847999.8977 -0.9467 -0.7405 1.4550 0.0272 0.7855 0.4122 0.4608 570
1341847999.9588 -0.9350 -0.7395 1.4594 0.0321 0.7892 0.4244 0.4427 571
1341847999.9588 -0.9350 -0.7395 1.4594 0.0321 0.7892 0.4244 0.4427 572
1341848000.0267 -0.9264 -0.7400 1.4616 0.0321 0.7904 0.4343 0.4308 573
1341848000.0587 -0.9264 -0.7400 1.4617 0.0321 0.7904 0.4343 0.4308 574
1341848000.0587 -0.9264 -0.7400 1.4617 0.0321 0.7904 0.4343 0.4308 575
1341848000.1267 -0.9167 -0.7397 1.4650 0.0291 0.7921 0.4440 0.4178 576
1341848000.1586 -0.9167 -0.7397 1.4650 0.0291 0.7921 0.4440 0.4178 577
1341848000.1948 -0.9165 -0.7394 1.4658 0.0290 0.7921 0.4439 0.4179 578
1341848000.2271 -0.9165 -0.7395 1.4658 0.0290 0.7921 0.4439 0.4179 579
1341848000.2271 -0.9165 -0.7395 1.4658 0.0290 0.7921 0.4439 0.4179 580
1341848000.2956 -0.8995 -0.7366 1.4674 0.0205 0.7952 0.4579 0.3969 581
1341848000.3271 -0.8996 -0.7363 1.4675 0.0205 0.7952 0.4579 0.3969 582
1341848000.3271 -0.8996 -0.7363 1.4675 0.0205 0.7952 0.4579 0.3969 583
1341848000.3947 -0.8892 -0.7354 1.4692 0.0190 0.7956 0.4658 0.3869 584
1341848000.4268 -0.8892 -0.7354 1.4692 0.0190 0.7956 0.4658 0.3869 585
1341848000.4627 -0.8892 -0.7354 1.4692 0.0190 0.7956 0.4658 0.3869 586
1341848000.4947 -0.8890 -0.7353 1.4694 0.0192 0.7956 0.4658 0.3868 587
1341848000.5308 -0.8891 -0.7353 1.4693 0.0192 0.7956 0.4658 0.3868 588
1341848000.5628 -0.8891 -0.7353 1.4693 0.0192 0.7956 0.4658 0.3868 589
1341848000.5948 -0.8891 -0.7353 1.4693 0.0192 0.7956 0.4658 0.3868 590
1341848000.6306 -0.8891 -0.7353 1.4693 0.0192 0.7956 0.4658 0.3869 591
1341848000.6306 -0.8891 -0.7353 1.4693 0.0192 0.7956 0.4658 0.3869 592
1341848000.6954 -0.8573 -0.7307 1.4697 0.0190 0.8052 0.4679 0.3638 593
1341848000.6954 -0.8573 -0.7307 1.4697 0.0190 0.8052 0.4679 0.3638 594
1341848000.7627 -0.8494 -0.7315 1.4701 0.0207 0.8090 0.4678 0.3553 595
1341848000.7987 -0.8435 -0.7429 1.4696 0.0197 0.8084 0.4706 0.3531 596
1341848000.7987 -0.8435 -0.7429 1.4696 0.0197 0.8084 0.4706 0.3531 597
1341848000.8628 -0.8362 -0.7323 1.4719 0.0272 0.8138 0.4674 0.3442 598
1341848000.8987 -0.8363 -0.7325 1.4718 0.0273 0.8138 0.4674 0.3442 599
1341848000.9307 -0.8278 -0.7453 1.4741 0.0267 0.8137 0.4703 0.3404 600
1341848000.9632 -0.8278 -0.7453 1.4741 0.0267 0.8137 0.4703 0.3404 601
1341848000.9988 -0.8280 -0.7457 1.4739 0.0266 0.8137 0.4704 0.3406 602
1341848001.0307 -0.8281 -0.7460 1.4738 0.0265 0.8136 0.4704 0.3407 603
1341848001.0670 -0.8218 -0.7572 1.4753 0.0253 0.8134 0.4728 0.3380 604
1341848001.0988 -0.8218 -0.7574 1.4754 0.0253 0.8134 0.4728 0.3380 605
1341848001.1307 -0.8216 -0.7575 1.4755 0.0253 0.8134 0.4729 0.3379 606
1341848001.1307 -0.8216 -0.7575 1.4755 0.0253 0.8134 0.4729 0.3379 607
1341848001.2336 -0.7893 -0.7359 1.4815 0.0372 0.8251 0.4685 0.3138 608
1341848001.2668 -0.7893 -0.7359 1.4815 0.0372 0.8251 0.4685 0.3138 609
1341848001.2991 -0.7893 -0.7359 1.4815 0.0372 0.8251 0.4685 0.3138 610
1341848001.2991 -0.7893 -0.7359 1.4815 0.0372 0.8251 0.4685 0.3138 611
1341848001.3667 -0.7711 -0.7344 1.4846 0.0265 0.8325 0.4665 0.2979 612
1341848001.3993 -0.7712 -0.7341 1.4847 0.0264 0.8325 0.4663 0.2981 613
1341848001.4347 -0.7712 -0.7341 1.4847 0.0264 0.8325 0.4663 0.2981 614
1341848001.4347 -0.7712 -0.7341 1.4847 0.0264 0.8325 0.4663 0.2981 615
1341848001.4347 -0.7712 -0.7341 1.4847 0.0264 0.8325 0.4663 0.2981 616
1341848001.5349 -0.7509 -0.7282 1.4835 0.0154 0.8416 0.4678 0.2696 617
1341848001.5670 -0.7509 -0.7282 1.4835 0.0154 0.8416 0.4678 0.2696 618
1341848001.5670 -0.7509 -0.7282 1.4835 0.0154 0.8416 0.4678 0.2696 619
1341848001.5670 -0.7509 -0.7282 1.4835 0.0154 0.8416 0.4678 0.2696 620
1341848001.6666 -0.7376 -0.7219 1.4789 0.0121 0.8508 0.4668 0.2411 621
1341848001.7028 -0.7376 -0.7220 1.4789 0.0121 0.8507 0.4669 0.2411 622
1341848001.7349 -0.7376 -0.7220 1.4790 0.0121 0.8508 0.4668 0.2411 623
1341848001.7349 -0.7376 -0.7220 1.4790 0.0121 0.8508 0.4668 0.2411 624
1341848001.8028 -0.7226 -0.7174 1.4742 0.0136 0.8578 0.4640 0.2207 625
1341848001.8028 -0.7226 -0.7174 1.4742 0.0136 0.8578 0.4640 0.2207 626
1341848001.8707 -0.7161 -0.7172 1.4718 0.0133 0.8592 0.4669 0.2089 627
1341848001.9027 -0.7161 -0.7172 1.4718 0.0133 0.8592 0.4669 0.2089 628
1341848001.9347 -0.7161 -0.7172 1.4718 0.0133 0.8592 0.4669 0.2089 629
1341848001.9707 -0.7160 -0.7173 1.4718 0.0133 0.8592 0.4669 0.2088 630
1341848002.0027 -0.7160 -0.7173 1.4718 0.0133 0.8592 0.4669 0.2088 631
1341848002.0389 -0.7160 -0.7173 1.4718 0.0133 0.8592 0.4669 0.2088 632
1341848002.0389 -0.7160 -0.7173 1.4718 0.0133 0.8592 0.4669 0.2088 633
1341848002.1027 -0.6865 -0.7201 1.4602 0.0190 0.8619 0.4752 0.1760 634
1341848002.1387 -0.6865 -0.7201 1.4602 0.0190 0.8619 0.4752 0.1760 635
1341848002.1718 -0.6865 -0.7201 1.4602 0.0190 0.8619 0.4752 0.1760 636
1341848002.2027 -0.6865 -0.7201 1.4602 0.0190 0.8619 0.4752 0.1760 637
1341848002.2387 -0.6865 -0.7201 1.4602 0.0190 0.8619 0.4752 0.1760 638
1341848002.2708 -0.6865 -0.7201 1.4602 0.0190 0.8619 0.4752 0.1760 639
1341848002.3067 -0.6865 -0.7200 1.4602 0.0190 0.8619 0.4752 0.1760 640
1341848002.3389 -0.6865 -0.7200 1.4602 0.0190 0.8619 0.4751 0.1760 641
1341848002.3389 -0.6865 -0.7200 1.4602 0.0190 0.8619 0.4751 0.1760 642
1341848002.4068 -0.6561 -0.7061 1.4522 0.0153 0.8646 0.4823 0.1400 643
1341848002.4388 -0.6561 -0.7061 1.4522 0.0153 0.8646 0.4823 0.1400 644
1341848002.4747 -0.6561 -0.7061 1.4522 0.0153 0.8646 0.4823 0.1400 645
1341848002.5068 -0.6561 -0.7061 1.4522 0.0153 0.8646 0.4823 0.1400 646
1341848002.5388 -0.6561 -0.7061 1.4522 0.0153 0.8646 0.4823 0.1400 647
1341848002.5747 -0.6561 -0.7060 1.4524 0.0153 0.8646 0.4823 0.1400 648
1341848002.6068 -0.6561 -0.7060 1.4524 0.0153 0.8646 0.4822 0.1400 649
1341848002.6394 -0.6560 -0.7060 1.4525 0.0154 0.8646 0.4822 0.1399 650
1341848002.6747 -0.6516 -0.6995 1.4602 0.0173 0.8660 0.4802 0.1381 651
1341848002.6747 -0.6516 -0.6995 1.4602 0.0173 0.8660 0.4802 0.1381 652
1341848002.6747 -0.6516 -0.6995 1.4602 0.0173 0.8660 0.4802 0.1381 653
1341848002.7748 -0.6228 -0.6764 1.4525 0.0046 0.8617 0.4940 0.1160 654
1341848002.8068 -0.6228 -0.6764 1.4525 0.0046 0.8617 0.4940 0.1160 655
1341848002.8428 -0.6228 -0.6764 1.4525 0.0046 0.8617 0.4940 0.1160 656
1341848002.8752 -0.6228 -0.6764 1.4525 0.0046 0.8617 0.4940 0.1160 657
1341848002.9067 -0.6229 -0.6764 1.4525 0.0046 0.8617 0.4940 0.1160 658
1341848002.9067 -0.6229 -0.6764 1.4525 0.0046 0.8617 0.4940 0.1160 659
1341848002.9746 -0.6005 -0.6777 1.4473 0.0092 0.8604 0.4956 0.1182 660
1341848003.0109 -0.6005 -0.6777 1.4473 0.0092 0.8604 0.4956 0.1182 661
1341848003.0426 -0.6005 -0.6777 1.4473 0.0092 0.8604 0.4956 0.1182 662
1341848003.0750 -0.6005 -0.6777 1.4473 0.0092 0.8604 0.4956 0.1182 663
1341848003.1106 -0.6004 -0.6782 1.4469 0.0086 0.8604 0.4956 0.1182 664
1341848003.1106 -0.6004 -0.6782 1.4469 0.0086 0.8604 0.4956 0.1182 665
1341848003.1757 -0.5779 -0.6732 1.4436 0.0022 0.8615 0.4904 0.1318 666
1341848003.2107 -0.5779 -0.6732 1.4436 0.0022 0.8615 0.4904 0.1318 667
1341848003.2429 -0.5779 -0.6732 1.4436 0.0022 0.8615 0.4904 0.1318 668
1341848003.2429 -0.5779 -0.6732 1.4436 0.0022 0.8615 0.4904 0.1318 669
1341848003.3107 -0.5642 -0.6690 1.4435 -0.0088 0.8628 0.4872 0.1346 670
1341848003.3427 -0.5642 -0.6690 1.4435 -0.0088 0.8628 0.4872 0.1346 671
1341848003.3427 -0.5642 -0.6690 1.4435 -0.0088 0.8628 0.4872 0.1346 672
1341848003.3427 -0.5642 -0.6690 1.4435 -0.0088 0.8628 0.4872 0.1346 673
1341848003.3427 -0.5642 -0.6690 1.4435 -0.0088 0.8628 0.4872 0.1346 674
1341848003.3427 -0.5642 -0.6690 1.4435 -0.0088 0.8628 0.4872 0.1346 675
1341848003.5107 -0.5418 -0.6623 1.4448 -0.0200 0.8637 0.4787 0.1562 676
1341848003.5107 -0.5418 -0.6623 1.4448 -0.0200 0.8637 0.4787 0.1562 677
1341848003.5787 -0.5347 -0.6585 1.4433 -0.0231 0.8612 0.4779 0.1716 678
1341848003.5787 -0.5347 -0.6585 1.4433 -0.0231 0.8612 0.4779 0.1716 679
1341848003.6500 -0.5281 -0.6571 1.4430 -0.0205 0.8601 0.4755 0.1836 680
1341848003.6500 -0.5281 -0.6571 1.4430 -0.0205 0.8601 0.4755 0.1836 681
1341848003.7179 -0.5202 -0.6545 1.4408 -0.0220 0.8589 0.4736 0.1937 682
1341848003.7538 -0.5200 -0.6544 1.4410 -0.0219 0.8589 0.4736 0.1936 683
1341848003.7858 -0.5201 -0.6542 1.4411 -0.0220 0.8590 0.4735 0.1936 684
1341848003.8179 -0.5201 -0.6542 1.4411 -0.0220 0.8590 0.4735 0.1936 685
1341848003.8179 -0.5201 -0.6542 1.4411 -0.0220 0.8590 0.4735 0.1936 686
1341848003.8858 -0.5059 -0.6473 1.4356 -0.0265 0.8544 0.4699 0.2203 687
1341848003.9217 -0.5059 -0.6473 1.4356 -0.0265 0.8544 0.4699 0.2203 688
1341848003.9538 -0.5060 -0.6473 1.4356 -0.0264 0.8544 0.4699 0.2203 689
1341848003.9858 -0.5061 -0.6473 1.4355 -0.0264 0.8544 0.4699 0.2203 690
1341848003.9858 -0.5061 -0.6473 1.4355 -0.0264 0.8544 0.4699 0.2203 691
1341848003.9858 -0.5061 -0.6473 1.4355 -0.0264 0.8544 0.4699 0.2203 692
1341848004.0897 -0.4878 -0.6357 1.4257 -0.0280 0.8499 0.4673 0.2418 693
1341848004.0897 -0.4878 -0.6357 1.4257 -0.0280 0.8499 0.4673 0.2418 694
1341848004.0897 -0.4878 -0.6357 1.4257 -0.0280 0.8499 0.4673 0.2418 695
1341848004.1898 -0.4748 -0.6318 1.4193 -0.0274 0.8466 0.4699 0.2484 696
1341848004.2218 -0.4749 -0.6318 1.4193 -0.0274 0.8466 0.4698 0.2484 697
1341848004.2218 -0.4749 -0.6318 1.4193 -0.0274 0.8466 0.4698 0.2484 698
1341848004.2218 -0.4749 -0.6318 1.4193 -0.0274 0.8466 0.4698 0.2484 699
1341848004.2218 -0.4749 -0.6318 1.4193 -0.0274 0.8466 0.4698 0.2484 700
1341848004.3579 -0.4592 -0.6211 1.4128 -0.0309 0.8394 0.4681 0.2743 701
1341848004.3579 -0.4592 -0.6211 1.4128 -0.0309 0.8394 0.4681 0.2743 702
1341848004.4219 -0.4522 -0.6161 1.4104 -0.0343 0.8352 0.4681 0.2865 703
1341848004.4578 -0.4521 -0.6155 1.4111 -0.0342 0.8354 0.4679 0.2863 704
1341848004.4578 -0.4521 -0.6155 1.4111 -0.0342 0.8354 0.4679 0.2863 705
1341848004.5257 -0.4412 -0.6112 1.4085 -0.0424 0.8286 0.4691 0.3026 706
1341848004.5578 -0.4402 -0.6098 1.4101 -0.0425 0.8290 0.4686 0.3021 707
1341848004.5898 -0.4404 -0.6075 1.4118 -0.0433 0.8295 0.4678 0.3020 708
1341848004.5898 -0.4404 -0.6075 1.4118 -0.0433 0.8295 0.4678 0.3020 709
1341848004.6579 -0.4299 -0.6015 1.4086 -0.0465 0.8190 0.4733 0.3210 710
1341848004.6899 -0.4279 -0.5968 1.4122 -0.0468 0.8205 0.4716 0.3197 711
1341848004.7258 -0.4275 -0.5966 1.4127 -0.0469 0.8206 0.4715 0.3195 712
1341848004.7577 -0.4264 -0.5943 1.4149 -0.0471 0.8213 0.4707 0.3188 713
1341848004.7897 -0.4255 -0.5920 1.4169 -0.0476 0.8220 0.4699 0.3183 714
1341848004.7897 -0.4255 -0.5920 1.4169 -0.0476 0.8220 0.4699 0.3183 715
1341848004.8577 -0.4168 -0.5950 1.4077 -0.0547 0.8056 0.4813 0.3411 716
1341848004.8898 -0.4162 -0.5951 1.4084 -0.0548 0.8056 0.4814 0.3408 717
1341848004.8898 -0.4162 -0.5951 1.4084 -0.0548 0.8056 0.4814 0.3408 718
1341848004.9578 -0.4130 -0.5913 1.4087 -0.0566 0.8013 0.4818 0.3501 719
1341848004.9938 -0.4130 -0.5912 1.4088 -0.0566 0.8013 0.4818 0.3501 720
1341848005.0257 -0.4128 -0.5911 1.4093 -0.0570 0.8013 0.4818 0.3499 721
1341848005.0577 -0.4125 -0.5909 1.4099 -0.0573 0.8014 0.4818 0.3498 722
1341848005.0939 -0.4143 -0.5921 1.4104 -0.0577 0.8009 0.4824 0.3501 723
1341848005.0939 -0.4143 -0.5921 1.4104 -0.0577 0.8009 0.4824 0.3501 724
1341848005.1577 -0.4054 -0.5899 1.4104 -0.0608 0.7923 0.4827 0.3681 725
1341848005.1577 -0.4054 -0.5899 1.4104 -0.0608 0.7923 0.4827 0.3681 726
1341848005.2257 -0.4045 -0.5874 1.4104 -0.0557 0.7893 0.4811 0.3775 727
1341848005.2577 -0.4045 -0.5874 1.4104 -0.0557 0.7893 0.4811 0.3775 728
1341848005.2937 -0.4046 -0.5874 1.4106 -0.0559 0.7892 0.4812 0.3775 729
1341848005.3259 -0.4046 -0.5874 1.4106 -0.0559 0.7892 0.4812 0.3775 730
1341848005.3259 -0.4046 -0.5874 1.4106 -0.0559 0.7892 0.4812 0.3775 731
1341848005.3937 -0.3962 -0.5879 1.4140 -0.0607 0.7837 0.4781 0.3920 732
1341848005.3937 -0.3962 -0.5879 1.4140 -0.0607 0.7837 0.4781 0.3920 733
1341848005.4618 -0.3952 -0.5855 1.4156 -0.0580 0.7805 0.4761 0.4010 734
1341848005.4618 -0.3952 -0.5855 1.4156 -0.0580 0.7805 0.4761 0.4010 735
1341848005.5258 -0.3909 -0.5862 1.4183 -0.0602 0.7782 0.4749 0.4065 736
1341848005.5258 -0.3909 -0.5862 1.4183 -0.0602 0.7782 0.4749 0.4065 737
1341848005.5937 -0.3873 -0.5853 1.4180 -0.0609 0.7741 0.4759 0.4131 738
1341848005.5937 -0.3873 -0.5853 1.4180 -0.0609 0.7741 0.4759 0.4131 739
1341848005.6618 -0.3846 -0.5852 1.4198 -0.0620 0.7718 0.4736 0.4198 740
1341848005.6938 -0.3848 -0.5852 1.4197 -0.0622 0.7717 0.4737 0.4198 741
1341848005.7297 -0.3848 -0.5852 1.4197 -0.0622 0.7717 0.4737 0.4198 742
1341848005.7617 -0.3849 -0.5854 1.4196 -0.0622 0.7716 0.4738 0.4199 743
1341848005.7617 -0.3849 -0.5854 1.4196 -0.0622 0.7716 0.4738 0.4199 744
1341848005.8299 -0.3752 -0.5887 1.4241 -0.0629 0.7679 0.4664 0.4345 745
1341848005.8617 -0.3752 -0.5887 1.4241 -0.0629 0.7679 0.4664 0.4345 746
1341848005.8617 -0.3752 -0.5887 1.4241 -0.0629 0.7679 0.4664 0.4345 747
1341848005.8617 -0.3752 -0.5887 1.4241 -0.0629 0.7679 0.4664 0.4345 748
1341848005.9657 -0.3716 -0.5893 1.4271 -0.0582 0.7629 0.4609 0.4495 749
1341848005.9657 -0.3716 -0.5893 1.4271 -0.0582 0.7629 0.4609 0.4495 750
1341848006.0298 -0.3679 -0.5914 1.4278 -0.0591 0.7604 0.4600 0.4547 751
1341848006.0298 -0.3679 -0.5914 1.4278 -0.0591 0.7604 0.4600 0.4547 752
1341848006.0979 -0.3677 -0.5900 1.4292 -0.0545 0.7583 0.4529 0.4657 753
1341848006.0979 -0.3677 -0.5900 1.4292 -0.0545 0.7583 0.4529 0.4657 754
1341848006.1658 -0.3628 -0.5920 1.4298 -0.0519 0.7586 0.4472 0.4710 755
1341848006.1658 -0.3628 -0.5920 1.4298 -0.0519 0.7586 0.4472 0.4710 756
1341848006.2338 -0.3609 -0.5942 1.4323 -0.0452 0.7579 0.4441 0.4757 757
1341848006.2658 -0.3610 -0.5942 1.4322 -0.0452 0.7579 0.4441 0.4758 758
1341848006.3018 -0.3610 -0.5942 1.4322 -0.0452 0.7579 0.4441 0.4757 759
1341848006.3018 -0.3610 -0.5942 1.4322 -0.0452 0.7579 0.4441 0.4757 760
1341848006.3018 -0.3610 -0.5942 1.4322 -0.0452 0.7579 0.4441 0.4757 761
1341848006.4018 -0.3554 -0.5933 1.4380 -0.0363 0.7537 0.4305 0.4952 762
1341848006.4018 -0.3554 -0.5933 1.4380 -0.0363 0.7537 0.4305 0.4952 763
1341848006.4018 -0.3554 -0.5933 1.4380 -0.0363 0.7537 0.4305 0.4952 764
1341848006.5017 -0.3505 -0.5956 1.4414 -0.0358 0.7506 0.4303 0.5001 765
1341848006.5017 -0.3505 -0.5956 1.4414 -0.0358 0.7506 0.4303 0.5001 766
1341848006.5697 -0.3460 -0.5982 1.4420 -0.0356 0.7478 0.4325 0.5024 767
1341848006.6018 -0.3460 -0.5982 1.4420 -0.0356 0.7478 0.4325 0.5024 768
1341848006.6378 -0.3460 -0.5982 1.4420 -0.0356 0.7478 0.4325 0.5024 769
1341848006.6701 -0.3460 -0.5982 1.4419 -0.0356 0.7478 0.4325 0.5025 770
1341848006.7018 -0.3460 -0.5982 1.4419 -0.0356 0.7478 0.4325 0.5025 771
1341848006.7378 -0.3463 -0.5985 1.4417 -0.0355 0.7477 0.4326 0.5026 772
1341848006.7697 -0.3465 -0.5988 1.4416 -0.0353 0.7476 0.4326 0.5026 773
1341848006.8019 -0.3467 -0.5990 1.4415 -0.0351 0.7475 0.4327 0.5027 774
1341848006.8376 -0.3483 -0.5998 1.4409 -0.0344 0.7471 0.4328 0.5033 775
1341848006.8376 -0.3483 -0.5998 1.4409 -0.0344 0.7471 0.4328 0.5033 776
1341848006.8376 -0.3483 -0.5998 1.4409 -0.0344 0.7471 0.4328 0.5033 777
1341848006.9377 -0.3268 -0.6193 1.4567 -0.0238 0.7494 0.4337 0.4997 778
1341848006.9697 -0.3268 -0.6193 1.4567 -0.0238 0.7494 0.4337 0.4997 779
1341848007.0058 -0.3266 -0.6193 1.4568 -0.0238 0.7495 0.4337 0.4997 780
1341848007.0378 -0.3263 -0.6194 1.4567 -0.0240 0.7495 0.4337 0.4995 781
1341848007.0697 -0.3263 -0.6194 1.4567 -0.0240 0.7495 0.4337 0.4995 782
1341848007.1057 -0.3262 -0.6194 1.4568 -0.0240 0.7495 0.4338 0.4995 783
1341848007.1379 -0.3260 -0.6195 1.4568 -0.0240 0.7496 0.4338 0.4994 784
1341848007.1697 -0.3260 -0.6195 1.4568 -0.0240 0.7496 0.4338 0.4994 785
1341848007.1697 -0.3260 -0.6195 1.4568 -0.0240 0.7496 0.4338 0.4994 786
1341848007.2379 -0.3208 -0.6317 1.4786 -0.0151 0.7654 0.4403 0.4692 787
1341848007.2699 -0.3208 -0.6317 1.4786 -0.0151 0.7654 0.4403 0.4692 788
1341848007.2989 -0.3208 -0.6317 1.4787 -0.0152 0.7654 0.4402 0.4692 789
1341848007.3314 -0.3208 -0.6317 1.4787 -0.0152 0.7654 0.4402 0.4692 790
1341848007.3667 -0.3208 -0.6317 1.4787 -0.0152 0.7654 0.4402 0.4692 791
1341848007.3987 -0.3215 -0.6333 1.4775 -0.0149 0.7650 0.4408 0.4694 792
1341848007.4348 -0.3245 -0.6397 1.4731 -0.0144 0.7631 0.4431 0.4702 793
1341848007.4348 -0.3245 -0.6397 1.4731 -0.0144 0.7631 0.4431 0.4702 794
1341848007.4988 -0.3090 -0.6490 1.5002 -0.0077 0.7737 0.4425 0.4534 795
1341848007.5348 -0.3090 -0.6490 1.5002 -0.0077 0.7737 0.4425 0.4534 796
1341848007.5667 -0.3090 -0.6490 1.5002 -0.0077 0.7737 0.4425 0.4534 797
1341848007.5987 -0.3090 -0.6490 1.5002 -0.0077 0.7737 0.4425 0.4534 798
1341848007.6348 -0.3088 -0.6492 1.5001 -0.0077 0.7737 0.4425 0.4533 799
1341848007.6667 -0.3088 -0.6492 1.5001 -0.0077 0.7737 0.4425 0.4533 800
1341848007.7028 -0.3088 -0.6492 1.5001 -0.0077 0.7737 0.4425 0.4533 801
1341848007.7028 -0.3088 -0.6492 1.5001 -0.0077 0.7737 0.4425 0.4533 802
1341848007.7669 -0.2968 -0.6751 1.5116 -0.0007 0.7781 0.4608 0.4269 803
1341848007.7669 -0.2968 -0.6751 1.5116 -0.0007 0.7781 0.4608 0.4269 804
1341848007.8350 -0.2969 -0.6758 1.5203 -0.0024 0.7841 0.4581 0.4188 805
1341848007.8667 -0.2969 -0.6758 1.5203 -0.0024 0.7841 0.4581 0.4188 806
1341848007.9028 -0.2969 -0.6758 1.5203 -0.0024 0.7841 0.4581 0.4188 807
1341848007.9028 -0.2969 -0.6758 1.5203 -0.0024 0.7841 0.4581 0.4188 808
1341848007.9707 -0.2854 -0.6888 1.5238 -0.0024 0.7894 0.4714 0.3931 809
1341848008.0027 -0.2854 -0.6888 1.5238 -0.0024 0.7894 0.4714 0.3931 810
1341848008.0348 -0.2854 -0.6888 1.5238 -0.0024 0.7894 0.4714 0.3931 811
1341848008.0708 -0.2853 -0.6888 1.5238 -0.0024 0.7894 0.4715 0.3931 812
1341848008.1032 -0.2852 -0.6889 1.5238 -0.0024 0.7894 0.4715 0.3931 813
1341848008.1032 -0.2852 -0.6889 1.5238 -0.0024 0.7894 0.4715 0.3931 814
1341848008.1711 -0.2716 -0.6898 1.5411 0.0029 0.7980 0.4761 0.3694 815
1341848008.2027 -0.2716 -0.6898 1.5411 0.0029 0.7980 0.4761 0.3694 816
1341848008.2387 -0.2716 -0.6898 1.5411 0.0029 0.7980 0.4761 0.3694 817
1341848008.2707 -0.2716 -0.6898 1.5411 0.0029 0.7980 0.4761 0.3694 818
1341848008.3027 -0.2716 -0.6898 1.5411 0.0029 0.7980 0.4761 0.3694 819
1341848008.3388 -0.2716 -0.6898 1.5411 0.0029 0.7980 0.4761 0.3694 820
1341848008.3388 -0.2716 -0.6898 1.5411 0.0029 0.7980 0.4761 0.3694 821
1341848008.4067 -0.2524 -0.6982 1.5568 0.0054 0.8023 0.4913 0.3390 822
1341848008.4389 -0.2524 -0.6982 1.5568 0.0054 0.8023 0.4913 0.3390 823
1341848008.4708 -0.2524 -0.6982 1.5568 0.0054 0.8023 0.4913 0.3390 824
1341848008.5069 -0.2523 -0.6981 1.5569 0.0053 0.8023 0.4913 0.3390 825
1341848008.5388 -0.2523 -0.6981 1.5569 0.0053 0.8023 0.4913 0.3390 826
1341848008.5707 -0.2522 -0.6981 1.5569 0.0053 0.8023 0.4913 0.3390 827
1341848008.5707 -0.2522 -0.6981 1.5569 0.0053 0.8023 0.4913 0.3390 828
1341848008.6387 -0.2338 -0.7125 1.5693 0.0146 0.8070 0.5036 0.3082 829
1341848008.6746 -0.2338 -0.7125 1.5693 0.0146 0.8070 0.5036 0.3082 830
1341848008.7068 -0.2338 -0.7125 1.5693 0.0146 0.8070 0.5036 0.3082 831
1341848008.7387 -0.2337 -0.7126 1.5693 0.0146 0.8070 0.5036 0.3081 832
1341848008.7751 -0.2335 -0.7126 1.5693 0.0146 0.8070 0.5036 0.3081 833
1341848008.8069 -0.2335 -0.7126 1.5693 0.0146 0.8070 0.5036 0.3081 834
1341848008.8388 -0.2335 -0.7126 1.5693 0.0146 0.8070 0.5036 0.3081 835
1341848008.8746 -0.2335 -0.7127 1.5692 0.0146 0.8070 0.5037 0.3081 836
1341848008.9067 -0.2335 -0.7127 1.5692 0.0146 0.8070 0.5037 0.3081 837
1341848008.9067 -0.2335 -0.7127 1.5692 0.0146 0.8070 0.5037 0.3081 838
1341848008.9747 -0.2335 -0.7127 1.5692 0.0146 0.8070 0.5037 0.3081 839
1341848008.9747 -0.2335 -0.7127 1.5692 0.0146 0.8070 0.5037 0.3081 840
1341848009.0427 -0.1992 -0.7266 1.5880 0.0112 0.8194 0.5081 0.2652 841
1341848009.0748 -0.1992 -0.7266 1.5880 0.0112 0.8194 0.5081 0.2652 842
1341848009.1108 -0.1992 -0.7266 1.5880 0.0112 0.8194 0.5081 0.2652 843
1341848009.1427 -0.1992 -0.7267 1.5879 0.0113 0.8193 0.5081 0.2653 844
1341848009.1427 -0.1992 -0.7267 1.5879 0.0113 0.8193 0.5081 0.2653 845
1341848009.2107 -0.1938 -0.7309 1.5922 0.0058 0.8252 0.5079 0.2473 846
1341848009.2107 -0.1938 -0.7309 1.5922 0.0058 0.8252 0.5079 0.2473 847
1341848009.2747 -0.1876 -0.7333 1.5978 0.0090 0.8260 0.5145 0.2301 848
1341848009.3109 -0.1875 -0.7333 1.5978 0.0090 0.8260 0.5145 0.2301 849
1341848009.3429 -0.1876 -0.7333 1.5979 0.0090 0.8260 0.5145 0.2302 850
1341848009.3787 -0.1866 -0.7341 1.5987 0.0082 0.8255 0.5153 0.2301 851
1341848009.4108 -0.1826 -0.7320 1.6014 0.0065 0.8258 0.5153 0.2290 852
1341848009.4429 -0.1814 -0.7315 1.6020 0.0057 0.8259 0.5154 0.2287 853
1341848009.4790 -0.1815 -0.7315 1.6020 0.0056 0.8259 0.5154 0.2288 854
1341848009.5106 -0.1801 -0.7310 1.6031 0.0051 0.8259 0.5155 0.2284 855
1341848009.5428 -0.1785 -0.7305 1.6040 0.0042 0.8260 0.5155 0.2279 856
1341848009.5428 -0.1785 -0.7305 1.6040 0.0042 0.8260 0.5155 0.2279 857
1341848009.6110 -0.1784 -0.7306 1.6039 0.0042 0.8260 0.5155 0.2279 858
1341848009.6469 -0.1785 -0.7301 1.6050 0.0054 0.8260 0.5155 0.2280 859
1341848009.6787 -0.1837 -0.7346 1.6030 0.0029 0.8237 0.5179 0.2307 860
1341848009.7108 -0.1843 -0.7350 1.6031 0.0021 0.8235 0.5182 0.2311 861
1341848009.7108 -0.1843 -0.7350 1.6031 0.0021 0.8235 0.5182 0.2311 862
1341848009.7788 -0.1406 -0.7289 1.6099 -0.0025 0.8321 0.5237 0.1825 863
1341848009.8107 -0.1406 -0.7289 1.6099 -0.0025 0.8321 0.5237 0.1825 864
1341848009.8468 -0.1406 -0.7289 1.6099 -0.0025 0.8321 0.5237 0.1825 865
1341848009.8787 -0.1406 -0.7289 1.6099 -0.0025 0.8321 0.5237 0.1825 866
1341848009.9148 -0.1406 -0.7289 1.6099 -0.0025 0.8321 0.5237 0.1825 867
1341848009.9470 -0.1406 -0.7289 1.6099 -0.0025 0.8321 0.5237 0.1825 868
1341848009.9789 -0.1406 -0.7289 1.6099 -0.0025 0.8321 0.5237 0.1825 869
1341848010.0148 -0.1408 -0.7291 1.6098 -0.0025 0.8321 0.5237 0.1826 870
1341848010.0468 -0.1415 -0.7290 1.6097 -0.0025 0.8320 0.5237 0.1829 871
1341848010.0468 -0.1415 -0.7290 1.6097 -0.0025 0.8320 0.5237 0.1829 872
1341848010.1147 -0.1425 -0.7290 1.6098 -0.0028 0.8320 0.5237 0.1832 873
1341848010.1468 -0.1425 -0.7289 1.6098 -0.0028 0.8320 0.5237 0.1832 874
1341848010.1827 -0.1426 -0.7290 1.6098 -0.0028 0.8320 0.5237 0.1833 875
1341848010.2147 -0.1429 -0.7286 1.6099 -0.0029 0.8320 0.5235 0.1834 876
1341848010.2468 -0.1433 -0.7304 1.6091 -0.0033 0.8316 0.5242 0.1835 877
1341848010.2827 -0.1408 -0.7470 1.6060 -0.0024 0.8286 0.5297 0.1813 878
1341848010.3148 -0.1396 -0.7498 1.6055 -0.0016 0.8281 0.5307 0.1806 879
1341848010.3511 -0.1344 -0.7589 1.6068 0.0021 0.8269 0.5336 0.1775 880
1341848010.3511 -0.1344 -0.7589 1.6068 0.0021 0.8269 0.5336 0.1775 881
1341848010.4147 -0.0795 -0.6986 1.5786 0.0008 0.8312 0.5317 0.1623 882
1341848010.4509 -0.0795 -0.6986 1.5786 0.0008 0.8312 0.5317 0.1623 883
1341848010.4831 -0.0798 -0.6994 1.5781 0.0010 0.8310 0.5320 0.1625 884
1341848010.5148 -0.0798 -0.6994 1.5781 0.0010 0.8310 0.5320 0.1625 885
1341848010.5506 -0.0798 -0.6994 1.5780 0.0010 0.8310 0.5320 0.1625 886
1341848010.5506 -0.0798 -0.6994 1.5780 0.0010 0.8310 0.5320 0.1625 887
1341848010.6187 -0.0714 -0.6892 1.5574 0.0042 0.8291 0.5394 0.1468 888
1341848010.6510 -0.0714 -0.6892 1.5574 0.0042 0.8291 0.5394 0.1468 889
1341848010.6510 -0.0714 -0.6892 1.5574 0.0042 0.8291 0.5394 0.1468 890
1341848010.7188 -0.0673 -0.6857 1.5504 0.0033 0.8294 0.5414 0.1377 891
1341848010.7509 -0.0673 -0.6857 1.5504 0.0033 0.8294 0.5414 0.1377 892
1341848010.7509 -0.0673 -0.6857 1.5504 0.0033 0.8294 0.5414 0.1377 893
1341848010.8188 -0.0636 -0.6853 1.5403 0.0017 0.8284 0.5457 0.1268 894
1341848010.8508 -0.0636 -0.6853 1.5403 0.0017 0.8284 0.5457 0.1268 895
1341848010.8508 -0.0636 -0.6853 1.5403 0.0017 0.8284 0.5457 0.1268 896
1341848010.9188 -0.0599 -0.6835 1.5348 0.0037 0.8316 0.5435 0.1141 897
1341848010.9508 -0.0598 -0.6835 1.5348 0.0037 0.8316 0.5435 0.1141 898
1341848010.9868 -0.0598 -0.6834 1.5349 0.0037 0.8316 0.5435 0.1141 899
1341848011.0187 -0.0597 -0.6835 1.5349 0.0037 0.8316 0.5435 0.1141 900
1341848011.0187 -0.0597 -0.6835 1.5349 0.0037 0.8316 0.5435 0.1141 901
1341848011.0867 -0.0592 -0.6784 1.5279 0.0054 0.8338 0.5424 0.1030 902
1341848011.1187 -0.0592 -0.6784 1.5279 0.0054 0.8338 0.5424 0.1030 903
1341848011.1546 -0.0592 -0.6784 1.5279 0.0054 0.8338 0.5424 0.1030 904
1341848011.1867 -0.0592 -0.6784 1.5279 0.0054 0.8338 0.5424 0.1030 905
1341848011.2191 -0.0591 -0.6784 1.5279 0.0054 0.8338 0.5424 0.1030 906
1341848011.2547 -0.0598 -0.6788 1.5277 0.0066 0.8337 0.5424 0.1035 907
1341848011.2866 -0.0590 -0.6796 1.5269 0.0076 0.8336 0.5425 0.1034 908
1341848011.3227 -0.0549 -0.6803 1.5261 0.0092 0.8338 0.5424 0.1023 909
1341848011.3547 -0.0526 -0.6817 1.5250 0.0122 0.8338 0.5425 0.1016 910
1341848011.3547 -0.0526 -0.6817 1.5250 0.0122 0.8338 0.5425 0.1016 911
1341848011.3547 -0.0526 -0.6817 1.5250 0.0122 0.8338 0.5425 0.1016 912
1341848011.4547 -0.0489 -0.6732 1.5152 0.0045 0.8356 0.5453 0.0659 913
1341848011.4868 -0.0489 -0.6732 1.5152 0.0045 0.8356 0.5453 0.0659 914
1341848011.5229 -0.0491 -0.6734 1.5149 0.0034 0.8355 0.5454 0.0663 915
1341848011.5547 -0.0494 -0.6729 1.5150 0.0028 0.8357 0.5452 0.0664 916
1341848011.5909 -0.0493 -0.6729 1.5149 0.0028 0.8357 0.5452 0.0664 917
1341848011.5909 -0.0493 -0.6729 1.5149 0.0028 0.8357 0.5452 0.0664 918
1341848011.6549 -0.0452 -0.6669 1.5104 0.0048 0.8367 0.5460 0.0413 919
1341848011.6908 -0.0452 -0.6669 1.5104 0.0048 0.8367 0.5460 0.0413 920
1341848011.7226 -0.0452 -0.6669 1.5104 0.0048 0.8367 0.5460 0.0413 921
1341848011.7226 -0.0452 -0.6669 1.5104 0.0048 0.8367 0.5460 0.0413 922
1341848011.7908 -0.0444 -0.6609 1.5062 0.0033 0.8349 0.5496 0.0284 923
1341848011.7908 -0.0444 -0.6609 1.5062 0.0033 0.8349 0.5496 0.0284 924
1341848011.8588 -0.0447 -0.6576 1.5026 0.0052 0.8330 0.5528 0.0200 925
1341848011.8907 -0.0447 -0.6576 1.5026 0.0052 0.8330 0.5528 0.0200 926
1341848011.9229 -0.0447 -0.6576 1.5026 0.0052 0.8330 0.5528 0.0200 927
1341848011.9588 -0.0447 -0.6576 1.5026 0.0052 0.8330 0.5528 0.0200 928
1341848011.9588 -0.0447 -0.6576 1.5026 0.0052 0.8330 0.5528 0.0200 929
1341848012.0227 -0.0467 -0.6497 1.4944 0.0088 0.8319 0.5549 0.0070 930
1341848012.0589 -0.0467 -0.6497 1.4944 0.0088 0.8319 0.5549 0.0070 931
1341848012.0908 -0.0467 -0.6497 1.4944 0.0088 0.8319 0.5549 0.0070 932
1341848012.0908 -0.0467 -0.6497 1.4944 0.0088 0.8319 0.5549 0.0070 933
1341848012.1588 -0.0469 -0.6418 1.4838 0.0019 0.8284 0.5601 0.0019 934
1341848012.1910 -0.0469 -0.6418 1.4838 0.0019 0.8284 0.5601 0.0019 935
1341848012.1910 -0.0469 -0.6418 1.4838 0.0019 0.8284 0.5601 0.0019 936
1341848012.2587 -0.0464 -0.6344 1.4754 0.0009 0.8255 0.5644 0.0045 937
1341848012.2952 -0.0464 -0.6344 1.4754 0.0009 0.8255 0.5644 0.0045 938
1341848012.3269 -0.0464 -0.6343 1.4755 0.0009 0.8255 0.5644 0.0046 939
1341848012.3588 -0.0465 -0.6342 1.4756 0.0009 0.8255 0.5643 0.0046 940
1341848012.3588 -0.0465 -0.6342 1.4756 0.0009 0.8255 0.5643 0.0046 941
1341848012.4268 -0.0471 -0.6208 1.4625 -0.0129 0.8217 0.5694 0.0193 942
1341848012.4588 -0.0471 -0.6208 1.4625 -0.0129 0.8217 0.5694 0.0193 943
1341848012.4947 -0.0471 -0.6208 1.4625 -0.0129 0.8217 0.5694 0.0193 944
1341848012.5268 -0.0471 -0.6208 1.4625 -0.0129 0.8217 0.5694 0.0193 945
1341848012.5627 -0.0471 -0.6208 1.4625 -0.0129 0.8217 0.5694 0.0193 946
1341848012.5947 -0.0471 -0.6209 1.4625 -0.0129 0.8217 0.5695 0.0193 947
1341848012.5947 -0.0471 -0.6209 1.4625 -0.0129 0.8217 0.5695 0.0193 948
1341848012.6628 -0.0460 -0.6054 1.4389 -0.0296 0.8144 0.5783 0.0394 949
1341848012.6953 -0.0460 -0.6054 1.4389 -0.0296 0.8144 0.5783 0.0394 950
1341848012.7269 -0.0460 -0.6054 1.4389 -0.0296 0.8144 0.5783 0.0394 951
1341848012.7627 -0.0461 -0.6054 1.4389 -0.0296 0.8144 0.5783 0.0395 952
1341848012.7947 -0.0461 -0.6054 1.4389 -0.0296 0.8144 0.5783 0.0395 953
1341848012.8307 -0.0464 -0.6062 1.4385 -0.0293 0.8142 0.5785 0.0396 954
1341848012.8307 -0.0464 -0.6062 1.4385 -0.0293 0.8142 0.5785 0.0396 955
1341848012.8947 -0.0389 -0.5934 1.4235 -0.0482 0.8096 0.5795 0.0806 956
1341848012.9308 -0.0387 -0.5933 1.4235 -0.0473 0.8097 0.5793 0.0805 957
1341848012.9628 -0.0387 -0.5932 1.4234 -0.0470 0.8098 0.5792 0.0804 958
1341848012.9628 -0.0387 -0.5932 1.4234 -0.0470 0.8098 0.5792 0.0804 959
1341848013.0309 -0.0377 -0.5874 1.4224 -0.0613 0.8130 0.5691 0.1063 960
1341848013.0627 -0.0375 -0.5859 1.4228 -0.0599 0.8136 0.5684 0.1061 961
1341848013.0988 -0.0376 -0.5843 1.4231 -0.0575 0.8144 0.5676 0.1061 962
1341848013.1308 -0.0360 -0.5839 1.4233 -0.0532 0.8151 0.5672 0.1054 963
1341848013.1628 -0.0362 -0.5837 1.4235 -0.0518 0.8153 0.5670 0.1055 964
1341848013.1628 -0.0362 -0.5837 1.4235 -0.0518 0.8153 0.5670 0.1055 965
1341848013.2309 -0.0323 -0.5821 1.4199 -0.0618 0.8077 0.5680 0.1455 966
1341848013.2309 -0.0323 -0.5821 1.4199 -0.0618 0.8077 0.5680 0.1455 967
1341848013.2987 -0.0282 -0.5811 1.4245 -0.0570 0.8071 0.5671 0.1539 968
1341848013.2987 -0.0282 -0.5811 1.4245 -0.0570 0.8071 0.5671 0.1539 969
1341848013.3667 -0.0308 -0.5812 1.4213 -0.0577 0.8019 0.5692 0.1722 970
1341848013.3667 -0.0308 -0.5812 1.4213 -0.0577 0.8019 0.5692 0.1722 971
1341848013.4309 -0.0252 -0.5772 1.4264 -0.0673 0.8015 0.5655 0.1822 972
1341848013.4309 -0.0252 -0.5772 1.4264 -0.0673 0.8015 0.5655 0.1822 973
1341848013.4988 -0.0234 -0.5768 1.4247 -0.0660 0.7918 0.5729 0.2011 974
1341848013.5348 -0.0255 -0.5769 1.4260 -0.0547 0.7936 0.5713 0.2021 975
1341848013.5348 -0.0255 -0.5769 1.4260 -0.0547 0.7936 0.5713 0.2021 976
1341848013.5988 -0.0165 -0.5753 1.4284 -0.0779 0.7895 0.5665 0.2228 977
1341848013.6348 -0.0162 -0.5762 1.4297 -0.0711 0.7905 0.5663 0.2221 978
1341848013.6667 -0.0162 -0.5762 1.4297 -0.0711 0.7905 0.5663 0.2221 979
1341848013.6667 -0.0162 -0.5762 1.4297 -0.0711 0.7905 0.5663 0.2221 980
1341848013.7346 -0.0120 -0.5761 1.4300 -0.0784 0.7848 0.5584 0.2571 981
1341848013.7668 -0.0120 -0.5761 1.4300 -0.0784 0.7848 0.5584 0.2571 982
1341848013.8027 -0.0121 -0.5762 1.4299 -0.0783 0.7848 0.5584 0.2571 983
1341848013.8027 -0.0121 -0.5762 1.4299 -0.0783 0.7848 0.5584 0.2571 984
1341848013.8668 -0.0060 -0.5761 1.4341 -0.0806 0.7841 0.5466 0.2826 985
1341848013.8668 -0.0060 -0.5761 1.4341 -0.0806 0.7841 0.5466 0.2826 986
1341848013.8668 -0.0060 -0.5761 1.4341 -0.0806 0.7841 0.5466 0.2826 987
1341848013.8668 -0.0060 -0.5761 1.4341 -0.0806 0.7841 0.5466 0.2826 988
1341848014.0027 0.0014 -0.5745 1.4370 -0.0851 0.7804 0.5390 0.3053 989
1341848014.0349 0.0014 -0.5745 1.4370 -0.0851 0.7804 0.5390 0.3053 990
1341848014.0349 0.0014 -0.5745 1.4370 -0.0851 0.7804 0.5390 0.3053 991
1341848014.1027 0.0057 -0.5723 1.4374 -0.0856 0.7730 0.5356 0.3290 992
1341848014.1027 0.0057 -0.5723 1.4374 -0.0856 0.7730 0.5356 0.3290 993
1341848014.1707 0.0110 -0.5704 1.4405 -0.0946 0.7704 0.5302 0.3413 994
1341848014.2027 0.0103 -0.5704 1.4409 -0.0944 0.7703 0.5301 0.3416 995
1341848014.2027 0.0103 -0.5704 1.4409 -0.0944 0.7703 0.5301 0.3416 996
1341848014.2707 0.0219 -0.5694 1.4416 -0.1014 0.7614 0.5282 0.3620 997
1341848014.2707 0.0219 -0.5694 1.4416 -0.1014 0.7614 0.5282 0.3620 998
1341848014.2707 0.0219 -0.5694 1.4416 -0.1014 0.7614 0.5282 0.3620 999
1341848014.2707 0.0219 -0.5694 1.4416 -0.1014 0.7614 0.5282 0.3620 1000
1341848014.2707 0.0219 -0.5694 1.4416 -0.1014 0.7614 0.5282 0.3620 1001
1341848014.4388 0.0360 -0.5696 1.4465 -0.1037 0.7460 0.5181 0.4054 1002
1341848014.4388 0.0360 -0.5696 1.4465 -0.1037 0.7460 0.5181 0.4054 1003
1341848014.5066 0.0425 -0.5710 1.4480 -0.1047 0.7393 0.5119 0.4248 1004
1341848014.5387 0.0413 -0.5713 1.4482 -0.1046 0.7392 0.5118 0.4251 1005
1341848014.5387 0.0413 -0.5713 1.4482 -0.1046 0.7392 0.5118 0.4251 1006
1341848014.6069 0.0511 -0.5724 1.4503 -0.1056 0.7309 0.4986 0.4539 1007
1341848014.6069 0.0511 -0.5724 1.4503 -0.1056 0.7309 0.4986 0.4539 1008
1341848014.6708 0.0575 -0.5736 1.4542 -0.1029 0.7258 0.4932 0.4683 1009
1341848014.7068 0.0560 -0.5745 1.4544 -0.1031 0.7254 0.4934 0.4688 1010
1341848014.7387 0.0574 -0.5737 1.4544 -0.1020 0.7263 0.4928 0.4682 1011
1341848014.7387 0.0574 -0.5737 1.4544 -0.1020 0.7263 0.4928 0.4682 1012
1341848014.8067 0.0707 -0.5765 1.4619 -0.0975 0.7225 0.4759 0.4919 1013
1341848014.8387 0.0707 -0.5765 1.4619 -0.0975 0.7225 0.4759 0.4919 1014
1341848014.8387 0.0707 -0.5765 1.4619 -0.0975 0.7225 0.4759 0.4919 1015
1341848014.9066 0.0801 -0.5778 1.4636 -0.0864 0.7131 0.4727 0.5104 1016
1341848014.9387 0.0801 -0.5778 1.4636 -0.0864 0.7131 0.4727 0.5104 1017
1341848014.9747 0.0871 -0.5961 1.4639 -0.0906 0.7086 0.4861 0.5034 1018
1341848015.0067 0.0953 -0.5941 1.4699 -0.0891 0.7132 0.4862 0.4970 1019
1341848015.0426 0.0979 -0.5918 1.4717 -0.0875 0.7148 0.4856 0.4955 1020
1341848015.0749 0.0981 -0.5920 1.4716 -0.0876 0.7147 0.4859 0.4954 1021
1341848015.1068 0.0993 -0.5904 1.4713 -0.0886 0.7149 0.4860 0.4948 1022
1341848015.1427 0.1016 -0.5888 1.4718 -0.0898 0.7153 0.4864 0.4936 1023
1341848015.1747 0.1110 -0.5880 1.4727 -0.0951 0.7150 0.4905 0.4889 1024
1341848015.1747 0.1110 -0.5880 1.4727 -0.0951 0.7150 0.4905 0.4889 1025
1341848015.2435 0.0990 -0.5711 1.4685 -0.1016 0.6697 0.4748 0.5620 1026
1341848015.2435 0.0990 -0.5711 1.4685 -0.1016 0.6697 0.4748 0.5620 1027
1341848015.3106 0.1039 -0.5703 1.4729 -0.1082 0.6643 0.4693 0.5716 1028
1341848015.3106 0.1039 -0.5703 1.4729 -0.1082 0.6643 0.4693 0.5716 1029
1341848015.3747 0.0985 -0.5778 1.4757 -0.1063 0.6521 0.4662 0.5884 1030
1341848015.3747 0.0985 -0.5778 1.4757 -0.1063 0.6521 0.4662 0.5884 1031
1341848015.4428 0.1034 -0.5769 1.4748 -0.1010 0.6395 0.4655 0.6035 1032
1341848015.4428 0.1034 -0.5769 1.4748 -0.1010 0.6395 0.4655 0.6035 1033
1341848015.5109 0.1018 -0.5748 1.4723 -0.0999 0.6260 0.4600 0.6217 1034
1341848015.5428 0.0964 -0.5851 1.4743 -0.0962 0.6245 0.4608 0.6232 1035
1341848015.5818 0.0967 -0.5904 1.4758 -0.0932 0.6252 0.4621 0.6220 1036
1341848015.6178 0.1026 -0.6145 1.4704 -0.0902 0.6202 0.4728 0.6194 1037
1341848015.6501 0.1092 -0.6233 1.4652 -0.0887 0.6191 0.4776 0.6171 1038
1341848015.6501 0.1092 -0.6233 1.4652 -0.0887 0.6191 0.4776 0.6171 1039
1341848015.7181 0.1143 -0.5717 1.4752 -0.0997 0.5901 0.4374 0.6712 1040
1341848015.7181 0.1143 -0.5717 1.4752 -0.0997 0.5901 0.4374 0.6712 1041
1341848015.7858 0.1025 -0.5552 1.4820 -0.0882 0.5849 0.4119 0.6931 1042
1341848015.7858 0.1025 -0.5552 1.4820 -0.0882 0.5849 0.4119 0.6931 1043
1341848015.8538 0.1143 -0.5732 1.4785 -0.0903 0.5735 0.4166 0.6996 1044
1341848015.8857 0.1143 -0.5732 1.4785 -0.0903 0.5735 0.4166 0.6996 1045
1341848015.9178 0.1110 -0.5794 1.4781 -0.0873 0.5728 0.4161 0.7008 1046
1341848015.9178 0.1110 -0.5794 1.4781 -0.0873 0.5728 0.4161 0.7008 1047
1341848015.9178 0.1110 -0.5794 1.4781 -0.0873 0.5728 0.4161 0.7008 1048
1341848016.0217 0.1198 -0.5691 1.4747 -0.0879 0.5569 0.3879 0.7292 1049
1341848016.0539 0.1182 -0.5745 1.4743 -0.0878 0.5552 0.3902 0.7293 1050
1341848016.0857 0.1139 -0.5798 1.4747 -0.0867 0.5535 0.3907 0.7304 1051
1341848016.1218 0.1128 -0.5801 1.4748 -0.0865 0.5534 0.3905 0.7306 1052
1341848016.1538 0.1102 -0.5840 1.4757 -0.0854 0.5525 0.3906 0.7313 1053
1341848016.1858 0.1085 -0.5851 1.4755 -0.0851 0.5521 0.3904 0.7318 1054
1341848016.2217 0.1082 -0.5852 1.4755 -0.0850 0.5520 0.3904 0.7319 1055
1341848016.2537 0.1051 -0.5886 1.4756 -0.0838 0.5512 0.3902 0.7328 1056
1341848016.2537 0.1051 -0.5886 1.4756 -0.0838 0.5512 0.3902 0.7328 1057
1341848016.3220 0.1216 -0.5648 1.4785 -0.0904 0.5442 0.3621 0.7514 1058
1341848016.3537 0.1216 -0.5648 1.4785 -0.0904 0.5442 0.3621 0.7514 1059
1341848016.3898 0.1216 -0.5648 1.4785 -0.0904 0.5442 0.3621 0.7514 1060
1341848016.4217 0.1216 -0.5648 1.4785 -0.0904 0.5442 0.3621 0.7514 1061
1341848016.4539 0.1221 -0.5646 1.4786 -0.0905 0.5443 0.3622 0.7512 1062
1341848016.4901 0.1221 -0.5646 1.4786 -0.0905 0.5443 0.3622 0.7512 1063
1341848016.5218 0.1221 -0.5646 1.4786 -0.0905 0.5443 0.3622 0.7512 1064
1341848016.5218 0.1221 -0.5646 1.4786 -0.0905 0.5443 0.3622 0.7512 1065
1341848016.5898 0.1089 -0.5759 1.4781 -0.0638 0.5562 0.3828 0.7349 1066
1341848016.6219 0.1089 -0.5762 1.4781 -0.0640 0.5560 0.3832 0.7348 1067
1341848016.6578 0.1064 -0.5821 1.4761 -0.0655 0.5530 0.3874 0.7348 1068
1341848016.6899 0.1017 -0.5914 1.4739 -0.0675 0.5481 0.3935 0.7350 1069
1341848016.7578 0.0999 -0.5957 1.4736 -0.0690 0.5456 0.3969 0.7349 1070
1341848016.7841 0.0967 -0.6025 1.4719 -0.0684 0.5433 0.3990 0.7355 1071
1341848016.8188 0.0970 -0.6028 1.4718 -0.0685 0.5432 0.3993 0.7354 1072
1341848016.8508 0.0967 -0.6069 1.4704 -0.0690 0.5415 0.4019 0.7352 1073
1341848016.8828 0.0967 -0.6068 1.4704 -0.0691 0.5415 0.4019 0.7352 1074
1341848016.8828 0.0967 -0.6068 1.4704 -0.0691 0.5415 0.4019 0.7352 1075
1341848016.9507 0.0906 -0.6175 1.4696 -0.0714 0.5354 0.4088 0.7356 1076
1341848016.9507 0.0906 -0.6175 1.4696 -0.0714 0.5354 0.4088 0.7356 1077
1341848017.0187 0.0998 -0.5908 1.4981 -0.0516 0.5558 0.3922 0.7312 1078
1341848017.0508 0.0998 -0.5908 1.4981 -0.0516 0.5558 0.3922 0.7312 1079
1341848017.0868 0.0998 -0.5908 1.4981 -0.0516 0.5558 0.3922 0.7312 1080
1341848017.1186 0.0997 -0.5908 1.4980 -0.0515 0.5558 0.3921 0.7312 1081
1341848017.1507 0.0996 -0.5907 1.4980 -0.0516 0.5558 0.3921 0.7312 1082
1341848017.1869 0.0992 -0.5904 1.4984 -0.0512 0.5560 0.3916 0.7314 1083
1341848017.2188 0.0992 -0.5904 1.4984 -0.0512 0.5560 0.3916 0.7314 1084
1341848017.2547 0.0991 -0.5904 1.4983 -0.0512 0.5560 0.3916 0.7314 1085
1341848017.2866 0.0991 -0.5904 1.4983 -0.0512 0.5560 0.3916 0.7314 1086
1341848017.2866 0.0991 -0.5904 1.4983 -0.0512 0.5560 0.3916 0.7314 1087
1341848017.3547 0.1002 -0.5916 1.4971 -0.0511 0.5559 0.3922 0.7311 1088
1341848017.3868 0.1002 -0.5916 1.4971 -0.0511 0.5559 0.3922 0.7311 1089
1341848017.4188 0.1002 -0.5916 1.4971 -0.0511 0.5559 0.3922 0.7311 1090
1341848017.4548 0.1002 -0.5916 1.4971 -0.0511 0.5559 0.3922 0.7311 1091
1341848017.4867 0.1002 -0.5916 1.4971 -0.0511 0.5559 0.3922 0.7311 1092
1341848017.5227 0.1002 -0.5916 1.4971 -0.0511 0.5559 0.3922 0.7311 1093
1341848017.5548 0.1035 -0.5956 1.4898 -0.0524 0.5546 0.3964 0.7297 1094
1341848017.5878 0.1035 -0.5956 1.4898 -0.0524 0.5546 0.3964 0.7297 1095
1341848017.6227 0.1045 -0.5961 1.4886 -0.0526 0.5545 0.3970 0.7295 1096
1341848017.6227 0.1045 -0.5961 1.4886 -0.0526 0.5545 0.3970 0.7295 1097
1341848017.6227 0.1045 -0.5961 1.4886 -0.0526 0.5545 0.3970 0.7295 1098
1341848017.7228 0.0538 -0.6271 1.5188 -0.0155 0.6255 0.4073 0.6653 1099
1341848017.7548 0.0538 -0.6271 1.5188 -0.0155 0.6255 0.4073 0.6653 1100
1341848017.7907 0.0550 -0.6340 1.5146 -0.0141 0.6246 0.4093 0.6649 1101
1341848017.8228 0.0550 -0.6340 1.5146 -0.0141 0.6246 0.4093 0.6649 1102
1341848017.8547 0.0550 -0.6340 1.5146 -0.0141 0.6246 0.4093 0.6649 1103
1341848017.8907 0.0550 -0.6340 1.5146 -0.0141 0.6246 0.4093 0.6649 1104
1341848017.9228 0.0550 -0.6340 1.5146 -0.0141 0.6246 0.4093 0.6649 1105
1341848017.9586 0.0550 -0.6340 1.5146 -0.0141 0.6246 0.4093 0.6649 1106
1341848017.9907 0.0550 -0.6340 1.5145 -0.0141 0.6246 0.4093 0.6649 1107
1341848017.9907 0.0550 -0.6340 1.5145 -0.0141 0.6246 0.4093 0.6649 1108
1341848018.0588 0.0550 -0.6340 1.5145 -0.0141 0.6246 0.4093 0.6649 1109
1341848018.0909 0.0549 -0.6341 1.5144 -0.0142 0.6246 0.4093 0.6649 1110
1341848018.0909 0.0549 -0.6341 1.5144 -0.0142 0.6246 0.4093 0.6649 1111
1341848018.1591 0.0294 -0.6453 1.5383 -0.0041 0.6589 0.4082 0.6318 1112
1341848018.1908 0.0316 -0.6436 1.5378 -0.0046 0.6594 0.4080 0.6315 1113
1341848018.2267 0.0316 -0.6436 1.5378 -0.0046 0.6594 0.4080 0.6315 1114
1341848018.2588 0.0316 -0.6436 1.5378 -0.0046 0.6594 0.4080 0.6315 1115
1341848018.2907 0.0316 -0.6436 1.5378 -0.0046 0.6594 0.4080 0.6315 1116
1341848018.3339 0.0316 -0.6436 1.5378 -0.0046 0.6594 0.4080 0.6315 1117
1341848018.3672 0.0336 -0.6422 1.5368 -0.0052 0.6597 0.4082 0.6310 1118
1341848018.3977 0.0336 -0.6422 1.5368 -0.0052 0.6597 0.4082 0.6310 1119
1341848018.4338 0.0336 -0.6422 1.5368 -0.0052 0.6597 0.4082 0.6310 1120
1341848018.4338 0.0336 -0.6422 1.5368 -0.0052 0.6597 0.4082 0.6310 1121
1341848018.4338 0.0336 -0.6422 1.5368 -0.0052 0.6597 0.4082 0.6310 1122
1341848018.5345 0.0265 -0.6624 1.5662 0.0011 0.6844 0.4283 0.5900 1123
1341848018.5658 0.0265 -0.6624 1.5662 0.0011 0.6844 0.4283 0.5900 1124
1341848018.6017 0.0273 -0.6618 1.5664 0.0009 0.6846 0.4284 0.5898 1125
1341848018.6337 0.0273 -0.6618 1.5664 0.0010 0.6846 0.4284 0.5898 1126
1341848018.6698 0.0292 -0.6599 1.5670 0.0009 0.6853 0.4281 0.5892 1127
1341848018.6698 0.0292 -0.6599 1.5670 0.0009 0.6853 0.4281 0.5892 1128
1341848018.7339 0.0235 -0.6752 1.5913 -0.0015 0.7003 0.4354 0.5657 1129
1341848018.7697 0.0235 -0.6752 1.5913 -0.0015 0.7003 0.4354 0.5657 1130
1341848018.8022 0.0251 -0.6747 1.5920 -0.0016 0.7007 0.4354 0.5652 1131
1341848018.8338 0.0251 -0.6747 1.5920 -0.0016 0.7007 0.4354 0.5652 1132
1341848018.8698 0.0251 -0.6747 1.5920 -0.0016 0.7007 0.4354 0.5652 1133
1341848018.8698 0.0251 -0.6747 1.5920 -0.0016 0.7007 0.4354 0.5652 1134
1341848018.9338 0.0254 -0.6913 1.6140 -0.0049 0.7127 0.4338 0.5513 1135
1341848018.9697 0.0254 -0.6913 1.6140 -0.0049 0.7127 0.4338 0.5513 1136
1341848019.0023 0.0291 -0.6927 1.6134 -0.0071 0.7124 0.4360 0.5498 1137
1341848019.0698 0.0297 -0.6940 1.6132 -0.0074 0.7122 0.4368 0.5495 1138
1341848019.0964 0.0297 -0.6940 1.6132 -0.0074 0.7122 0.4368 0.5495 1139
1341848019.0964 0.0297 -0.6940 1.6132 -0.0074 0.7122 0.4368 0.5495 1140
1341848019.1627 0.0227 -0.7091 1.6323 -0.0038 0.7224 0.4352 0.5374 1141
1341848019.1986 0.0227 -0.7091 1.6323 -0.0038 0.7224 0.4352 0.5374 1142
1341848019.2311 0.0346 -0.6982 1.6315 -0.0066 0.7253 0.4340 0.5343 1143
1341848019.2627 0.0346 -0.6982 1.6315 -0.0066 0.7253 0.4340 0.5343 1144
1341848019.2627 0.0346 -0.6982 1.6315 -0.0066 0.7253 0.4340 0.5343 1145
1341848019.3307 0.0189 -0.7202 1.6490 -0.0073 0.7343 0.4402 0.5167 1146
1341848019.3627 0.0189 -0.7202 1.6490 -0.0073 0.7343 0.4402 0.5167 1147
1341848019.3987 0.0189 -0.7202 1.6490 -0.0073 0.7343 0.4402 0.5167 1148
1341848019.3987 0.0189 -0.7202 1.6490 -0.0073 0.7343 0.4402 0.5167 1149
1341848019.4670 0.0191 -0.7306 1.6653 -0.0127 0.7450 0.4440 0.4977 1150
1341848019.4988 0.0191 -0.7306 1.6653 -0.0127 0.7450 0.4440 0.4977 1151
1341848019.5308 0.0191 -0.7306 1.6653 -0.0127 0.7450 0.4440 0.4977 1152
1341848019.5671 0.0191 -0.7306 1.6653 -0.0127 0.7450 0.4440 0.4977 1153
1341848019.5987 0.0191 -0.7306 1.6653 -0.0127 0.7450 0.4440 0.4977 1154
1341848019.5987 0.0191 -0.7306 1.6653 -0.0127 0.7450 0.4440 0.4977 1155
1341848019.6669 0.0235 -0.7452 1.6967 -0.0086 0.7620 0.4448 0.4705 1156
1341848019.6987 0.0231 -0.7426 1.6976 -0.0092 0.7624 0.4441 0.4706 1157
1341848019.7348 0.0275 -0.7373 1.6975 -0.0106 0.7638 0.4434 0.4688 1158
1341848019.7667 0.0327 -0.7339 1.6966 -0.0117 0.7651 0.4432 0.4669 1159
1341848019.7987 0.0367 -0.7329 1.6960 -0.0130 0.7656 0.4439 0.4655 1160
1341848019.7987 0.0367 -0.7329 1.6960 -0.0130 0.7656 0.4439 0.4655 1161
1341848019.8668 0.0166 -0.7629 1.7228 -0.0083 0.7687 0.4499 0.4546 1162
1341848019.8988 0.0167 -0.7629 1.7227 -0.0084 0.7687 0.4499 0.4546 1163
1341848019.9348 0.0167 -0.7629 1.7228 -0.0084 0.7687 0.4499 0.4546 1164
1341848019.9348 0.0167 -0.7629 1.7228 -0.0084 0.7687 0.4499 0.4546 1165
1341848020.0028 0.0185 -0.7694 1.7342 -0.0027 0.7763 0.4558 0.4354 1166
1341848020.0028 0.0185 -0.7694 1.7342 -0.0027 0.7763 0.4558 0.4354 1167
1341848020.0667 0.0197 -0.7720 1.7389 -0.0037 0.7822 0.4562 0.4242 1168
1341848020.1028 0.0197 -0.7720 1.7389 -0.0037 0.7822 0.4562 0.4242 1169
1341848020.1348 0.0197 -0.7720 1.7389 -0.0037 0.7822 0.4562 0.4242 1170
1341848020.1348 0.0197 -0.7720 1.7389 -0.0037 0.7822 0.4562 0.4242 1171
1341848020.2027 0.0243 -0.7779 1.7494 -0.0043 0.7909 0.4595 0.4041 1172
1341848020.2349 0.0243 -0.7779 1.7494 -0.0043 0.7909 0.4595 0.4041 1173
1341848020.2349 0.0243 -0.7779 1.7494 -0.0043 0.7909 0.4595 0.4041 1174
1341848020.3028 0.0289 -0.7821 1.7565 -0.0053 0.7979 0.4607 0.3888 1175
1341848020.3349 0.0292 -0.7822 1.7565 -0.0053 0.7979 0.4607 0.3888 1176
1341848020.3349 0.0292 -0.7822 1.7565 -0.0053 0.7979 0.4607 0.3888 1177
1341848020.4028 0.0348 -0.7875 1.7640 -0.0029 0.8053 0.4620 0.3715 1178
1341848020.4388 0.0348 -0.7875 1.7640 -0.0029 0.8053 0.4620 0.3715 1179
1341848020.4712 0.0386 -0.7905 1.7614 -0.0031 0.8051 0.4629 0.3709 1180
1341848020.4712 0.0386 -0.7905 1.7614 -0.0031 0.8051 0.4629 0.3709 1181
1341848020.5387 0.0433 -0.7933 1.7738 0.0000 0.8191 0.4561 0.3478 1182
1341848020.5708 0.0433 -0.7933 1.7738 0.0000 0.8191 0.4561 0.3478 1183
1341848020.6028 0.0433 -0.7933 1.7738 0.0000 0.8191 0.4561 0.3478 1184
1341848020.6389 0.0435 -0.7932 1.7733 -0.0003 0.8190 0.4563 0.3479 1185
1341848020.6708 0.0435 -0.7932 1.7733 -0.0003 0.8190 0.4563 0.3479 1186
1341848020.7067 0.0435 -0.7932 1.7733 -0.0003 0.8190 0.4563 0.3479 1187
1341848020.7067 0.0435 -0.7932 1.7733 -0.0003 0.8190 0.4563 0.3479 1188
1341848020.7708 0.0690 -0.7980 1.7949 0.0063 0.8295 0.4679 0.3050 1189
1341848020.8072 0.0690 -0.7980 1.7949 0.0063 0.8295 0.4679 0.3050 1190
1341848020.8391 0.0690 -0.7980 1.7949 0.0063 0.8295 0.4679 0.3050 1191
1341848020.8710 0.0696 -0.7977 1.7949 0.0065 0.8296 0.4679 0.3047 1192
1341848020.9066 0.0701 -0.7974 1.7950 0.0064 0.8296 0.4679 0.3045 1193
1341848020.9388 0.0701 -0.7974 1.7950 0.0064 0.8296 0.4679 0.3045 1194
1341848020.9388 0.0701 -0.7974 1.7950 0.0064 0.8296 0.4679 0.3045 1195
1341848021.0066 0.0800 -0.8145 1.8078 0.0102 0.8321 0.4750 0.2862 1196
1341848021.0396 0.0800 -0.8145 1.8078 0.0102 0.8321 0.4750 0.2862 1197
1341848021.0748 0.0800 -0.8145 1.8078 0.0102 0.8321 0.4750 0.2862 1198
1341848021.1067 0.0800 -0.8145 1.8078 0.0102 0.8321 0.4750 0.2862 1199
1341848021.1428 0.0800 -0.8145 1.8078 0.0102 0.8321 0.4750 0.2862 1200
1341848021.1750 0.0800 -0.8145 1.8078 0.0102 0.8321 0.4750 0.2862 1201
1341848021.2067 0.0800 -0.8145 1.8078 0.0102 0.8321 0.4750 0.2862 1202
1341848021.2427 0.0800 -0.8145 1.8078 0.0102 0.8321 0.4750 0.2862 1203
1341848021.2749 0.0800 -0.8145 1.8077 0.0102 0.8321 0.4750 0.2862 1204
1341848021.2749 0.0800 -0.8145 1.8077 0.0102 0.8321 0.4750 0.2862 1205
1341848021.3434 0.0811 -0.8098 1.8085 0.0102 0.8335 0.4725 0.2862 1206
1341848021.3434 0.0811 -0.8098 1.8085 0.0102 0.8335 0.4725 0.2862 1207
1341848021.4143 0.1182 -0.8271 1.8295 0.0098 0.8524 0.4697 0.2294 1208
1341848021.4557 0.1197 -0.8280 1.8291 0.0099 0.8525 0.4698 0.2289 1209
1341848021.4557 0.1197 -0.8280 1.8291 0.0099 0.8525 0.4698 0.2289 1210
1341848021.5147 0.1309 -0.8335 1.8373 0.0192 0.8613 0.4642 0.2056 1211
1341848021.5508 0.1309 -0.8335 1.8373 0.0192 0.8613 0.4642 0.2056 1212
1341848021.6178 0.1309 -0.8335 1.8373 0.0192 0.8613 0.4642 0.2056 1213
1341848021.6431 0.1311 -0.8336 1.8373 0.0192 0.8613 0.4642 0.2055 1214
1341848021.6431 0.1311 -0.8336 1.8373 0.0192 0.8613 0.4642 0.2055 1215
1341848021.7107 0.1559 -0.8416 1.8505 0.0108 0.8694 0.4605 0.1790 1216
1341848021.7428 0.1559 -0.8416 1.8505 0.0108 0.8694 0.4605 0.1790 1217
1341848021.7787 0.1559 -0.8416 1.8505 0.0108 0.8694 0.4605 0.1790 1218
1341848021.8109 0.1559 -0.8416 1.8505 0.0108 0.8694 0.4605 0.1790 1219
1341848021.8446 0.1559 -0.8416 1.8505 0.0108 0.8694 0.4605 0.1790 1220
1341848021.8789 0.1559 -0.8416 1.8505 0.0108 0.8694 0.4605 0.1790 1221
1341848021.9106 0.1559 -0.8416 1.8505 0.0108 0.8694 0.4605 0.1790 1222
1341848021.9467 0.1559 -0.8416 1.8504 0.0108 0.8694 0.4605 0.1790 1223
1341848021.9787 0.1559 -0.8416 1.8504 0.0108 0.8694 0.4605 0.1790 1224
1341848021.9787 0.1559 -0.8416 1.8504 0.0108 0.8694 0.4605 0.1790 1225
1341848022.0467 0.1566 -0.8408 1.8502 0.0109 0.8696 0.4601 0.1788 1226
1341848022.0787 0.1566 -0.8408 1.8502 0.0109 0.8696 0.4601 0.1788 1227
1341848022.1110 0.1575 -0.8401 1.8497 0.0115 0.8701 0.4593 0.1785 1228
1341848022.1467 0.1579 -0.8388 1.8487 0.0118 0.8706 0.4585 0.1782 1229
1341848022.1467 0.1579 -0.8388 1.8487 0.0118 0.8706 0.4585 0.1782 1230
1341848022.2148 0.2203 -0.8477 1.8569 -0.0009 0.8819 0.4566 0.1174 1231
1341848022.2148 0.2203 -0.8477 1.8569 -0.0009 0.8819 0.4566 0.1174 1232
1341848022.2788 0.2289 -0.8486 1.8542 -0.0008 0.8849 0.4534 0.1066 1233
1341848022.3148 0.2289 -0.8486 1.8542 -0.0008 0.8849 0.4534 0.1066 1234
1341848022.3541 0.2289 -0.8486 1.8542 -0.0008 0.8849 0.4534 0.1066 1235
1341848022.3872 0.2295 -0.8491 1.8538 -0.0007 0.8849 0.4535 0.1064 1236
1341848022.4178 0.2299 -0.8492 1.8536 -0.0007 0.8849 0.4536 0.1063 1237
1341848022.4542 0.2331 -0.8511 1.8514 0.0029 0.8856 0.4524 0.1052 1238
1341848022.4856 0.2335 -0.8510 1.8515 0.0030 0.8860 0.4514 0.1056 1239
1341848022.5217 0.2342 -0.8520 1.8500 0.0038 0.8862 0.4512 0.1056 1240
1341848022.5542 0.2354 -0.8529 1.8482 0.0047 0.8862 0.4511 0.1053 1241
1341848022.5542 0.2354 -0.8529 1.8482 0.0047 0.8862 0.4511 0.1053 1242
1341848022.5542 0.2354 -0.8529 1.8482 0.0047 0.8862 0.4511 0.1053 1243
1341848022.6542 0.2844 -0.8650 1.8315 0.0135 0.8950 0.4440 0.0405 1244
1341848022.6903 0.2844 -0.8650 1.8315 0.0135 0.8950 0.4440 0.0405 1245
1341848022.7217 0.2845 -0.8650 1.8314 0.0135 0.8950 0.4440 0.0405 1246
1341848022.7537 0.2846 -0.8649 1.8314 0.0135 0.8950 0.4440 0.0405 1247
1341848022.7830 0.2846 -0.8649 1.8314 0.0135 0.8950 0.4440 0.0405 1248
1341848022.8148 0.2846 -0.8649 1.8315 0.0134 0.8950 0.4440 0.0405 1249
1341848022.8508 0.2843 -0.8640 1.8313 0.0133 0.8952 0.4437 0.0409 1250
1341848022.8508 0.2843 -0.8640 1.8313 0.0133 0.8952 0.4437 0.0409 1251
1341848022.8508 0.2843 -0.8640 1.8313 0.0133 0.8952 0.4437 0.0409 1252
1341848022.8508 0.2843 -0.8640 1.8313 0.0133 0.8952 0.4437 0.0409 1253
1341848022.8508 0.2843 -0.8640 1.8313 0.0133 0.8952 0.4437 0.0409 1254
1341848023.0188 0.3122 -0.8562 1.8180 0.0044 -0.8891 -0.4567 0.0305 1255
1341848023.0508 0.3112 -0.8563 1.8183 0.0044 -0.8891 -0.4568 0.0301 1256
1341848023.0508 0.3112 -0.8563 1.8183 0.0044 -0.8891 -0.4568 0.0301 1257
1341848023.1188 0.3295 -0.8484 1.8100 0.0028 -0.8845 -0.4621 0.0635 1258
1341848023.1510 0.3288 -0.8484 1.8104 0.0029 -0.8845 -0.4622 0.0631 1259
1341848023.1867 0.3288 -0.8488 1.8109 0.0047 -0.8843 -0.4627 0.0623 1260
1341848023.2187 0.3273 -0.8457 1.8140 0.0085 -0.8845 -0.4626 0.0604 1261
1341848023.2508 0.3270 -0.8396 1.8177 0.0103 -0.8853 -0.4611 0.0594 1262
1341848023.2868 0.3263 -0.8231 1.8284 0.0140 -0.8879 -0.4562 0.0573 1263
1341848023.3188 0.3224 -0.8162 1.8340 0.0161 -0.8892 -0.4539 0.0552 1264
1341848023.3188 0.3224 -0.8162 1.8340 0.0161 -0.8892 -0.4539 0.0552 1265
1341848023.3869 0.3629 -0.8344 1.8028 0.0105 -0.8696 -0.4778 0.1241 1266
1341848023.4187 0.3629 -0.8344 1.8028 0.0105 -0.8696 -0.4778 0.1241 1267
1341848023.4547 0.3629 -0.8344 1.8028 0.0105 -0.8696 -0.4778 0.1241 1268
1341848023.4871 0.3630 -0.8343 1.8029 0.0105 -0.8696 -0.4778 0.1242 1269
1341848023.5187 0.3631 -0.8338 1.8030 0.0104 -0.8697 -0.4776 0.1242 1270
1341848023.5551 0.3632 -0.8338 1.8030 0.0104 -0.8697 -0.4776 0.1242 1271
1341848023.5868 0.3632 -0.8337 1.8030 0.0104 -0.8697 -0.4776 0.1242 1272
1341848023.6228 0.3632 -0.8337 1.8030 0.0104 -0.8697 -0.4776 0.1242 1273
1341848023.6547 0.3632 -0.8337 1.8030 0.0104 -0.8697 -0.4776 0.1242 1274
1341848023.6547 0.3632 -0.8337 1.8030 0.0104 -0.8697 -0.4776 0.1242 1275
1341848023.7227 0.3632 -0.8337 1.8030 0.0104 -0.8697 -0.4776 0.1242 1276
1341848023.7227 0.3632 -0.8337 1.8030 0.0104 -0.8697 -0.4776 0.1242 1277
1341848023.7869 0.3989 -0.8146 1.7767 0.0105 -0.8590 -0.4784 0.1823 1278
1341848023.8228 0.3991 -0.8147 1.7766 0.0105 -0.8589 -0.4784 0.1823 1279
1341848023.8228 0.3991 -0.8147 1.7766 0.0105 -0.8589 -0.4784 0.1823 1280
1341848023.8907 0.4049 -0.8075 1.7659 0.0137 -0.8568 -0.4765 0.1969 1281
1341848023.9228 0.4049 -0.8075 1.7659 0.0137 -0.8568 -0.4765 0.1969 1282
1341848023.9548 0.4049 -0.8075 1.7659 0.0137 -0.8568 -0.4765 0.1969 1283
1341848023.9907 0.4058 -0.8077 1.7650 0.0134 -0.8567 -0.4765 0.1971 1284
1341848024.0227 0.4058 -0.8077 1.7650 0.0134 -0.8567 -0.4765 0.1971 1285
1341848024.0547 0.4059 -0.8076 1.7650 0.0133 -0.8567 -0.4765 0.1971 1286
1341848024.0908 0.4059 -0.8076 1.7649 0.0133 -0.8567 -0.4764 0.1971 1287
1341848024.1228 0.4059 -0.8076 1.7649 0.0133 -0.8567 -0.4764 0.1971 1288
1341848024.1588 0.4059 -0.8076 1.7649 0.0133 -0.8567 -0.4764 0.1971 1289
1341848024.1588 0.4059 -0.8076 1.7649 0.0133 -0.8567 -0.4764 0.1971 1290
1341848024.1588 0.4059 -0.8076 1.7649 0.0133 -0.8567 -0.4764 0.1971 1291
1341848024.2588 0.4210 -0.7922 1.7261 -0.0073 -0.8461 -0.4706 0.2501 1292
1341848024.2908 0.4210 -0.7922 1.7261 -0.0073 -0.8461 -0.4706 0.2501 1293
1341848024.3227 0.4210 -0.7922 1.7261 -0.0073 -0.8461 -0.4706 0.2501 1294
1341848024.3587 0.4210 -0.7922 1.7261 -0.0073 -0.8461 -0.4706 0.2501 1295
1341848024.3909 0.4211 -0.7923 1.7261 -0.0073 -0.8461 -0.4706 0.2501 1296
1341848024.4268 0.4213 -0.7922 1.7261 -0.0075 -0.8461 -0.4706 0.2502 1297
1341848024.4268 0.4213 -0.7922 1.7261 -0.0075 -0.8461 -0.4706 0.2502 1298
1341848024.4910 0.4282 -0.7782 1.7039 -0.0065 -0.8339 -0.4762 0.2789 1299
1341848024.5268 0.4282 -0.7782 1.7039 -0.0065 -0.8339 -0.4762 0.2789 1300
1341848024.5586 0.4282 -0.7782 1.7039 -0.0065 -0.8339 -0.4762 0.2789 1301
1341848024.5947 0.4284 -0.7781 1.7038 -0.0066 -0.8339 -0.4762 0.2790 1302
1341848024.6267 0.4284 -0.7781 1.7038 -0.0066 -0.8339 -0.4762 0.2790 1303
1341848024.6267 0.4284 -0.7781 1.7038 -0.0066 -0.8339 -0.4762 0.2790 1304
1341848024.6948 0.4389 -0.7650 1.6893 -0.0029 -0.8227 -0.4808 0.3032 1305
1341848024.7271 0.4429 -0.7636 1.6890 -0.0029 -0.8223 -0.4807 0.3046 1306
1341848024.7589 0.4429 -0.7636 1.6890 -0.0029 -0.8223 -0.4807 0.3046 1307
1341848024.7947 0.4430 -0.7636 1.6890 -0.0029 -0.8223 -0.4807 0.3047 1308
1341848024.8267 0.4436 -0.7636 1.6890 -0.0029 -0.8222 -0.4807 0.3049 1309
1341848024.8628 0.4437 -0.7636 1.6891 -0.0030 -0.8221 -0.4807 0.3049 1310
1341848024.8948 0.4437 -0.7636 1.6891 -0.0030 -0.8221 -0.4807 0.3049 1311
1341848024.9268 0.4437 -0.7636 1.6891 -0.0030 -0.8221 -0.4807 0.3049 1312
1341848024.9627 0.4437 -0.7636 1.6891 -0.0029 -0.8221 -0.4807 0.3050 1313
1341848024.9627 0.4437 -0.7636 1.6891 -0.0029 -0.8221 -0.4807 0.3050 1314
1341848025.0269 0.4555 -0.7588 1.6908 -0.0003 -0.8214 -0.4795 0.3089 1315
1341848025.0269 0.4555 -0.7588 1.6908 -0.0003 -0.8214 -0.4795 0.3089 1316
1341848025.0947 0.4770 -0.7449 1.6665 -0.0177 -0.8084 -0.4740 0.3486 1317
1341848025.1311 0.4840 -0.7427 1.6662 -0.0184 -0.8075 -0.4737 0.3511 1318
1341848025.1631 0.4840 -0.7427 1.6662 -0.0184 -0.8075 -0.4737 0.3511 1319
1341848025.1949 0.4841 -0.7427 1.6661 -0.0184 -0.8075 -0.4737 0.3511 1320
1341848025.2306 0.4878 -0.7424 1.6661 -0.0182 -0.8069 -0.4737 0.3524 1321
1341848025.2627 0.4878 -0.7424 1.6661 -0.0182 -0.8069 -0.4737 0.3524 1322
1341848025.2947 0.4878 -0.7424 1.6661 -0.0182 -0.8069 -0.4737 0.3524 1323
1341848025.3307 0.4892 -0.7426 1.6664 -0.0182 -0.8066 -0.4739 0.3529 1324
1341848025.3630 0.4892 -0.7426 1.6664 -0.0182 -0.8066 -0.4739 0.3529 1325
1341848025.3630 0.4892 -0.7426 1.6664 -0.0182 -0.8066 -0.4739 0.3529 1326
1341848025.4307 0.4998 -0.7405 1.6665 -0.0183 -0.8051 -0.4735 0.3567 1327
1341848025.4307 0.4998 -0.7405 1.6665 -0.0183 -0.8051 -0.4735 0.3567 1328
1341848025.4987 0.5168 -0.7273 1.6423 -0.0188 -0.7930 -0.4712 0.3857 1329
1341848025.5308 0.5168 -0.7273 1.6423 -0.0188 -0.7930 -0.4712 0.3857 1330
1341848025.5668 0.5168 -0.7273 1.6423 -0.0188 -0.7930 -0.4712 0.3857 1331
1341848025.5987 0.5168 -0.7273 1.6423 -0.0188 -0.7930 -0.4712 0.3857 1332
1341848025.6307 0.5171 -0.7271 1.6423 -0.0190 -0.7929 -0.4712 0.3858 1333
1341848025.6667 0.5174 -0.7271 1.6424 -0.0192 -0.7929 -0.4712 0.3859 1334
1341848025.6667 0.5174 -0.7271 1.6424 -0.0192 -0.7929 -0.4712 0.3859 1335
1341848025.7307 0.5327 -0.7180 1.6300 -0.0155 -0.7840 -0.4712 0.4038 1336
1341848025.7667 0.5327 -0.7180 1.6300 -0.0155 -0.7840 -0.4712 0.4038 1337
1341848025.7989 0.5327 -0.7180 1.6300 -0.0155 -0.7840 -0.4712 0.4038 1338
1341848025.8348 0.5327 -0.7180 1.6300 -0.0155 -0.7840 -0.4712 0.4038 1339
1341848025.8667 0.5327 -0.7180 1.6300 -0.0155 -0.7840 -0.4712 0.4038 1340
1341848025.8987 0.5327 -0.7180 1.6300 -0.0155 -0.7840 -0.4712 0.4038 1341
1341848025.9348 0.5327 -0.7180 1.6300 -0.0155 -0.7840 -0.4712 0.4038 1342
1341848025.9671 0.5327 -0.7180 1.6300 -0.0155 -0.7840 -0.4712 0.4038 1343
1341848025.9987 0.5332 -0.7178 1.6300 -0.0156 -0.7840 -0.4711 0.4040 1344
1341848025.9987 0.5332 -0.7178 1.6300 -0.0156 -0.7840 -0.4711 0.4040 1345
1341848026.0669 0.5340 -0.7180 1.6299 -0.0155 -0.7838 -0.4711 0.4043 1346
1341848026.1028 0.5383 -0.7180 1.6300 -0.0143 -0.7829 -0.4712 0.4059 1347
1341848026.1347 0.5433 -0.7176 1.6301 -0.0124 -0.7820 -0.4712 0.4078 1348
1341848026.1667 0.5466 -0.7178 1.6302 -0.0118 -0.7813 -0.4713 0.4090 1349
1341848026.1667 0.5466 -0.7178 1.6302 -0.0118 -0.7813 -0.4713 0.4090 1350
1341848026.2349 0.5658 -0.6893 1.6003 -0.0364 -0.7653 -0.4590 0.4497 1351
1341848026.2670 0.5658 -0.6893 1.6003 -0.0364 -0.7653 -0.4590 0.4497 1352
1341848026.3029 0.5718 -0.6836 1.6021 -0.0379 -0.7648 -0.4574 0.4521 1353
1341848026.3029 0.5718 -0.6836 1.6021 -0.0379 -0.7648 -0.4574 0.4521 1354
1341848026.3710 0.5685 -0.6848 1.5908 -0.0446 -0.7575 -0.4601 0.4610 1355
1341848026.4027 0.5689 -0.6846 1.5908 -0.0446 -0.7575 -0.4600 0.4611 1356
1341848026.4347 0.5689 -0.6846 1.5908 -0.0446 -0.7575 -0.4600 0.4611 1357
1341848026.4708 0.5690 -0.6846 1.5908 -0.0445 -0.7575 -0.4600 0.4612 1358
1341848026.5027 0.5690 -0.6846 1.5908 -0.0445 -0.7575 -0.4600 0.4612 1359
1341848026.5347 0.5691 -0.6846 1.5908 -0.0444 -0.7574 -0.4600 0.4612 1360
1341848026.5708 0.5793 -0.6852 1.5867 -0.0386 -0.7558 -0.4593 0.4650 1361
1341848026.6027 0.5858 -0.6851 1.5842 -0.0364 -0.7548 -0.4589 0.4674 1362
1341848026.6420 0.5862 -0.6851 1.5842 -0.0362 -0.7547 -0.4589 0.4675 1363
1341848026.6420 0.5862 -0.6851 1.5842 -0.0362 -0.7547 -0.4589 0.4675 1364
1341848026.7028 0.5954 -0.6830 1.5809 -0.0309 -0.7538 -0.4574 0.4708 1365
1341848026.7388 0.5954 -0.6829 1.5810 -0.0309 -0.7538 -0.4574 0.4708 1366
1341848026.7708 0.5953 -0.6829 1.5810 -0.0309 -0.7538 -0.4574 0.4708 1367
1341848026.8067 0.5953 -0.6829 1.5810 -0.0309 -0.7538 -0.4574 0.4708 1368
1341848026.8067 0.5953 -0.6829 1.5810 -0.0309 -0.7538 -0.4574 0.4708 1369
1341848026.8780 0.5996 -0.6622 1.5617 -0.0454 -0.7493 -0.4482 0.4854 1370
1341848026.9069 0.5996 -0.6622 1.5617 -0.0454 -0.7493 -0.4482 0.4854 1371
1341848026.9389 0.5996 -0.6622 1.5617 -0.0454 -0.7493 -0.4482 0.4854 1372
1341848026.9707 0.5996 -0.6622 1.5617 -0.0454 -0.7493 -0.4482 0.4854 1373
1341848027.0068 0.5995 -0.6622 1.5617 -0.0454 -0.7493 -0.4482 0.4854 1374
1341848027.0387 0.5995 -0.6622 1.5616 -0.0454 -0.7493 -0.4482 0.4854 1375
1341848027.0387 0.5995 -0.6622 1.5616 -0.0454 -0.7493 -0.4482 0.4854 1376
1341848027.1067 0.6342 -0.6452 1.5478 -0.0411 -0.7465 -0.4489 0.4893 1377
1341848027.1387 0.6372 -0.6472 1.5420 -0.0414 -0.7457 -0.4491 0.4905 1378
1341848027.1748 0.6372 -0.6472 1.5420 -0.0414 -0.7457 -0.4491 0.4905 1379
1341848027.2072 0.6372 -0.6472 1.5420 -0.0414 -0.7457 -0.4491 0.4905 1380
1341848027.2387 0.6373 -0.6474 1.5418 -0.0412 -0.7456 -0.4491 0.4905 1381
1341848027.2747 0.6373 -0.6474 1.5416 -0.0412 -0.7456 -0.4492 0.4905 1382
1341848027.3067 0.6376 -0.6476 1.5411 -0.0412 -0.7455 -0.4492 0.4907 1383
1341848027.3428 0.6403 -0.6480 1.5359 -0.0398 -0.7446 -0.4494 0.4921 1384
1341848027.3749 0.6413 -0.6473 1.5334 -0.0387 -0.7444 -0.4491 0.4927 1385
1341848027.3749 0.6413 -0.6473 1.5334 -0.0387 -0.7444 -0.4491 0.4927 1386
1341848027.4430 0.6444 -0.6453 1.5231 -0.0340 -0.7434 -0.4486 0.4950 1387
1341848027.4430 0.6444 -0.6453 1.5231 -0.0340 -0.7434 -0.4486 0.4950 1388
1341848027.5067 0.6861 -0.6446 1.5280 -0.0396 -0.7499 -0.4314 0.5000 1389
1341848027.5067 0.6861 -0.6446 1.5280 -0.0396 -0.7499 -0.4314 0.5000 1390
1341848027.5747 0.6941 -0.6393 1.5241 -0.0377 -0.7540 -0.4274 0.4973 1391
1341848027.5747 0.6941 -0.6393 1.5241 -0.0377 -0.7540 -0.4274 0.4973 1392
1341848027.6427 0.7015 -0.6380 1.5227 -0.0359 -0.7585 -0.4247 0.4930 1393
1341848027.6747 0.7015 -0.6380 1.5227 -0.0359 -0.7585 -0.4247 0.4930 1394
1341848027.6747 0.7015 -0.6380 1.5227 -0.0359 -0.7585 -0.4247 0.4930 1395
1341848027.7428 0.7101 -0.6334 1.5160 -0.0346 -0.7601 -0.4247 0.4905 1396
1341848027.7788 0.7101 -0.6334 1.5160 -0.0346 -0.7601 -0.4247 0.4905 1397
1341848027.8107 0.7100 -0.6335 1.5160 -0.0346 -0.7601 -0.4247 0.4905 1398
1341848027.8428 0.7100 -0.6335 1.5160 -0.0346 -0.7601 -0.4247 0.4905 1399
1341848027.8428 0.7100 -0.6335 1.5160 -0.0346 -0.7601 -0.4247 0.4905 1400
1341848027.9111 0.7240 -0.6267 1.5043 -0.0302 -0.7628 -0.4286 0.4833 1401
1341848027.9111 0.7240 -0.6267 1.5043 -0.0302 -0.7628 -0.4286 0.4833 1402
1341848027.9788 0.7288 -0.6249 1.4999 -0.0273 -0.7636 -0.4319 0.4793 1403
1341848028.0110 0.7288 -0.6249 1.4999 -0.0273 -0.7636 -0.4319 0.4793 1404
1341848028.0110 0.7288 -0.6249 1.4999 -0.0273 -0.7636 -0.4319 0.4793 1405
1341848028.0790 0.7326 -0.6207 1.4926 -0.0245 -0.7671 -0.4319 0.4738 1406
1341848028.1110 0.7326 -0.6207 1.4926 -0.0245 -0.7671 -0.4319 0.4738 1407
1341848028.1110 0.7326 -0.6207 1.4926 -0.0245 -0.7671 -0.4319 0.4738 1408
1341848028.1860 0.7369 -0.6165 1.4832 -0.0263 -0.7702 -0.4282 0.4720 1409
1341848028.1860 0.7369 -0.6165 1.4832 -0.0263 -0.7702 -0.4282 0.4720 1410
1341848028.2788 0.7413 -0.6115 1.4734 -0.0258 -0.7712 -0.4243 0.4740 1411
1341848028.3149 0.7407 -0.6120 1.4731 -0.0255 -0.7712 -0.4243 0.4739 1412
1341848028.3480 0.7407 -0.6120 1.4731 -0.0255 -0.7712 -0.4243 0.4739 1413
1341848028.3790 0.7408 -0.6121 1.4731 -0.0254 -0.7712 -0.4243 0.4739 1414
1341848028.3790 0.7408 -0.6121 1.4731 -0.0254 -0.7712 -0.4243 0.4739 1415
1341848028.4476 0.7481 -0.6050 1.4547 -0.0259 -0.7708 -0.4165 0.4813 1416
1341848028.4828 0.7481 -0.6050 1.4547 -0.0259 -0.7708 -0.4165 0.4813 1417
1341848028.5147 0.7481 -0.6050 1.4547 -0.0259 -0.7708 -0.4165 0.4813 1418
1341848028.5147 0.7481 -0.6050 1.4547 -0.0259 -0.7708 -0.4165 0.4813 1419
1341848028.5827 0.7534 -0.5950 1.4431 -0.0312 -0.7707 -0.4115 0.4856 1420
1341848028.5827 0.7534 -0.5950 1.4431 -0.0312 -0.7707 -0.4115 0.4856 1421
1341848028.6538 0.7593 -0.5912 1.4376 -0.0304 -0.7711 -0.4103 0.4858 1422
1341848028.6538 0.7593 -0.5912 1.4376 -0.0304 -0.7711 -0.4103 0.4858 1423
1341848028.7472 0.7639 -0.5861 1.4263 -0.0323 -0.7709 -0.4111 0.4855 1424
1341848028.7472 0.7639 -0.5861 1.4263 -0.0323 -0.7709 -0.4111 0.4855 1425
1341848028.8148 0.7674 -0.5830 1.4189 -0.0337 -0.7710 -0.4102 0.4859 1426
1341848028.8508 0.7674 -0.5830 1.4189 -0.0337 -0.7710 -0.4102 0.4859 1427
1341848028.8508 0.7674 -0.5830 1.4189 -0.0337 -0.7710 -0.4102 0.4859 1428
1341848028.9148 0.7738 -0.5780 1.4091 -0.0332 -0.7719 -0.4096 0.4851 1429
1341848028.9148 0.7738 -0.5780 1.4091 -0.0332 -0.7719 -0.4096 0.4851 1430
1341848028.9827 0.7771 -0.5753 1.4034 -0.0370 -0.7710 -0.4117 0.4845 1431
1341848029.0187 0.7771 -0.5753 1.4034 -0.0370 -0.7710 -0.4117 0.4845 1432
1341848029.0187 0.7771 -0.5753 1.4034 -0.0370 -0.7710 -0.4117 0.4845 1433
1341848029.0829 0.7814 -0.5716 1.3923 -0.0336 -0.7690 -0.4154 0.4847 1434
1341848029.1188 0.7814 -0.5716 1.3923 -0.0336 -0.7690 -0.4154 0.4847 1435
1341848029.1507 0.7814 -0.5716 1.3923 -0.0336 -0.7690 -0.4154 0.4847 1436
1341848029.1507 0.7814 -0.5716 1.3923 -0.0336 -0.7690 -0.4154 0.4847 1437
1341848029.2187 0.7869 -0.5632 1.3823 -0.0338 -0.7659 -0.4171 0.4882 1438
1341848029.2506 0.7869 -0.5632 1.3823 -0.0338 -0.7659 -0.4171 0.4882 1439
1341848029.2870 0.7869 -0.5632 1.3823 -0.0338 -0.7659 -0.4171 0.4882 1440
1341848029.3202 0.7869 -0.5632 1.3823 -0.0338 -0.7659 -0.4171 0.4882 1441
1341848029.3510 0.7869 -0.5634 1.3775 -0.0375 -0.7650 -0.4171 0.4893 1442
1341848029.3869 0.7869 -0.5634 1.3775 -0.0375 -0.7650 -0.4171 0.4893 1443
1341848029.4188 0.7869 -0.5634 1.3775 -0.0375 -0.7650 -0.4171 0.4893 1444
1341848029.4508 0.7870 -0.5632 1.3774 -0.0376 -0.7650 -0.4170 0.4893 1445
1341848029.4868 0.7871 -0.5631 1.3774 -0.0376 -0.7650 -0.4170 0.4894 1446
1341848029.4868 0.7871 -0.5631 1.3774 -0.0376 -0.7650 -0.4170 0.4894 1447
1341848029.5547 0.7906 -0.5623 1.3716 -0.0404 -0.7638 -0.4165 0.4914 1448
1341848029.5870 0.7934 -0.5615 1.3675 -0.0416 -0.7630 -0.4161 0.4930 1449
1341848029.6187 0.7934 -0.5615 1.3675 -0.0416 -0.7630 -0.4161 0.4930 1450
1341848029.6553 0.7958 -0.5607 1.3649 -0.0435 -0.7623 -0.4156 0.4943 1451
1341848029.6868 0.7958 -0.5607 1.3649 -0.0435 -0.7623 -0.4156 0.4943 1452
1341848029.7188 0.7960 -0.5606 1.3646 -0.0437 -0.7622 -0.4155 0.4944 1453
1341848029.7548 0.7962 -0.5606 1.3644 -0.0439 -0.7622 -0.4155 0.4945 1454
1341848029.7869 0.7962 -0.5606 1.3644 -0.0439 -0.7622 -0.4155 0.4945 1455
1341848029.8228 0.7964 -0.5605 1.3642 -0.0440 -0.7621 -0.4155 0.4946 1456
1341848029.8228 0.7964 -0.5605 1.3642 -0.0440 -0.7621 -0.4155 0.4946 1457
1341848029.8880 0.8443 -0.5401 1.3358 -0.0323 -0.7414 -0.4036 0.5351 1458
1341848029.9228 0.8458 -0.5370 1.3351 -0.0335 -0.7414 -0.4025 0.5359 1459
1341848029.9546 0.8458 -0.5369 1.3350 -0.0336 -0.7414 -0.4025 0.5359 1460
1341848029.9908 0.8458 -0.5369 1.3350 -0.0336 -0.7414 -0.4025 0.5359 1461
1341848030.0229 0.8468 -0.5350 1.3343 -0.0352 -0.7414 -0.4018 0.5363 1462
1341848030.0548 0.8469 -0.5348 1.3339 -0.0364 -0.7414 -0.4016 0.5364 1463
1341848030.0548 0.8469 -0.5348 1.3339 -0.0364 -0.7414 -0.4016 0.5364 1464
1341848030.1228 0.8671 -0.5300 1.3235 -0.0360 -0.7297 -0.3993 0.5538 1465
1341848030.1549 0.8671 -0.5300 1.3235 -0.0360 -0.7297 -0.3993 0.5538 1466
1341848030.1907 0.8671 -0.5300 1.3235 -0.0360 -0.7297 -0.3993 0.5538 1467
1341848030.1907 0.8671 -0.5300 1.3235 -0.0360 -0.7297 -0.3993 0.5538 1468
1341848030.2589 0.8757 -0.5255 1.3160 -0.0355 -0.7217 -0.3996 0.5641 1469
1341848030.2909 0.8757 -0.5255 1.3159 -0.0355 -0.7217 -0.3996 0.5641 1470
1341848030.3228 0.8757 -0.5255 1.3159 -0.0355 -0.7217 -0.3996 0.5641 1471
1341848030.3228 0.8757 -0.5255 1.3159 -0.0355 -0.7217 -0.3996 0.5641 1472
1341848030.3908 0.8842 -0.5192 1.3081 -0.0344 -0.7111 -0.4005 0.5769 1473
1341848030.4228 0.8842 -0.5192 1.3081 -0.0344 -0.7111 -0.4005 0.5769 1474
1341848030.4228 0.8842 -0.5192 1.3081 -0.0344 -0.7111 -0.4005 0.5769 1475
1341848030.4908 0.8887 -0.5136 1.3013 -0.0346 -0.7042 -0.3995 0.5859 1476
1341848030.5267 0.8892 -0.5138 1.3009 -0.0348 -0.7039 -0.3996 0.5862 1477
1341848030.5658 0.8892 -0.5138 1.3009 -0.0348 -0.7039 -0.3996 0.5862 1478
1341848030.5909 0.8932 -0.5119 1.2983 -0.0353 -0.7026 -0.3994 0.5879 1479
1341848030.6270 0.8932 -0.5119 1.2983 -0.0353 -0.7026 -0.3994 0.5879 1480
1341848030.6589 0.8979 -0.5104 1.2978 -0.0328 -0.7013 -0.3996 0.5895 1481
1341848030.6907 0.8979 -0.5104 1.2978 -0.0328 -0.7013 -0.3996 0.5895 1482
1341848030.7268 0.8980 -0.5104 1.2977 -0.0328 -0.7012 -0.3996 0.5895 1483
1341848030.7588 0.8982 -0.5104 1.2976 -0.0326 -0.7012 -0.3996 0.5896 1484
1341848030.7588 0.8982 -0.5104 1.2976 -0.0326 -0.7012 -0.3996 0.5896 1485
1341848030.8275 0.8984 -0.5102 1.2975 -0.0325 -0.7011 -0.3996 0.5897 1486
1341848030.8598 0.8985 -0.5100 1.2974 -0.0325 -0.7011 -0.3995 0.5898 1487
1341848030.8598 0.8985 -0.5100 1.2974 -0.0325 -0.7011 -0.3995 0.5898 1488
1341848030.9267 0.9095 -0.4912 1.2659 -0.0447 -0.6829 -0.3736 0.6262 1489
1341848030.9587 0.9150 -0.4843 1.2602 -0.0425 -0.6815 -0.3707 0.6296 1490
1341848030.9947 0.9150 -0.4843 1.2601 -0.0425 -0.6815 -0.3707 0.6296 1491
1341848031.0267 0.9152 -0.4843 1.2601 -0.0425 -0.6814 -0.3707 0.6297 1492
1341848031.0628 0.9197 -0.4818 1.2553 -0.0391 -0.6800 -0.3698 0.6319 1493
1341848031.0628 0.9197 -0.4818 1.2553 -0.0391 -0.6800 -0.3698 0.6319 1494
1341848031.1268 0.9208 -0.4786 1.2454 -0.0537 -0.6787 -0.3506 0.6430 1495
1341848031.1629 0.9118 -0.4666 1.2484 -0.0526 -0.6822 -0.3458 0.6421 1496
1341848031.1947 0.9118 -0.4666 1.2484 -0.0526 -0.6822 -0.3458 0.6421 1497
1341848031.2310 0.9127 -0.4578 1.2464 -0.0532 -0.6827 -0.3425 0.6432 1498
1341848031.2627 0.9128 -0.4584 1.2457 -0.0535 -0.6825 -0.3427 0.6433 1499
1341848031.2947 0.9140 -0.4515 1.2463 -0.0538 -0.6831 -0.3399 0.6441 1500
1341848031.3308 0.9140 -0.4514 1.2464 -0.0538 -0.6831 -0.3399 0.6441 1501
1341848031.3630 0.9141 -0.4509 1.2466 -0.0539 -0.6832 -0.3397 0.6442 1502
1341848031.3948 0.9141 -0.4503 1.2468 -0.0540 -0.6833 -0.3394 0.6442 1503
1341848031.3948 0.9141 -0.4503 1.2468 -0.0540 -0.6833 -0.3394 0.6442 1504
1341848031.4722 0.9154 -0.4468 1.2390 -0.0570 -0.6826 -0.3371 0.6459 1505
1341848031.5021 0.9158 -0.4471 1.2374 -0.0573 -0.6823 -0.3370 0.6462 1506
1341848031.5381 0.9158 -0.4466 1.2366 -0.0572 -0.6824 -0.3367 0.6463 1507
1341848031.5629 0.9158 -0.4466 1.2366 -0.0572 -0.6824 -0.3367 0.6463 1508
1341848031.5987 0.9158 -0.4466 1.2366 -0.0572 -0.6824 -0.3367 0.6463 1509
1341848031.6308 0.9158 -0.4466 1.2366 -0.0573 -0.6824 -0.3367 0.6463 1510
1341848031.6628 0.9158 -0.4466 1.2366 -0.0573 -0.6824 -0.3367 0.6463 1511
1341848031.6988 0.9158 -0.4466 1.2366 -0.0573 -0.6824 -0.3367 0.6463 1512
1341848031.7307 0.9158 -0.4466 1.2366 -0.0573 -0.6824 -0.3367 0.6463 1513
1341848031.7307 0.9158 -0.4466 1.2366 -0.0573 -0.6824 -0.3367 0.6463 1514
1341848031.7307 0.9158 -0.4466 1.2366 -0.0573 -0.6824 -0.3367 0.6463 1515
1341848031.8308 0.9569 -0.4638 1.1910 -0.0524 -0.6528 -0.3345 0.6776 1516
1341848031.8667 0.9569 -0.4639 1.1914 -0.0524 -0.6529 -0.3345 0.6775 1517
1341848031.8667 0.9569 -0.4639 1.1914 -0.0524 -0.6529 -0.3345 0.6775 1518
1341848031.9308 0.9615 -0.4622 1.1848 -0.0522 -0.6456 -0.3280 0.6877 1519
1341848031.9667 0.9615 -0.4622 1.1848 -0.0522 -0.6456 -0.3280 0.6877 1520
1341848031.9987 0.9641 -0.4624 1.1840 -0.0516 -0.6450 -0.3280 0.6883 1521
1341848032.0347 0.9648 -0.4627 1.1846 -0.0514 -0.6450 -0.3280 0.6883 1522
1341848032.0667 0.9651 -0.4626 1.1850 -0.0509 -0.6451 -0.3280 0.6882 1523
1341848032.0987 0.9651 -0.4626 1.1850 -0.0509 -0.6451 -0.3280 0.6882 1524
1341848032.1347 0.9651 -0.4626 1.1850 -0.0509 -0.6451 -0.3280 0.6882 1525
1341848032.1670 0.9652 -0.4624 1.1849 -0.0509 -0.6451 -0.3280 0.6883 1526
1341848032.2030 0.9655 -0.4622 1.1843 -0.0507 -0.6449 -0.3279 0.6884 1527
1341848032.2030 0.9655 -0.4622 1.1843 -0.0507 -0.6449 -0.3279 0.6884 1528
1341848032.2667 0.9662 -0.4610 1.1823 -0.0504 -0.6446 -0.3277 0.6888 1529
1341848032.3028 0.9662 -0.4609 1.1823 -0.0504 -0.6446 -0.3277 0.6889 1530
1341848032.3346 0.9662 -0.4608 1.1821 -0.0505 -0.6446 -0.3277 0.6889 1531
1341848032.3346 0.9662 -0.4608 1.1821 -0.0505 -0.6446 -0.3277 0.6889 1532
1341848032.4030 1.0032 -0.4440 1.1493 -0.0455 -0.6258 -0.3148 0.7122 1533
1341848032.4347 1.0063 -0.4441 1.1485 -0.0437 -0.6250 -0.3144 0.7132 1534
1341848032.4708 1.0063 -0.4441 1.1485 -0.0437 -0.6250 -0.3144 0.7132 1535
1341848032.5030 1.0078 -0.4399 1.1462 -0.0408 -0.6240 -0.3128 0.7149 1536
1341848032.5347 1.0078 -0.4399 1.1462 -0.0408 -0.6240 -0.3128 0.7149 1537
1341848032.5709 1.0096 -0.4321 1.1431 -0.0381 -0.6235 -0.3097 0.7169 1538
1341848032.6030 1.0026 -0.4257 1.1445 -0.0352 -0.6246 -0.3070 0.7172 1539
1341848032.6347 1.0020 -0.4294 1.1367 -0.0358 -0.6230 -0.3078 0.7182 1540
1341848032.6708 1.0034 -0.4302 1.1263 -0.0359 -0.6211 -0.3075 0.7200 1541
1341848032.6708 1.0034 -0.4302 1.1263 -0.0359 -0.6211 -0.3075 0.7200 1542
1341848032.7387 1.0029 -0.4338 1.1173 -0.0347 -0.6190 -0.3088 0.7213 1543
1341848032.7707 1.0017 -0.4291 1.1156 -0.0316 -0.6193 -0.3087 0.7212 1544
1341848032.8029 1.0014 -0.4210 1.1142 -0.0284 -0.6199 -0.3070 0.7216 1545
1341848032.8388 1.0007 -0.4152 1.1110 -0.0261 -0.6200 -0.3057 0.7222 1546
1341848032.8707 1.0007 -0.4073 1.1096 -0.0248 -0.6209 -0.3034 0.7224 1547
1341848032.9027 1.0007 -0.4073 1.1096 -0.0248 -0.6209 -0.3034 0.7224 1548
1341848032.9388 1.0006 -0.4069 1.1094 -0.0249 -0.6210 -0.3032 0.7224 1549
1341848032.9388 1.0006 -0.4069 1.1094 -0.0249 -0.6210 -0.3032 0.7224 1550
1341848033.0067 1.0270 -0.4216 1.1009 -0.0374 -0.6227 -0.2983 0.7225 1551
1341848033.0392 1.0270 -0.4216 1.1009 -0.0374 -0.6227 -0.2983 0.7225 1552
1341848033.0708 1.0277 -0.4227 1.0976 -0.0362 -0.6210 -0.2982 0.7239 1553
1341848033.1069 1.0288 -0.4234 1.0946 -0.0353 -0.6194 -0.2983 0.7253 1554
1341848033.1391 1.0288 -0.4236 1.0946 -0.0352 -0.6193 -0.2985 0.7253 1555
1341848033.1707 1.0308 -0.4171 1.0920 -0.0322 -0.6182 -0.2963 0.7273 1556
1341848033.2069 1.0339 -0.4053 1.0915 -0.0306 -0.6177 -0.2918 0.7296 1557
1341848033.2387 1.0339 -0.4053 1.0915 -0.0306 -0.6177 -0.2918 0.7296 1558
1341848033.2749 1.0339 -0.4053 1.0915 -0.0306 -0.6177 -0.2918 0.7296 1559
1341848033.2749 1.0339 -0.4053 1.0915 -0.0306 -0.6177 -0.2918 0.7296 1560
1341848033.3388 1.0343 -0.4045 1.0908 -0.0303 -0.6175 -0.2916 0.7299 1561
1341848033.3748 1.0355 -0.4023 1.0891 -0.0300 -0.6170 -0.2908 0.7307 1562
1341848033.4068 1.0355 -0.4022 1.0890 -0.0300 -0.6169 -0.2907 0.7307 1563
1341848033.4431 1.0374 -0.3987 1.0859 -0.0300 -0.6160 -0.2892 0.7321 1564
1341848033.4747 1.0374 -0.3987 1.0859 -0.0300 -0.6160 -0.2892 0.7321 1565
1341848033.5068 1.0377 -0.3978 1.0858 -0.0299 -0.6159 -0.2888 0.7323 1566
1341848033.5068 1.0377 -0.3978 1.0858 -0.0299 -0.6159 -0.2888 0.7323 1567
1341848033.5748 1.0290 -0.3963 1.0538 -0.0409 -0.5984 -0.2804 0.7494 1568
1341848033.6069 1.0295 -0.3953 1.0533 -0.0406 -0.5982 -0.2802 0.7497 1569
1341848033.6429 1.0307 -0.3910 1.0525 -0.0400 -0.5980 -0.2785 0.7505 1570
1341848033.6749 1.0307 -0.3910 1.0525 -0.0400 -0.5980 -0.2785 0.7505 1571
1341848033.7108 1.0313 -0.3895 1.0516 -0.0398 -0.5977 -0.2779 0.7510 1572
1341848033.7428 1.0313 -0.3893 1.0516 -0.0399 -0.5977 -0.2778 0.7510 1573
1341848033.7748 1.0341 -0.3811 1.0442 -0.0383 -0.5959 -0.2743 0.7538 1574
1341848033.8111 1.0341 -0.3811 1.0442 -0.0383 -0.5959 -0.2743 0.7538 1575
1341848033.8428 1.0341 -0.3811 1.0442 -0.0383 -0.5959 -0.2743 0.7538 1576
1341848033.8428 1.0341 -0.3811 1.0442 -0.0383 -0.5959 -0.2743 0.7538 1577
1341848033.9112 1.0341 -0.3811 1.0442 -0.0383 -0.5959 -0.2743 0.7538 1578
1341848033.9428 1.0359 -0.3824 1.0482 -0.0402 -0.5978 -0.2726 0.7528 1579
1341848033.9789 1.0395 -0.3936 1.0520 -0.0448 -0.5991 -0.2723 0.7516 1580
1341848033.9789 1.0395 -0.3936 1.0520 -0.0448 -0.5991 -0.2723 0.7516 1581
1341848034.0427 1.0457 -0.3904 1.0215 -0.0371 -0.5728 -0.2595 0.7767 1582
1341848034.0427 1.0457 -0.3904 1.0215 -0.0371 -0.5728 -0.2595 0.7767 1583
1341848034.1108 1.0443 -0.3830 1.0155 -0.0350 -0.5659 -0.2496 0.7850 1584
1341848034.1108 1.0443 -0.3830 1.0155 -0.0350 -0.5659 -0.2496 0.7850 1585
1341848034.1788 1.0506 -0.3926 1.0165 -0.0332 -0.5597 -0.2449 0.7910 1586
1341848034.1788 1.0506 -0.3926 1.0165 -0.0332 -0.5597 -0.2449 0.7910 1587
1341848034.2467 1.0426 -0.3861 1.0150 -0.0329 -0.5570 -0.2381 0.7950 1588
1341848034.2787 1.0461 -0.3868 1.0165 -0.0340 -0.5564 -0.2373 0.7956 1589
1341848034.3181 1.0574 -0.3985 1.0168 -0.0379 -0.5542 -0.2345 0.7977 1590
1341848034.3538 1.0623 -0.3948 1.0106 -0.0348 -0.5513 -0.2334 0.8003 1591
1341848034.3862 1.0623 -0.3948 1.0106 -0.0348 -0.5513 -0.2334 0.8003 1592
1341848034.4218 1.0623 -0.3948 1.0106 -0.0348 -0.5513 -0.2334 0.8003 1593
1341848034.4538 1.0623 -0.3948 1.0106 -0.0348 -0.5513 -0.2334 0.8003 1594
1341848034.4857 1.0624 -0.3945 1.0104 -0.0347 -0.5512 -0.2333 0.8003 1595
1341848034.5217 1.0624 -0.3943 1.0102 -0.0348 -0.5512 -0.2332 0.8004 1596
1341848034.5217 1.0624 -0.3943 1.0102 -0.0348 -0.5512 -0.2332 0.8004 1597
1341848034.5858 1.0693 -0.3777 0.9956 -0.0309 -0.5471 -0.2279 0.8048 1598
1341848034.6538 1.0860 -0.3754 0.9815 -0.0380 -0.5406 -0.2219 0.8106 1599
1341848034.6839 1.0860 -0.3754 0.9815 -0.0380 -0.5406 -0.2219 0.8106 1600
1341848034.7152 1.0833 -0.3729 0.9833 -0.0405 -0.5399 -0.2209 0.8112 1601
1341848034.7467 1.0734 -0.3576 0.9710 -0.0351 -0.5356 -0.2243 0.8134 1602
1341848034.7828 1.0791 -0.3626 0.9624 -0.0432 -0.5337 -0.2216 0.8150 1603
1341848034.8147 1.0791 -0.3626 0.9624 -0.0432 -0.5337 -0.2216 0.8150 1604
1341848034.8469 1.0834 -0.3530 0.9576 -0.0375 -0.5327 -0.2265 0.8146 1605
1341848034.8827 1.0835 -0.3527 0.9576 -0.0374 -0.5327 -0.2264 0.8146 1606
1341848034.8827 1.0835 -0.3527 0.9576 -0.0374 -0.5327 -0.2264 0.8146 1607
1341848034.9515 1.0853 -0.3500 0.9610 -0.0428 -0.5322 -0.2231 0.8155 1608
1341848034.9830 1.0857 -0.3525 0.9512 -0.0455 -0.5280 -0.2239 0.8179 1609
1341848035.0149 1.0873 -0.3528 0.9488 -0.0461 -0.5256 -0.2250 0.8191 1610
1341848035.0509 1.0874 -0.3526 0.9488 -0.0461 -0.5256 -0.2249 0.8192 1611
1341848035.0843 1.0876 -0.3507 0.9491 -0.0460 -0.5241 -0.2248 0.8201 1612
