FrameID,Type,Chi2,Timestamp
28,direct,0.00118476,1.34185e+09
29,direct,0.00115513,1.34185e+09
30,direct,0.00134539,1.34185e+09
31,direct,0.00108603,1.34185e+09
32,direct,0.0014672,1.34185e+09
33,direct,0.00146311,1.34185e+09
34,direct,0.00177628,1.34185e+09
28,indirect,0.00225043,1.34185e+09
29,direct,0.000999448,1.34185e+09
30,direct,0.00226126,1.34185e+09
31,direct,0.00216088,1.34185e+09
32,direct,0.002449,1.34185e+09
33,direct,0.00239623,1.34185e+09
29,indirect,0.00231025,1.34185e+09
30,indirect,0.00280003,1.34185e+09
31,indirect,0.002403,1.34185e+09
32,indirect,0.00194146,1.34185e+09
33,direct,0.00160148,1.34185e+09
34,direct,0.00169711,1.34185e+09
33,indirect,0.00187875,1.34185e+09
34,direct,0.00174347,1.34185e+09
35,direct,0.00227541,1.34185e+09
36,direct,0.00179373,1.34185e+09
37,direct,0.00105863,1.34185e+09
38,direct,0.00117933,1.34185e+09
39,direct,0.00160357,1.34185e+09
40,direct,0.00156878,1.34185e+09
34,indirect,0.00239907,1.34185e+09
35,direct,0.00127863,1.34185e+09
36,direct,0.00160708,1.34185e+09
37,direct,0.001324,1.34185e+09
38,direct,0.00153344,1.34185e+09
39,direct,0.00211157,1.34185e+09
35,indirect,0.00242951,1.34185e+09
36,direct,0.000956974,1.34185e+09
37,direct,0.00162184,1.34185e+09
38,direct,0.00214725,1.34185e+09
39,direct,0.00235638,1.34185e+09
36,indirect,0.00288701,1.34185e+09
37,direct,0.00201628,1.34185e+09
37,indirect,0.00257806,1.34185e+09
38,direct,0.00106299,1.34185e+09
38,indirect,0.00178234,1.34185e+09
39,direct,0.00113268,1.34185e+09
40,direct,0.0016459,1.34185e+09
39,indirect,0.00162798,1.34185e+09
40,direct,0.00103242,1.34185e+09
41,direct,0.00170373,1.34185e+09
40,indirect,0.002156,1.34185e+09
41,direct,0.000890813,1.34185e+09
42,direct,0.00167949,1.34185e+09
43,direct,0.00193699,1.34185e+09
44,direct,0.00180028,1.34185e+09
45,direct,0.00186164,1.34185e+09
41,indirect,0.00211983,1.34185e+09
42,direct,0.00169184,1.34185e+09
43,direct,0.00172483,1.34185e+09
42,indirect,0.00151096,1.34185e+09
43,direct,0.00133545,1.34185e+09
43,indirect,0.00136056,1.34185e+09
44,direct,0.0013636,1.34185e+09
44,indirect,0.00155163,1.34185e+09
45,indirect,0.00083746,1.34185e+09
46,indirect,0.00109205,1.34185e+09
47,direct,0.00146704,1.34185e+09
47,indirect,0.00155468,1.34185e+09
48,indirect,0.00225256,1.34185e+09
49,direct,0.00129723,1.34185e+09
49,indirect,0.00206733,1.34185e+09
50,direct,0.00131521,1.34185e+09
51,direct,0.00122935,1.34185e+09
50,indirect,0.00155383,1.34185e+09
51,indirect,0.00181463,1.34185e+09
52,direct,0.00127147,1.34185e+09
52,indirect,0.00265479,1.34185e+09
53,indirect,0.00301614,1.34185e+09
54,indirect,0.00213608,1.34185e+09
55,direct,0.00162607,1.34185e+09
56,direct,0.00105866,1.34185e+09
55,indirect,0.000966479,1.34185e+09
56,indirect,0.00107851,1.34185e+09
57,indirect,0.0015624,1.34185e+09
58,direct,0.0011044,1.34185e+09
58,indirect,0.00274563,1.34185e+09
59,indirect,0.000665254,1.34185e+09
60,indirect,0.00106395,1.34185e+09
61,direct,0.00112445,1.34185e+09
61,indirect,0.00096968,1.34185e+09
62,direct,0.00276671,1.34185e+09
62,indirect,0.00167837,1.34185e+09
63,indirect,0.000991723,1.34185e+09
64,direct,0.00233604,1.34185e+09
64,indirect,0.0013352,1.34185e+09
65,direct,0.00150134,1.34185e+09
65,indirect,0.00100935,1.34185e+09
66,indirect,0.00107615,1.34185e+09
67,indirect,0.00171466,1.34185e+09
68,indirect,0.00172616,1.34185e+09
69,indirect,0.000882938,1.34185e+09
70,direct,0.000987594,1.34185e+09
70,indirect,0.00255345,1.34185e+09
71,direct,0.00123746,1.34185e+09
71,indirect,0.00138005,1.34185e+09
72,indirect,0.00112049,1.34185e+09
73,direct,0.000924901,1.34185e+09
73,indirect,0.0012532,1.34185e+09
74,indirect,0.00118325,1.34185e+09
75,indirect,0.0015704,1.34185e+09
76,direct,0.00111436,1.34185e+09
76,indirect,0.00192491,1.34185e+09
77,indirect,0.00202221,1.34185e+09
78,indirect,0.00114242,1.34185e+09
79,indirect,0.00135177,1.34185e+09
80,direct,0.00105089,1.34185e+09
80,indirect,0.00169855,1.34185e+09
81,direct,0.000928604,1.34185e+09
82,direct,0.00150558,1.34185e+09
81,indirect,0.00189687,1.34185e+09
82,indirect,0.00112045,1.34185e+09
83,direct,0.00146406,1.34185e+09
83,indirect,0.00127995,1.34185e+09
84,direct,0.0013795,1.34185e+09
84,indirect,0.00105387,1.34185e+09
85,direct,0.00164369,1.34185e+09
85,indirect,0.00369303,1.34185e+09
86,indirect,0.00292673,1.34185e+09
87,indirect,0.00234423,1.34185e+09
88,indirect,0.00200909,1.34185e+09
89,indirect,0.00186712,1.34185e+09
90,indirect,0.00171162,1.34185e+09
91,indirect,0.00172608,1.34185e+09
92,indirect,0.00109951,1.34185e+09
93,indirect,0.00126589,1.34185e+09
94,direct,0.00197432,1.34185e+09
95,direct,0.0024603,1.34185e+09
94,indirect,0.0019273,1.34185e+09
95,indirect,0.00110202,1.34185e+09
96,indirect,0.00097593,1.34185e+09
97,indirect,0.00124389,1.34185e+09
98,indirect,0.000755559,1.34185e+09
99,direct,0.00162213,1.34185e+09
99,indirect,0.0024349,1.34185e+09
100,indirect,0.00113604,1.34185e+09
101,indirect,0.00105032,1.34185e+09
102,indirect,0.00191351,1.34185e+09
103,indirect,0.00109284,1.34185e+09
104,indirect,0.00134657,1.34185e+09
105,indirect,0.00138154,1.34185e+09
106,indirect,0.00165459,1.34185e+09
107,indirect,0.00198996,1.34185e+09
108,indirect,0.00120166,1.34185e+09
109,direct,0.00105758,1.34185e+09
109,indirect,0.00186861,1.34185e+09
110,indirect,0.00141763,1.34185e+09
111,indirect,0.00180827,1.34185e+09
112,direct,0.00162969,1.34185e+09
112,indirect,0.00210661,1.34185e+09
113,indirect,0.00101756,1.34185e+09
114,direct,0.00130654,1.34185e+09
114,indirect,0.00155921,1.34185e+09
115,indirect,0.00112824,1.34185e+09
116,indirect,0.00132143,1.34185e+09
117,indirect,0.00145366,1.34185e+09
118,indirect,0.0016988,1.34185e+09
119,indirect,0.00165064,1.34185e+09
120,indirect,0.00120404,1.34185e+09
121,indirect,0.00152676,1.34185e+09
122,indirect,0.00131035,1.34185e+09
123,indirect,0.00198597,1.34185e+09
124,indirect,0.000867239,1.34185e+09
125,indirect,0.00205638,1.34185e+09
126,indirect,0.000816903,1.34185e+09
127,indirect,0.000862648,1.34185e+09
128,indirect,0.00184961,1.34185e+09
129,indirect,0.00159106,1.34185e+09
130,indirect,0.00228007,1.34185e+09
131,indirect,0.0025116,1.34185e+09
132,indirect,0.0017089,1.34185e+09
133,direct,0.00176218,1.34185e+09
134,direct,0.00167083,1.34185e+09
133,indirect,0.00206085,1.34185e+09
134,indirect,0.00110757,1.34185e+09
135,direct,0.00112138,1.34185e+09
135,indirect,0.00123372,1.34185e+09
136,indirect,0.000913656,1.34185e+09
137,indirect,0.0012035,1.34185e+09
138,indirect,0.00114191,1.34185e+09
139,indirect,0.00164565,1.34185e+09
140,indirect,0.00149101,1.34185e+09
141,indirect,0.00122922,1.34185e+09
142,indirect,0.00197767,1.34185e+09
143,indirect,0.00108085,1.34185e+09
144,indirect,0.00150711,1.34185e+09
145,indirect,0.00107891,1.34185e+09
146,indirect,0.0020373,1.34185e+09
147,direct,0.00215002,1.34185e+09
147,indirect,0.00185327,1.34185e+09
148,indirect,0.00131572,1.34185e+09
149,indirect,0.00165785,1.34185e+09
150,direct,0.00153212,1.34185e+09
151,direct,0.00161409,1.34185e+09
150,indirect,0.00156376,1.34185e+09
151,indirect,0.00170327,1.34185e+09
152,indirect,0.00136778,1.34185e+09
153,indirect,0.00155838,1.34185e+09
154,indirect,0.00239543,1.34185e+09
155,indirect,0.00150534,1.34185e+09
156,indirect,0.0012994,1.34185e+09
157,indirect,0.000919947,1.34185e+09
158,direct,0.00112505,1.34185e+09
158,indirect,0.0011038,1.34185e+09
159,indirect,0.00111549,1.34185e+09
160,indirect,0.00103652,1.34185e+09
161,direct,0.00116644,1.34185e+09
161,indirect,0.00156462,1.34185e+09
162,direct,0.00131423,1.34185e+09
162,indirect,0.00119012,1.34185e+09
163,direct,0.00105986,1.34185e+09
163,indirect,0.00256271,1.34185e+09
164,direct,0.00156337,1.34185e+09
165,direct,0.00157153,1.34185e+09
166,direct,0.00257772,1.34185e+09
167,direct,0.00280723,1.34185e+09
168,direct,0.00226462,1.34185e+09
169,direct,0.00325226,1.34185e+09
170,direct,0.00308455,1.34185e+09
171,direct,0.00306006,1.34185e+09
172,direct,0.00304157,1.34185e+09
164,indirect,0.00320669,1.34185e+09
165,direct,0.00221381,1.34185e+09
166,direct,0.00219416,1.34185e+09
167,direct,0.00235823,1.34185e+09
168,direct,0.0021926,1.34185e+09
169,direct,0.00233497,1.34185e+09
170,direct,0.00152499,1.34185e+09
165,indirect,0.00241484,1.34185e+09
166,direct,0.00277865,1.34185e+09
167,direct,0.00311669,1.34185e+09
168,direct,0.00158335,1.34185e+09
166,indirect,0.00120789,1.34185e+09
167,direct,0.00217191,1.34185e+09
168,direct,0.00152926,1.34185e+09
169,direct,0.00138948,1.34185e+09
167,indirect,0.00144655,1.34185e+09
168,direct,0.00234379,1.34185e+09
169,direct,0.00283524,1.34185e+09
170,direct,0.00343272,1.34185e+09
171,direct,0.00332434,1.34185e+09
168,indirect,0.00260083,1.34185e+09
169,direct,0.00245857,1.34185e+09
170,direct,0.0025276,1.34185e+09
171,direct,0.00196606,1.34185e+09
172,direct,0.00207483,1.34185e+09
169,indirect,0.00262312,1.34185e+09
170,direct,0.000926104,1.34185e+09
171,direct,0.0022691,1.34185e+09
170,indirect,0.00119362,1.34185e+09
171,direct,0.00228749,1.34185e+09
171,indirect,0.00248642,1.34185e+09
172,direct,0.00160148,1.34185e+09
172,indirect,0.00197321,1.34185e+09
173,direct,0.00234902,1.34185e+09
174,direct,0.00315264,1.34185e+09
173,indirect,0.00172462,1.34185e+09
174,indirect,0.00128986,1.34185e+09
175,direct,0.00224278,1.34185e+09
175,indirect,0.00192266,1.34185e+09
176,indirect,0.00198303,1.34185e+09
177,indirect,0.00169364,1.34185e+09
178,indirect,0.00125769,1.34185e+09
179,direct,0.0031518,1.34185e+09
180,direct,0.00244987,1.34185e+09
181,direct,0.00253565,1.34185e+09
179,indirect,0.00201906,1.34185e+09
180,direct,0.00124306,1.34185e+09
181,direct,0.00228287,1.34185e+09
180,indirect,0.00111905,1.34185e+09
181,indirect,0.00156349,1.34185e+09
182,indirect,0.000982545,1.34185e+09
183,direct,0.00240157,1.34185e+09
184,direct,0.00271435,1.34185e+09
185,direct,0.00283762,1.34185e+09
186,direct,0.0032267,1.34185e+09
187,direct,0.00303684,1.34185e+09
188,direct,0.00297732,1.34185e+09
189,direct,0.00318646,1.34185e+09
190,direct,0.00312806,1.34185e+09
191,direct,0.00329056,1.34185e+09
183,indirect,0.00421435,1.34185e+09
184,direct,0.0042804,1.34185e+09
185,direct,0.00449422,1.34185e+09
186,direct,0.00431624,1.34185e+09
187,direct,0.00375607,1.34185e+09
188,direct,0.00413098,1.34185e+09
189,direct,0.00414078,1.34185e+09
190,direct,0.00413495,1.34185e+09
191,direct,0.0044662,1.34185e+09
192,direct,0.00436696,1.34185e+09
184,indirect,0.00477575,1.34185e+09
185,direct,0.00321802,1.34185e+09
186,direct,0.00308276,1.34185e+09
187,direct,0.00318275,1.34185e+09
188,direct,0.00266895,1.34185e+09
189,direct,0.00300574,1.34185e+09
190,direct,0.00351932,1.34185e+09
191,direct,0.00353737,1.34185e+09
192,direct,0.00390712,1.34185e+09
193,direct,0.0031528,1.34185e+09
185,indirect,0.00353808,1.34185e+09
186,direct,0.00311721,1.34185e+09
187,direct,0.00299193,1.34185e+09
188,direct,0.00299748,1.34185e+09
189,direct,0.00329094,1.34185e+09
190,direct,0.00353171,1.34185e+09
191,direct,0.00403593,1.34185e+09
192,direct,0.0035667,1.34185e+09
193,direct,0.00341281,1.34185e+09
194,direct,0.00334969,1.34185e+09
186,indirect,0.00353756,1.34185e+09
187,direct,0.00369997,1.34185e+09
188,direct,0.00382562,1.34185e+09
189,direct,0.00404871,1.34185e+09
190,direct,0.00377741,1.34185e+09
191,direct,0.00380762,1.34185e+09
192,direct,0.00412118,1.34185e+09
193,direct,0.00403026,1.34185e+09
187,indirect,0.0046794,1.34185e+09
188,direct,0.00263652,1.34185e+09
189,direct,0.00271235,1.34185e+09
190,direct,0.00307993,1.34185e+09
191,direct,0.00276088,1.34185e+09
192,direct,0.00306409,1.34185e+09
193,direct,0.00277023,1.34185e+09
194,direct,0.00293984,1.34185e+09
195,direct,0.0029345,1.34185e+09
196,direct,0.00314811,1.34185e+09
188,indirect,0.00323277,1.34185e+09
189,direct,0.00319461,1.34185e+09
190,direct,0.0027949,1.34185e+09
191,direct,0.00299846,1.34185e+09
192,direct,0.00285762,1.34185e+09
193,direct,0.00322902,1.34185e+09
194,direct,0.00322522,1.34185e+09
195,direct,0.00298988,1.34185e+09
196,direct,0.00335172,1.34185e+09
197,direct,0.00359771,1.34185e+09
189,indirect,0.00336678,1.34185e+09
190,direct,0.00402809,1.34185e+09
191,direct,0.00395812,1.34185e+09
192,direct,0.00428246,1.34185e+09
193,direct,0.00432949,1.34185e+09
194,direct,0.0041242,1.34185e+09
195,direct,0.00446253,1.34185e+09
196,direct,0.00446976,1.34185e+09
190,indirect,0.00504413,1.34185e+09
191,direct,0.00245664,1.34185e+09
192,direct,0.0025014,1.34185e+09
193,direct,0.0032362,1.34185e+09
194,direct,0.00333093,1.34185e+09
195,direct,0.00321887,1.34185e+09
196,direct,0.00391772,1.34185e+09
197,direct,0.00339944,1.34185e+09
198,direct,0.0037247,1.34185e+09
199,direct,0.00340903,1.34185e+09
191,indirect,0.00350764,1.34185e+09
192,direct,0.00315589,1.34185e+09
193,direct,0.00286458,1.34185e+09
194,direct,0.00315199,1.34185e+09
195,direct,0.0036598,1.34185e+09
196,direct,0.00303751,1.34185e+09
197,direct,0.00342531,1.34185e+09
198,direct,0.00364542,1.34185e+09
199,direct,0.00341944,1.34185e+09
200,direct,0.00358153,1.34185e+09
192,indirect,0.00396014,1.34185e+09
193,direct,0.00412797,1.34185e+09
194,direct,0.00405683,1.34185e+09
195,direct,0.00392286,1.34185e+09
193,indirect,0.00450394,1.34185e+09
194,direct,0.00231693,1.34185e+09
195,direct,0.00307191,1.34185e+09
196,direct,0.00345137,1.34185e+09
197,direct,0.00342704,1.34185e+09
198,direct,0.00315384,1.34185e+09
194,indirect,0.00452513,1.34185e+09
195,direct,0.00248984,1.34185e+09
196,direct,0.00293141,1.34185e+09
197,direct,0.00282159,1.34185e+09
198,direct,0.00361422,1.34185e+09
199,direct,0.003529,1.34185e+09
195,indirect,0.00456452,1.34185e+09
196,direct,0.00338826,1.34185e+09
197,direct,0.00419031,1.34185e+09
198,direct,0.00351049,1.34185e+09
199,direct,0.00360045,1.34185e+09
200,direct,0.00405893,1.34185e+09
196,indirect,0.00453564,1.34185e+09
197,direct,0.00313872,1.34185e+09
198,direct,0.00329785,1.34185e+09
199,direct,0.00396801,1.34185e+09
197,indirect,0.00483746,1.34185e+09
198,direct,0.00285001,1.34185e+09
199,direct,0.00367188,1.34185e+09
200,direct,0.00439849,1.34185e+09
201,direct,0.00370274,1.34185e+09
202,direct,0.00400949,1.34185e+09
203,direct,0.00378584,1.34185e+09
204,direct,0.00335168,1.34185e+09
205,direct,0.00381152,1.34185e+09
206,direct,0.0034697,1.34185e+09
198,indirect,0.00380121,1.34185e+09
199,direct,0.00376651,1.34185e+09
200,direct,0.00394251,1.34185e+09
201,direct,0.00394557,1.34185e+09
202,direct,0.00386607,1.34185e+09
199,indirect,0.00453236,1.34185e+09
200,direct,0.00276654,1.34185e+09
201,direct,0.00250487,1.34185e+09
202,direct,0.00268407,1.34185e+09
203,direct,0.00298839,1.34185e+09
204,direct,0.00327355,1.34185e+09
205,direct,0.00366569,1.34185e+09
206,direct,0.00365256,1.34185e+09
207,direct,0.00373592,1.34185e+09
208,direct,0.00280846,1.34185e+09
200,indirect,0.00339266,1.34185e+09
201,direct,0.00378658,1.34185e+09
202,direct,0.00357716,1.34185e+09
203,direct,0.00363701,1.34185e+09
204,direct,0.00348735,1.34185e+09
205,direct,0.00439018,1.34185e+09
206,direct,0.00423548,1.34185e+09
207,direct,0.00439285,1.34185e+09
201,indirect,0.00457513,1.34185e+09
202,direct,0.00224004,1.34185e+09
203,direct,0.00261689,1.34185e+09
204,direct,0.00331701,1.34185e+09
205,direct,0.00379194,1.34185e+09
206,direct,0.00418561,1.34185e+09
202,indirect,0.00493054,1.34185e+09
203,direct,0.00211946,1.34185e+09
204,direct,0.0029464,1.34185e+09
205,direct,0.0027725,1.34185e+09
206,direct,0.00295526,1.34185e+09
207,direct,0.00338612,1.34185e+09
208,direct,0.00414648,1.34185e+09
209,direct,0.00402526,1.34185e+09
210,direct,0.00389871,1.34185e+09
211,direct,0.00441942,1.34185e+09
203,indirect,0.00458,1.34185e+09
204,direct,0.00228577,1.34185e+09
205,direct,0.00254477,1.34185e+09
206,direct,0.00300754,1.34185e+09
207,direct,0.00324858,1.34185e+09
208,direct,0.00378218,1.34185e+09
209,direct,0.00353749,1.34185e+09
210,direct,0.00401871,1.34185e+09
211,direct,0.00401589,1.34185e+09
212,direct,0.0041785,1.34185e+09
204,indirect,0.00438575,1.34185e+09
205,direct,0.0043779,1.34185e+09
206,direct,0.0041111,1.34185e+09
207,direct,0.00439232,1.34185e+09
205,indirect,0.00477648,1.34185e+09
206,direct,0.00303774,1.34185e+09
207,direct,0.00327796,1.34185e+09
208,direct,0.00308634,1.34185e+09
209,direct,0.00308447,1.34185e+09
210,direct,0.00266904,1.34185e+09
211,direct,0.00365959,1.34185e+09
212,direct,0.00397754,1.34185e+09
213,direct,0.00378808,1.34185e+09
214,direct,0.00422499,1.34185e+09
206,indirect,0.0044307,1.34185e+09
207,direct,0.0038422,1.34185e+09
208,direct,0.00358639,1.34185e+09
207,indirect,0.00466744,1.34185e+09
208,direct,0.00289365,1.34185e+09
209,direct,0.00300199,1.34185e+09
210,direct,0.00343157,1.34185e+09
211,direct,0.00400304,1.34185e+09
212,direct,0.00425075,1.34185e+09
213,direct,0.00417398,1.34185e+09
208,indirect,0.00450217,1.34185e+09
209,direct,0.00300171,1.34185e+09
210,direct,0.00309268,1.34185e+09
211,direct,0.00329135,1.34185e+09
212,direct,0.00403518,1.34185e+09
213,direct,0.00429567,1.34185e+09
209,indirect,0.00461792,1.34185e+09
210,direct,0.00342111,1.34185e+09
211,direct,0.00407238,1.34185e+09
212,direct,0.00448716,1.34185e+09
210,indirect,0.00472296,1.34185e+09
211,direct,0.00339859,1.34185e+09
212,direct,0.00442791,1.34185e+09
211,indirect,0.00528121,1.34185e+09
212,direct,0.00345431,1.34185e+09
212,indirect,0.00450302,1.34185e+09
213,direct,0.00399212,1.34185e+09
213,indirect,0.00456808,1.34185e+09
214,direct,0.00300349,1.34185e+09
215,direct,0.00365123,1.34185e+09
216,direct,0.00401106,1.34185e+09
214,indirect,0.00457422,1.34185e+09
215,direct,0.00275921,1.34185e+09
216,direct,0.00298698,1.34185e+09
217,direct,0.0032359,1.34185e+09
215,indirect,0.00499162,1.34185e+09
216,direct,0.00366676,1.34185e+09
217,direct,0.00343535,1.34185e+09
218,direct,0.00369384,1.34185e+09
216,indirect,0.0049657,1.34185e+09
217,direct,0.00334356,1.34185e+09
218,direct,0.0043078,1.34185e+09
217,indirect,0.00482205,1.34185e+09
218,direct,0.0026341,1.34185e+09
218,indirect,0.00483514,1.34185e+09
219,direct,0.0030379,1.34185e+09
220,direct,0.00326447,1.34185e+09
221,direct,0.00344055,1.34185e+09
222,direct,0.0032023,1.34185e+09
223,direct,0.0040728,1.34185e+09
219,indirect,0.00474272,1.34185e+09
220,direct,0.00327147,1.34185e+09
221,direct,0.00330556,1.34185e+09
220,indirect,0.00463566,1.34185e+09
221,direct,0.00339381,1.34185e+09
221,indirect,0.00465758,1.34185e+09
222,direct,0.00422205,1.34185e+09
222,indirect,0.00462098,1.34185e+09
223,direct,0.00289628,1.34185e+09
224,direct,0.00345846,1.34185e+09
225,direct,0.00443766,1.34185e+09
223,indirect,0.00451135,1.34185e+09
224,direct,0.00288336,1.34185e+09
225,direct,0.00325513,1.34185e+09
226,direct,0.00352726,1.34185e+09
227,direct,0.00327702,1.34185e+09
228,direct,0.00351653,1.34185e+09
229,direct,0.00401486,1.34185e+09
230,direct,0.00432072,1.34185e+09
231,direct,0.00423492,1.34185e+09
224,indirect,0.00490549,1.34185e+09
225,direct,0.00352242,1.34185e+09
226,direct,0.00359047,1.34185e+09
225,indirect,0.00484205,1.34185e+09
226,indirect,0.00474878,1.34185e+09
227,direct,0.00381792,1.34185e+09
228,direct,0.00447385,1.34185e+09
229,direct,0.00440802,1.34185e+09
227,indirect,0.00498432,1.34185e+09
228,direct,0.00294108,1.34185e+09
229,direct,0.00442671,1.34185e+09
230,direct,0.00433436,1.34185e+09
228,indirect,0.0046661,1.34185e+09
229,direct,0.00305038,1.34185e+09
230,direct,0.00263672,1.34185e+09
231,direct,0.00270466,1.34185e+09
232,direct,0.00341978,1.34185e+09
233,direct,0.00342325,1.34185e+09
234,direct,0.0033154,1.34185e+09
235,direct,0.00364934,1.34185e+09
236,direct,0.00396254,1.34185e+09
237,direct,0.00385485,1.34185e+09
229,indirect,0.00443718,1.34185e+09
230,indirect,0.00550527,1.34185e+09
231,direct,0.00323963,1.34185e+09
232,direct,0.00401739,1.34185e+09
233,direct,0.00383393,1.34185e+09
231,indirect,0.00459075,1.34185e+09
232,direct,0.00274394,1.34185e+09
233,direct,0.00308676,1.34185e+09
234,direct,0.00314054,1.34185e+09
235,direct,0.00347491,1.34185e+09
236,direct,0.00354576,1.34185e+09
237,direct,0.00362933,1.34185e+09
238,direct,0.00403663,1.34185e+09
239,direct,0.00414747,1.34185e+09
240,direct,0.00391733,1.34185e+09
232,indirect,0.00402371,1.34185e+09
233,direct,0.00436481,1.34185e+09
233,indirect,0.00480809,1.34185e+09
234,direct,0.00315761,1.34185e+09
235,direct,0.00420784,1.34185e+09
236,direct,0.00428083,1.34185e+09
237,direct,0.00430862,1.34185e+09
234,indirect,0.00501682,1.34185e+09
235,direct,0.00427668,1.34185e+09
235,indirect,0.00457418,1.34185e+09
236,direct,0.00408983,1.34185e+09
236,indirect,0.00479177,1.34185e+09
237,direct,0.00397779,1.34185e+09
238,direct,0.00398829,1.34185e+09
239,direct,0.00419045,1.34185e+09
237,indirect,0.00451804,1.34185e+09
238,direct,0.00415911,1.34185e+09
238,indirect,0.00472509,1.34185e+09
239,direct,0.00334082,1.34185e+09
240,direct,0.0041523,1.34185e+09
241,direct,0.00393884,1.34185e+09
242,direct,0.00436384,1.34185e+09
243,direct,0.00435817,1.34185e+09
239,indirect,0.00481466,1.34185e+09
240,direct,0.00253826,1.34185e+09
241,direct,0.00348606,1.34185e+09
242,direct,0.0034729,1.34185e+09
243,direct,0.00418608,1.34185e+09
244,direct,0.0042289,1.34185e+09
245,direct,0.00434147,1.34185e+09
246,direct,0.00448888,1.34185e+09
247,direct,0.0042568,1.34185e+09
240,indirect,0.00507556,1.34185e+09
241,direct,0.0027504,1.34185e+09
242,direct,0.00350325,1.34185e+09
243,direct,0.00384585,1.34185e+09
244,direct,0.00375898,1.34185e+09
245,direct,0.00417185,1.34185e+09
246,direct,0.00414956,1.34185e+09
241,indirect,0.00453601,1.34185e+09
242,direct,0.00333948,1.34185e+09
243,direct,0.00297634,1.34185e+09
244,direct,0.00293903,1.34185e+09
245,direct,0.00383604,1.34185e+09
246,direct,0.00316858,1.34185e+09
247,direct,0.00321054,1.34185e+09
248,direct,0.00366354,1.34185e+09
249,direct,0.0035018,1.34185e+09
250,direct,0.0038646,1.34185e+09
242,indirect,0.00436568,1.34185e+09
243,direct,0.00384363,1.34185e+09
244,direct,0.0037407,1.34185e+09
245,direct,0.0041168,1.34185e+09
246,direct,0.00412868,1.34185e+09
247,direct,0.00420538,1.34185e+09
243,indirect,0.00477719,1.34185e+09
244,direct,0.00320422,1.34185e+09
245,direct,0.00346911,1.34185e+09
246,direct,0.00435442,1.34185e+09
247,direct,0.00418861,1.34185e+09
248,direct,0.00429898,1.34185e+09
249,direct,0.00435101,1.34185e+09
244,indirect,0.00470084,1.34185e+09
245,direct,0.00316606,1.34185e+09
246,direct,0.00423306,1.34185e+09
247,direct,0.00413067,1.34185e+09
248,direct,0.00429751,1.34185e+09
249,direct,0.0043554,1.34185e+09
245,indirect,0.0048593,1.34185e+09
246,direct,0.00385578,1.34185e+09
247,direct,0.00439197,1.34185e+09
248,direct,0.00433135,1.34185e+09
249,direct,0.00445381,1.34185e+09
250,direct,0.00430528,1.34185e+09
251,direct,0.00434869,1.34185e+09
252,direct,0.0040963,1.34185e+09
246,indirect,0.00500895,1.34185e+09
247,direct,0.00408043,1.34185e+09
247,indirect,0.00465265,1.34185e+09
248,direct,0.00316564,1.34185e+09
249,direct,0.00428195,1.34185e+09
248,indirect,0.00490447,1.34185e+09
249,direct,0.00378627,1.34185e+09
250,direct,0.00440702,1.34185e+09
249,indirect,0.00465594,1.34185e+09
250,direct,0.00353379,1.34185e+09
251,direct,0.00440317,1.34185e+09
250,indirect,0.00469897,1.34185e+09
251,direct,0.00381077,1.34185e+09
251,indirect,0.00488715,1.34185e+09
252,direct,0.00359744,1.34185e+09
252,indirect,0.00500322,1.34185e+09
253,direct,0.00408711,1.34185e+09
254,direct,0.00447008,1.34185e+09
253,indirect,0.00487104,1.34185e+09
254,direct,0.00412889,1.34185e+09
255,direct,0.0043283,1.34185e+09
256,direct,0.00411862,1.34185e+09
257,direct,0.00434906,1.34185e+09
254,indirect,0.00483159,1.34185e+09
255,direct,0.00322861,1.34185e+09
256,direct,0.00394764,1.34185e+09
257,direct,0.00419321,1.34185e+09
255,indirect,0.00450087,1.34185e+09
256,direct,0.00371966,1.34185e+09
257,direct,0.00321074,1.34185e+09
258,direct,0.00356001,1.34185e+09
259,direct,0.00357651,1.34185e+09
260,direct,0.00420826,1.34185e+09
261,direct,0.0038497,1.34185e+09
262,direct,0.00442474,1.34185e+09
263,direct,0.00429259,1.34185e+09
264,direct,0.00438744,1.34185e+09
256,indirect,0.00442784,1.34185e+09
257,indirect,0.00458487,1.34185e+09
258,direct,0.00349486,1.34185e+09
259,direct,0.00406045,1.34185e+09
260,direct,0.00395251,1.34185e+09
261,direct,0.0044527,1.34185e+09
262,direct,0.00443555,1.34185e+09
263,direct,0.00429673,1.34185e+09
258,indirect,0.00452387,1.34185e+09
259,direct,0.00408629,1.34185e+09
259,indirect,0.00493942,1.34185e+09
260,direct,0.00385831,1.34185e+09
261,direct,0.00447456,1.34185e+09
262,direct,0.00448046,1.34185e+09
260,indirect,0.00506617,1.34185e+09
261,direct,0.00381737,1.34185e+09
262,direct,0.00344091,1.34185e+09
263,direct,0.00393437,1.34185e+09
264,direct,0.00422215,1.34185e+09
261,indirect,0.00467853,1.34185e+09
262,direct,0.00353501,1.34185e+09
263,direct,0.00371767,1.34185e+09
264,direct,0.00411121,1.34185e+09
262,indirect,0.00458885,1.34185e+09
263,direct,0.00392745,1.34185e+09
264,direct,0.00415695,1.34185e+09
263,indirect,0.00460326,1.34185e+09
264,direct,0.0039845,1.34185e+09
265,direct,0.00430393,1.34185e+09
264,indirect,0.00502149,1.34185e+09
265,direct,0.00388064,1.34185e+09
265,indirect,0.00496234,1.34185e+09
266,direct,0.00349592,1.34185e+09
267,direct,0.00374977,1.34185e+09
268,direct,0.00370152,1.34185e+09
266,indirect,0.00452025,1.34185e+09
267,direct,0.00331915,1.34185e+09
268,direct,0.00400848,1.34185e+09
269,direct,0.00370572,1.34185e+09
270,direct,0.00371681,1.34185e+09
271,direct,0.00357273,1.34185e+09
272,direct,0.00421975,1.34185e+09
273,direct,0.00419012,1.34185e+09
267,indirect,0.00511928,1.34185e+09
268,direct,0.00330779,1.34185e+09
268,indirect,0.00459711,1.34185e+09
269,direct,0.00302885,1.34185e+09
270,direct,0.00316534,1.34185e+09
271,direct,0.00285464,1.34185e+09
269,indirect,0.00465197,1.34185e+09
270,direct,0.00269705,1.34185e+09
271,direct,0.0028594,1.34185e+09
272,direct,0.00320193,1.34185e+09
273,direct,0.00377412,1.34185e+09
274,direct,0.00401277,1.34185e+09
275,direct,0.00427611,1.34185e+09
276,direct,0.00426715,1.34185e+09
277,direct,0.00442777,1.34185e+09
278,direct,0.00402433,1.34185e+09
270,indirect,0.00440983,1.34185e+09
271,direct,0.00405671,1.34185e+09
272,direct,0.00423246,1.34185e+09
273,direct,0.00371825,1.34185e+09
274,direct,0.00386419,1.34185e+09
275,direct,0.00352343,1.34185e+09
276,direct,0.00372946,1.34185e+09
277,direct,0.00378782,1.34185e+09
278,direct,0.00396969,1.34185e+09
279,direct,0.00369812,1.34185e+09
271,indirect,0.00362938,1.34185e+09
272,direct,0.00377885,1.34185e+09
273,direct,0.00374509,1.34185e+09
274,direct,0.00420748,1.34185e+09
275,direct,0.00401728,1.34185e+09
276,direct,0.0042176,1.34185e+09
272,indirect,0.00473052,1.34185e+09
273,direct,0.00320193,1.34185e+09
274,direct,0.00291125,1.34185e+09
275,direct,0.00321854,1.34185e+09
276,direct,0.00315115,1.34185e+09
277,direct,0.00370849,1.34185e+09
278,direct,0.00399993,1.34185e+09
279,direct,0.0041404,1.34185e+09
280,direct,0.00447011,1.34185e+09
281,direct,0.00433305,1.34185e+09
273,indirect,0.00465092,1.34185e+09
274,direct,0.00363171,1.34185e+09
275,direct,0.00345315,1.34185e+09
276,direct,0.00352594,1.34185e+09
277,direct,0.00399488,1.34185e+09
278,direct,0.00409862,1.34185e+09
279,direct,0.00395096,1.34185e+09
274,indirect,0.00453518,1.34185e+09
275,direct,0.0024618,1.34185e+09
276,direct,0.00281788,1.34185e+09
277,direct,0.00334774,1.34185e+09
278,direct,0.0044938,1.34185e+09
279,direct,0.00432646,1.34185e+09
275,indirect,0.00491647,1.34185e+09
276,direct,0.00278703,1.34185e+09
277,direct,0.00277239,1.34185e+09
278,direct,0.00320397,1.34185e+09
279,direct,0.00350066,1.34185e+09
280,direct,0.00356596,1.34185e+09
281,direct,0.00395547,1.34185e+09
276,indirect,0.00465795,1.34185e+09
277,direct,0.00285106,1.34185e+09
278,direct,0.00264809,1.34185e+09
279,direct,0.00324084,1.34185e+09
280,direct,0.0036251,1.34185e+09
281,direct,0.0036248,1.34185e+09
282,direct,0.00387212,1.34185e+09
283,direct,0.00389178,1.34185e+09
284,direct,0.00413097,1.34185e+09
285,direct,0.00419988,1.34185e+09
277,indirect,0.00420053,1.34185e+09
278,direct,0.00428496,1.34185e+09
278,indirect,0.00459385,1.34185e+09
279,direct,0.00274475,1.34185e+09
280,direct,0.00280266,1.34185e+09
281,direct,0.0030995,1.34185e+09
282,direct,0.00319587,1.34185e+09
283,direct,0.00361354,1.34185e+09
284,direct,0.00395996,1.34185e+09
285,direct,0.00407682,1.34185e+09
279,indirect,0.00507605,1.34185e+09
280,direct,0.00334816,1.34185e+09
280,indirect,0.00460482,1.34185e+09
281,direct,0.00367181,1.34185e+09
282,direct,0.00434489,1.34185e+09
283,direct,0.00431746,1.34185e+09
284,direct,0.00434068,1.34185e+09
285,direct,0.00433425,1.34185e+09
286,direct,0.0042802,1.34185e+09
287,direct,0.00437164,1.34185e+09
288,direct,0.00376173,1.34185e+09
289,direct,0.00383873,1.34185e+09
281,indirect,0.00423476,1.34185e+09
282,direct,0.00409081,1.34185e+09
283,direct,0.0042152,1.34185e+09
284,direct,0.00432931,1.34185e+09
285,direct,0.00396401,1.34185e+09
286,direct,0.00335389,1.34185e+09
287,direct,0.00365442,1.34185e+09
288,direct,0.00387366,1.34185e+09
289,direct,0.00371258,1.34185e+09
290,direct,0.00377739,1.34185e+09
282,indirect,0.00344258,1.34185e+09
283,direct,0.0034399,1.34185e+09
284,direct,0.00387629,1.34185e+09
285,direct,0.00319846,1.34185e+09
286,direct,0.00344927,1.34185e+09
287,direct,0.00353871,1.34185e+09
288,direct,0.0036463,1.34185e+09
289,direct,0.00365348,1.34185e+09
290,direct,0.00392715,1.34185e+09
291,direct,0.00344607,1.34185e+09
283,indirect,0.00398821,1.34185e+09
284,direct,0.00405513,1.34185e+09
285,direct,0.00375776,1.34185e+09
286,direct,0.00389577,1.34185e+09
287,direct,0.0036013,1.34185e+09
288,direct,0.00366214,1.34185e+09
289,direct,0.00397525,1.34185e+09
290,direct,0.0038694,1.34185e+09
291,direct,0.00378845,1.34185e+09
292,direct,0.00419309,1.34185e+09
284,indirect,0.00412373,1.34185e+09
285,direct,0.00404334,1.34185e+09
285,indirect,0.00450111,1.34185e+09
286,direct,0.00310026,1.34185e+09
287,direct,0.00443759,1.34185e+09
286,indirect,0.00491075,1.34185e+09
287,direct,0.00433711,1.34185e+09
287,indirect,0.00480019,1.34185e+09
288,direct,0.00278333,1.34185e+09
289,direct,0.00424328,1.34185e+09
290,direct,0.00430088,1.34185e+09
288,indirect,0.00450386,1.34185e+09
289,direct,0.00224585,1.34185e+09
290,direct,0.00293641,1.34185e+09
291,direct,0.00269202,1.34185e+09
292,direct,0.00334573,1.34185e+09
293,direct,0.00324882,1.34185e+09
294,direct,0.00348649,1.34185e+09
295,direct,0.00416591,1.34185e+09
296,direct,0.00415798,1.34185e+09
297,direct,0.00414021,1.34185e+09
289,indirect,0.00430672,1.34185e+09
290,direct,0.00399697,1.34185e+09
291,direct,0.00404587,1.34185e+09
292,direct,0.00435018,1.34185e+09
293,direct,0.00428764,1.34185e+09
294,direct,0.00430455,1.34185e+09
295,direct,0.00396548,1.34185e+09
296,direct,0.00418133,1.34185e+09
297,direct,0.00421409,1.34185e+09
298,direct,0.00369645,1.34185e+09
290,indirect,0.00429907,1.34185e+09
291,direct,0.00382691,1.34185e+09
292,direct,0.00362154,1.34185e+09
293,direct,0.00396976,1.34185e+09
294,direct,0.0037872,1.34185e+09
295,direct,0.00400843,1.34185e+09
296,direct,0.00404344,1.34185e+09
291,indirect,0.00461914,1.34185e+09
292,direct,0.00289744,1.34185e+09
293,direct,0.00332837,1.34185e+09
294,direct,0.00405222,1.34185e+09
295,direct,0.00434225,1.34185e+09
292,indirect,0.00450795,1.34185e+09
293,direct,0.00272073,1.34185e+09
294,direct,0.0041957,1.34185e+09
295,direct,0.00404414,1.34185e+09
296,direct,0.00449407,1.34185e+09
293,indirect,0.00460529,1.34185e+09
294,direct,0.00300806,1.34185e+09
295,direct,0.00377251,1.34185e+09
296,direct,0.00349381,1.34185e+09
297,direct,0.00399961,1.34185e+09
294,indirect,0.00486808,1.34185e+09
295,direct,0.00309505,1.34185e+09
296,direct,0.00347516,1.34185e+09
297,direct,0.00358712,1.34185e+09
298,direct,0.00370196,1.34185e+09
299,direct,0.00329818,1.34185e+09
300,direct,0.00368575,1.34185e+09
301,direct,0.00394322,1.34185e+09
302,direct,0.00382398,1.34185e+09
303,direct,0.00399239,1.34185e+09
295,indirect,0.00419949,1.34185e+09
296,indirect,0.00474741,1.34185e+09
297,direct,0.00352583,1.34185e+09
298,direct,0.00390062,1.34185e+09
297,indirect,0.00497696,1.34185e+09
298,direct,0.00249523,1.34185e+09
299,direct,0.00360171,1.34185e+09
300,direct,0.00424635,1.34185e+09
301,direct,0.00393791,1.34185e+09
302,direct,0.0036548,1.34185e+09
303,direct,0.00403507,1.34185e+09
304,direct,0.00396577,1.34185e+09
298,indirect,0.00504605,1.34185e+09
299,direct,0.00370523,1.34185e+09
300,direct,0.00409512,1.34185e+09
301,direct,0.00371445,1.34185e+09
302,direct,0.00431566,1.34185e+09
303,direct,0.00408434,1.34185e+09
299,indirect,0.00452294,1.34185e+09
300,direct,0.00382988,1.34185e+09
300,indirect,0.00455033,1.34185e+09
301,direct,0.00442023,1.34185e+09
302,direct,0.00419519,1.34185e+09
303,direct,0.0041257,1.34185e+09
304,direct,0.00406149,1.34185e+09
305,direct,0.00397434,1.34185e+09
301,indirect,0.00475443,1.34185e+09
302,direct,0.00353112,1.34185e+09
303,direct,0.00432171,1.34185e+09
302,indirect,0.00454962,1.34185e+09
303,direct,0.00391932,1.34185e+09
304,direct,0.00431632,1.34185e+09
305,direct,0.00438752,1.34185e+09
306,direct,0.004473,1.34185e+09
307,direct,0.0039241,1.34185e+09
308,direct,0.004373,1.34185e+09
303,indirect,0.00468041,1.34185e+09
304,direct,0.00351242,1.34185e+09
305,direct,0.0042547,1.34185e+09
304,indirect,0.0048159,1.34185e+09
305,direct,0.00400158,1.34185e+09
306,direct,0.00437741,1.34185e+09
305,indirect,0.00473133,1.34185e+09
306,direct,0.00416511,1.34185e+09
307,direct,0.00438804,1.34185e+09
306,indirect,0.00496114,1.34185e+09
307,direct,0.00436918,1.34185e+09
307,indirect,0.00481988,1.34185e+09
308,indirect,0.00493385,1.34185e+09
309,indirect,0.00465129,1.34185e+09
310,indirect,0.00455749,1.34185e+09
311,direct,0.00432632,1.34185e+09
311,indirect,0.00463633,1.34185e+09
312,direct,0.00393002,1.34185e+09
313,direct,0.00392273,1.34185e+09
314,direct,0.00397632,1.34185e+09
312,indirect,0.00531109,1.34185e+09
313,indirect,0.00463655,1.34185e+09
314,direct,0.00393514,1.34185e+09
314,indirect,0.00467896,1.34185e+09
315,direct,0.0034655,1.34185e+09
316,direct,0.00433551,1.34185e+09
315,indirect,0.00514869,1.34185e+09
316,direct,0.00370188,1.34185e+09
317,direct,0.00418782,1.34185e+09
316,indirect,0.00469659,1.34185e+09
317,direct,0.00421526,1.34185e+09
317,indirect,0.00457077,1.34185e+09
318,direct,0.00385125,1.34185e+09
318,indirect,0.00461336,1.34185e+09
319,direct,0.00392133,1.34185e+09
320,direct,0.00399965,1.34185e+09
321,direct,0.00383871,1.34185e+09
322,direct,0.00416629,1.34185e+09
323,direct,0.00440253,1.34185e+09
324,direct,0.00440364,1.34185e+09
325,direct,0.00413954,1.34185e+09
319,indirect,0.00483463,1.34185e+09
320,direct,0.00400514,1.34185e+09
321,direct,0.00422267,1.34185e+09
320,indirect,0.00490971,1.34185e+09
321,direct,0.00429229,1.34185e+09
321,indirect,0.00467025,1.34185e+09
322,direct,0.0042174,1.34185e+09
322,indirect,0.00472137,1.34185e+09
323,direct,0.00418729,1.34185e+09
323,indirect,0.00452618,1.34185e+09
324,direct,0.00302598,1.34185e+09
325,direct,0.00376108,1.34185e+09
326,direct,0.00409032,1.34185e+09
327,direct,0.00403666,1.34185e+09
328,direct,0.00419093,1.34185e+09
329,direct,0.00395311,1.34185e+09
330,direct,0.00410429,1.34185e+09
331,direct,0.00399506,1.34185e+09
332,direct,0.00440566,1.34185e+09
324,indirect,0.004712,1.34185e+09
FrameID,Type,Chi2,Timestamp
29,direct,0.000768953,1.34185e+09
29,indirect,0.00108476,1.34185e+09
30,direct,0.0012456,1.34185e+09
31,direct,0.000898093,1.34185e+09
32,direct,0.00104065,1.34185e+09
30,indirect,0.00181205,1.34185e+09
31,direct,0.00211098,1.34185e+09
32,direct,0.00149002,1.34185e+09
33,direct,0.00144578,1.34185e+09
34,direct,0.00121469,1.34185e+09
35,direct,0.00113912,1.34185e+09
31,indirect,0.00120032,1.34185e+09
32,direct,0.00125644,1.34185e+09
33,direct,0.00228466,1.34185e+09
34,direct,0.000977473,1.34185e+09
35,direct,0.00188957,1.34185e+09
36,direct,0.00182154,1.34185e+09
37,direct,0.00165432,1.34185e+09
38,direct,0.00192617,1.34185e+09
32,indirect,0.00160976,1.34185e+09
33,indirect,0.001325,1.34185e+09
34,direct,0.00108674,1.34185e+09
35,direct,0.00227198,1.34185e+09
36,direct,0.00243122,1.34185e+09
37,direct,0.00220365,1.34185e+09
38,direct,0.00234769,1.34185e+09
39,direct,0.00238248,1.34185e+09
40,direct,0.00231901,1.34185e+09
41,direct,0.00235703,1.34185e+09
42,direct,0.00236207,1.34185e+09
43,direct,0.0024837,1.34185e+09
44,direct,0.00244536,1.34185e+09
34,indirect,0.0026426,1.34185e+09
35,direct,0.000954646,1.34185e+09
36,direct,0.00151858,1.34185e+09
37,direct,0.0020314,1.34185e+09
38,direct,0.00227596,1.34185e+09
35,indirect,0.00288256,1.34185e+09
36,direct,0.00200807,1.34185e+09
36,indirect,0.00259196,1.34185e+09
37,direct,0.00110437,1.34185e+09
38,direct,0.00179044,1.34185e+09
39,direct,0.00150803,1.34185e+09
40,direct,0.00186699,1.34185e+09
41,direct,0.00227546,1.34185e+09
37,indirect,0.00193207,1.34185e+09
38,direct,0.00123564,1.34185e+09
39,direct,0.00187273,1.34185e+09
40,direct,0.00168385,1.34185e+09
41,direct,0.00200749,1.34185e+09
42,direct,0.00196026,1.34185e+09
43,direct,0.00133256,1.34185e+09
44,direct,0.00145795,1.34185e+09
45,direct,0.00203207,1.34185e+09
46,direct,0.00237045,1.34185e+09
47,direct,0.00221909,1.34185e+09
48,direct,0.00198498,1.34185e+09
38,indirect,0.0020545,1.34185e+09
39,direct,0.00101024,1.34185e+09
40,direct,0.00106519,1.34185e+09
39,indirect,0.00111694,1.34185e+09
40,direct,0.000822646,1.34185e+09
41,direct,0.000971239,1.34185e+09
40,indirect,0.00184158,1.34185e+09
41,indirect,0.0015814,1.34185e+09
42,direct,0.00222068,1.34185e+09
42,indirect,0.00194944,1.34185e+09
43,direct,0.00240181,1.34185e+09
43,indirect,0.00250152,1.34185e+09
44,direct,0.00110092,1.34185e+09
44,indirect,0.00133361,1.34185e+09
45,indirect,0.00182192,1.34185e+09
46,direct,0.00126613,1.34185e+09
46,indirect,0.00264003,1.34185e+09
47,indirect,0.00302369,1.34185e+09
48,direct,0.00213802,1.34185e+09
48,indirect,0.00295557,1.34185e+09
49,direct,0.0015962,1.34185e+09
50,direct,0.00159119,1.34185e+09
51,direct,0.00121678,1.34185e+09
49,indirect,0.00117939,1.34185e+09
50,indirect,0.00107917,1.34185e+09
51,indirect,0.00184216,1.34185e+09
52,indirect,0.000647785,1.34185e+09
53,direct,0.00108066,1.34185e+09
54,direct,0.00172102,1.34185e+09
55,direct,0.0014113,1.34185e+09
53,indirect,0.00267229,1.34185e+09
54,indirect,0.0015833,1.34185e+09
55,indirect,0.00107782,1.34185e+09
56,indirect,0.00236799,1.34185e+09
57,direct,0.0015118,1.34185e+09
57,indirect,0.00275948,1.34185e+09
58,indirect,0.00134826,1.34185e+09
59,indirect,0.00110129,1.34185e+09
60,indirect,0.00182762,1.34185e+09
61,indirect,0.00177312,1.34185e+09
62,direct,0.000850615,1.34185e+09
62,indirect,0.000874623,1.34185e+09
63,indirect,0.00175274,1.34185e+09
64,indirect,0.00122891,1.34185e+09
65,indirect,0.000962484,1.34185e+09
66,indirect,0.00111204,1.34185e+09
67,direct,0.000976861,1.34185e+09
67,indirect,0.00130052,1.34185e+09
68,direct,0.00114942,1.34185e+09
68,indirect,0.00103736,1.34185e+09
69,direct,0.00110803,1.34185e+09
69,indirect,0.00188134,1.34185e+09
70,direct,0.0020195,1.34185e+09
70,indirect,0.00210433,1.34185e+09
71,indirect,0.00138717,1.34185e+09
72,direct,0.00107263,1.34185e+09
72,indirect,0.00173408,1.34185e+09
73,indirect,0.000948633,1.34185e+09
74,indirect,0.00090357,1.34185e+09
75,indirect,0.00146657,1.34185e+09
76,indirect,0.00109454,1.34185e+09
77,indirect,0.0015072,1.34185e+09
78,indirect,0.00098486,1.34185e+09
79,direct,0.00139511,1.34185e+09
79,indirect,0.0011054,1.34185e+09
80,direct,0.00169438,1.34185e+09
80,indirect,0.00381084,1.34185e+09
81,indirect,0.00303603,1.34185e+09
82,indirect,0.00227573,1.34185e+09
83,indirect,0.00213431,1.34185e+09
84,direct,0.00198851,1.34185e+09
84,indirect,0.00132065,1.34185e+09
85,indirect,0.00170866,1.34185e+09
86,indirect,0.00114154,1.34185e+09
87,indirect,0.00123138,1.34185e+09
88,indirect,0.00205711,1.34185e+09
89,indirect,0.00108982,1.34185e+09
90,direct,0.00247028,1.34185e+09
90,indirect,0.00241802,1.34185e+09
91,indirect,0.00102782,1.34185e+09
92,indirect,0.00122299,1.34185e+09
93,indirect,0.000744142,1.34185e+09
94,indirect,0.00158388,1.34185e+09
95,indirect,0.00163555,1.34185e+09
96,indirect,0.00117674,1.34185e+09
97,indirect,0.00113297,1.34185e+09
98,indirect,0.00192997,1.34185e+09
99,indirect,0.00105608,1.34185e+09
100,indirect,0.0013577,1.34185e+09
101,indirect,0.00138688,1.34185e+09
102,indirect,0.00164439,1.34185e+09
103,indirect,0.001912,1.34185e+09
104,indirect,0.00125089,1.34185e+09
105,indirect,0.00105429,1.34185e+09
106,indirect,0.00169155,1.34185e+09
107,indirect,0.00142726,1.34185e+09
108,indirect,0.00187405,1.34185e+09
109,direct,0.00163616,1.34185e+09
109,indirect,0.00208554,1.34185e+09
110,indirect,0.00100101,1.34185e+09
111,indirect,0.00131857,1.34185e+09
112,indirect,0.00117241,1.34185e+09
113,indirect,0.00113924,1.34185e+09
114,direct,0.00133019,1.34185e+09
114,indirect,0.00130078,1.34185e+09
115,direct,0.0017553,1.34185e+09
115,indirect,0.00247888,1.34185e+09
116,indirect,0.00127112,1.34185e+09
117,indirect,0.00155505,1.34185e+09
118,indirect,0.00130574,1.34185e+09
119,indirect,0.00203064,1.34185e+09
120,indirect,0.000876387,1.34185e+09
121,direct,0.00203846,1.34185e+09
121,indirect,0.00158981,1.34185e+09
122,indirect,0.000863112,1.34185e+09
123,indirect,0.00190045,1.34185e+09
124,indirect,0.00162615,1.34185e+09
125,indirect,0.00236566,1.34185e+09
126,indirect,0.00246575,1.34185e+09
127,indirect,0.00183973,1.34185e+09
128,indirect,0.00171583,1.34185e+09
129,direct,0.00130642,1.34185e+09
130,direct,0.00155072,1.34185e+09
129,indirect,0.00182757,1.34185e+09
130,direct,0.00116015,1.34185e+09
130,indirect,0.00120606,1.34185e+09
131,indirect,0.000878667,1.34185e+09
132,direct,0.00120255,1.34185e+09
132,indirect,0.00108925,1.34185e+09
133,indirect,0.00169334,1.34185e+09
134,indirect,0.00155066,1.34185e+09
135,direct,0.00127193,1.34185e+09
136,direct,0.00137423,1.34185e+09
135,indirect,0.00153345,1.34185e+09
136,indirect,0.00138154,1.34185e+09
137,indirect,0.00117623,1.34185e+09
138,indirect,0.00204306,1.34185e+09
139,indirect,0.00204129,1.34185e+09
140,direct,0.00228711,1.34185e+09
140,indirect,0.00314692,1.34185e+09
141,direct,0.00171219,1.34185e+09
142,direct,0.00262496,1.34185e+09
143,direct,0.00137337,1.34185e+09
141,indirect,0.00247051,1.34185e+09
142,indirect,0.00168062,1.34185e+09
143,indirect,0.00136966,1.34185e+09
144,direct,0.00154125,1.34185e+09
145,direct,0.00275389,1.34185e+09
144,indirect,0.00194266,1.34185e+09
145,indirect,0.00130324,1.34185e+09
146,indirect,0.000898935,1.34185e+09
147,indirect,0.0011398,1.34185e+09
148,indirect,0.000915054,1.34185e+09
149,indirect,0.00106011,1.34185e+09
150,indirect,0.00100926,1.34185e+09
151,indirect,0.00114414,1.34185e+09
152,direct,0.0015918,1.34185e+09
152,indirect,0.00134517,1.34185e+09
153,indirect,0.00160039,1.34185e+09
154,indirect,0.00103797,1.34185e+09
155,indirect,0.00225266,1.34185e+09
156,direct,0.0017496,1.34185e+09
157,direct,0.00278297,1.34185e+09
158,direct,0.00320516,1.34185e+09
159,direct,0.00211627,1.34185e+09
160,direct,0.00277434,1.34185e+09
161,direct,0.0034034,1.34185e+09
162,direct,0.00345703,1.34185e+09
163,direct,0.00290621,1.34185e+09
164,direct,0.00333859,1.34185e+09
156,indirect,0.00284758,1.34185e+09
157,direct,0.00288226,1.34185e+09
158,direct,0.00275058,1.34185e+09
159,direct,0.00236263,1.34185e+09
160,direct,0.00220933,1.34185e+09
161,direct,0.00251137,1.34185e+09
162,direct,0.00215304,1.34185e+09
163,direct,0.00226467,1.34185e+09
164,direct,0.00330313,1.34185e+09
165,direct,0.00357476,1.34185e+09
157,indirect,0.00297474,1.34185e+09
158,direct,0.00171038,1.34185e+09
159,direct,0.001115,1.34185e+09
158,indirect,0.000902132,1.34185e+09
159,direct,0.00117984,1.34185e+09
159,indirect,0.00146075,1.34185e+09
160,direct,0.00245227,1.34185e+09
161,direct,0.00274339,1.34185e+09
162,direct,0.00366662,1.34185e+09
163,direct,0.00324619,1.34185e+09
160,indirect,0.00270097,1.34185e+09
161,direct,0.00227764,1.34185e+09
162,direct,0.00210514,1.34185e+09
163,direct,0.0015526,1.34185e+09
164,direct,0.00198813,1.34185e+09
165,direct,0.00274924,1.34185e+09
166,direct,0.00328456,1.34185e+09
167,direct,0.00285461,1.34185e+09
168,direct,0.00300834,1.34185e+09
169,direct,0.00300494,1.34185e+09
161,indirect,0.00312278,1.34185e+09
162,direct,0.00264201,1.34185e+09
163,direct,0.00329583,1.34185e+09
164,direct,0.0032862,1.34185e+09
165,direct,0.00266051,1.34185e+09
166,direct,0.00301217,1.34185e+09
167,direct,0.0033713,1.34185e+09
168,direct,0.0028652,1.34185e+09
169,direct,0.00307004,1.34185e+09
170,direct,0.00396307,1.34185e+09
162,indirect,0.00420972,1.34185e+09
163,direct,0.0030686,1.34185e+09
164,direct,0.00393497,1.34185e+09
165,direct,0.00389034,1.34185e+09
166,direct,0.00383503,1.34185e+09
167,direct,0.0040408,1.34185e+09
168,direct,0.00398086,1.34185e+09
169,direct,0.00390047,1.34185e+09
170,direct,0.00402066,1.34185e+09
171,direct,0.00371384,1.34185e+09
163,indirect,0.00380645,1.34185e+09
164,indirect,0.00351912,1.34185e+09
165,direct,0.0023822,1.34185e+09
166,direct,0.00172562,1.34185e+09
167,direct,0.00107208,1.34185e+09
168,direct,0.00245081,1.34185e+09
169,direct,0.00185193,1.34185e+09
165,indirect,0.00137921,1.34185e+09
166,direct,0.00106703,1.34185e+09
166,indirect,0.00189423,1.34185e+09
167,direct,0.00298603,1.34185e+09
168,direct,0.00303585,1.34185e+09
169,direct,0.00278682,1.34185e+09
167,indirect,0.00247274,1.34185e+09
168,direct,0.00269521,1.34185e+09
169,direct,0.00255133,1.34185e+09
170,direct,0.00266004,1.34185e+09
171,direct,0.00302839,1.34185e+09
172,direct,0.00324723,1.34185e+09
173,direct,0.00374751,1.34185e+09
174,direct,0.00383396,1.34185e+09
175,direct,0.0040875,1.34185e+09
176,direct,0.00430495,1.34185e+09
168,indirect,0.00398166,1.34185e+09
169,indirect,0.00495711,1.34185e+09
170,direct,0.00285625,1.34185e+09
171,direct,0.00312769,1.34185e+09
172,direct,0.00314658,1.34185e+09
173,direct,0.00297128,1.34185e+09
174,direct,0.00294476,1.34185e+09
175,direct,0.00320189,1.34185e+09
176,direct,0.00324473,1.34185e+09
177,direct,0.00359014,1.34185e+09
178,direct,0.00367052,1.34185e+09
170,indirect,0.00341896,1.34185e+09
171,direct,0.0031091,1.34185e+09
172,direct,0.00341725,1.34185e+09
173,direct,0.00339839,1.34185e+09
174,direct,0.00348456,1.34185e+09
175,direct,0.00382069,1.34185e+09
176,direct,0.0036614,1.34185e+09
177,direct,0.00404818,1.34185e+09
178,direct,0.00372878,1.34185e+09
179,direct,0.00397832,1.34185e+09
171,indirect,0.00423173,1.34185e+09
172,direct,0.00394676,1.34185e+09
173,direct,0.00408288,1.34185e+09
174,direct,0.00398425,1.34185e+09
175,direct,0.00397634,1.34185e+09
172,indirect,0.00459005,1.34185e+09
173,direct,0.00240261,1.34185e+09
174,direct,0.00245365,1.34185e+09
175,direct,0.00256296,1.34185e+09
176,direct,0.00284901,1.34185e+09
177,direct,0.00282787,1.34185e+09
178,direct,0.00285665,1.34185e+09
179,direct,0.00299778,1.34185e+09
180,direct,0.00297644,1.34185e+09
181,direct,0.00310012,1.34185e+09
173,indirect,0.00324742,1.34185e+09
174,direct,0.00333421,1.34185e+09
175,direct,0.00328771,1.34185e+09
176,direct,0.00360555,1.34185e+09
177,direct,0.00371825,1.34185e+09
178,direct,0.00352549,1.34185e+09
179,direct,0.00353525,1.34185e+09
180,direct,0.00371237,1.34185e+09
181,direct,0.00386062,1.34185e+09
182,direct,0.00370323,1.34185e+09
174,indirect,0.00388886,1.34185e+09
175,direct,0.00432044,1.34185e+09
176,direct,0.00437945,1.34185e+09
175,indirect,0.00455995,1.34185e+09
176,direct,0.00227154,1.34185e+09
177,direct,0.00277706,1.34185e+09
178,direct,0.00320495,1.34185e+09
179,direct,0.00334233,1.34185e+09
180,direct,0.00378025,1.34185e+09
181,direct,0.00394228,1.34185e+09
182,direct,0.00439783,1.34185e+09
183,direct,0.00441696,1.34185e+09
184,direct,0.00435187,1.34185e+09
176,indirect,0.0043066,1.34185e+09
177,direct,0.00382316,1.34185e+09
178,direct,0.00419902,1.34185e+09
179,direct,0.00395074,1.34185e+09
180,direct,0.00388752,1.34185e+09
181,direct,0.00338531,1.34185e+09
182,direct,0.00336564,1.34185e+09
183,direct,0.00360555,1.34185e+09
184,direct,0.00378223,1.34185e+09
185,direct,0.0036131,1.34185e+09
177,indirect,0.00386826,1.34185e+09
178,direct,0.00395718,1.34185e+09
179,direct,0.00334118,1.34185e+09
180,direct,0.00350551,1.34185e+09
181,direct,0.00392416,1.34185e+09
182,direct,0.00381893,1.34185e+09
183,direct,0.00363409,1.34185e+09
184,direct,0.00367822,1.34185e+09
178,indirect,0.00457464,1.34185e+09
179,direct,0.00232147,1.34185e+09
180,direct,0.00296187,1.34185e+09
181,direct,0.00308804,1.34185e+09
182,direct,0.00300172,1.34185e+09
183,direct,0.00298861,1.34185e+09
184,direct,0.00286229,1.34185e+09
185,direct,0.00296068,1.34185e+09
186,direct,0.00344639,1.34185e+09
187,direct,0.00384479,1.34185e+09
179,indirect,0.00414354,1.34185e+09
180,direct,0.00398439,1.34185e+09
181,direct,0.00429445,1.34185e+09
182,direct,0.00439369,1.34185e+09
183,direct,0.00426816,1.34185e+09
184,direct,0.00418773,1.34185e+09
185,direct,0.00365861,1.34185e+09
186,direct,0.00395076,1.34185e+09
187,direct,0.00378023,1.34185e+09
188,direct,0.00426794,1.34185e+09
180,indirect,0.00440123,1.34185e+09
181,indirect,0.00452898,1.34185e+09
182,direct,0.00277488,1.34185e+09
183,direct,0.00304283,1.34185e+09
184,direct,0.00365529,1.34185e+09
185,direct,0.00396301,1.34185e+09
186,direct,0.00339643,1.34185e+09
187,direct,0.0034455,1.34185e+09
188,direct,0.00375464,1.34185e+09
189,direct,0.00385778,1.34185e+09
190,direct,0.00369845,1.34185e+09
182,indirect,0.00334227,1.34185e+09
183,direct,0.00324377,1.34185e+09
184,direct,0.0040479,1.34185e+09
185,direct,0.00387456,1.34185e+09
186,direct,0.00398934,1.34185e+09
187,direct,0.00415975,1.34185e+09
188,direct,0.00408408,1.34185e+09
189,direct,0.0040389,1.34185e+09
183,indirect,0.00450363,1.34185e+09
184,direct,0.00278344,1.34185e+09
185,direct,0.00300333,1.34185e+09
186,direct,0.00263713,1.34185e+09
187,direct,0.00266392,1.34185e+09
188,direct,0.00296868,1.34185e+09
189,direct,0.00293901,1.34185e+09
190,direct,0.00308495,1.34185e+09
191,direct,0.002802,1.34185e+09
192,direct,0.00329789,1.34185e+09
184,indirect,0.00372969,1.34185e+09
185,direct,0.00406933,1.34185e+09
186,direct,0.00412211,1.34185e+09
187,direct,0.00415744,1.34185e+09
188,direct,0.00430913,1.34185e+09
189,direct,0.00396616,1.34185e+09
185,indirect,0.00452976,1.34185e+09
186,direct,0.00197694,1.34185e+09
187,direct,0.00236367,1.34185e+09
188,direct,0.00334914,1.34185e+09
189,direct,0.00349371,1.34185e+09
190,direct,0.00353671,1.34185e+09
191,direct,0.00407519,1.34185e+09
192,direct,0.00425598,1.34185e+09
193,direct,0.00358764,1.34185e+09
194,direct,0.00339023,1.34185e+09
186,indirect,0.00364386,1.34185e+09
187,direct,0.0035486,1.34185e+09
188,direct,0.0040165,1.34185e+09
189,direct,0.0042171,1.34185e+09
190,direct,0.00419828,1.34185e+09
187,indirect,0.00544647,1.34185e+09
188,direct,0.00405003,1.34185e+09
189,direct,0.00440161,1.34185e+09
190,direct,0.00427949,1.34185e+09
188,indirect,0.00451035,1.34185e+09
189,direct,0.00268785,1.34185e+09
190,direct,0.00337966,1.34185e+09
191,direct,0.00374414,1.34185e+09
192,direct,0.00391795,1.34185e+09
193,direct,0.00407156,1.34185e+09
189,indirect,0.0045104,1.34185e+09
190,direct,0.00264075,1.34185e+09
191,direct,0.00312807,1.34185e+09
192,direct,0.0037501,1.34185e+09
193,direct,0.0041971,1.34185e+09
194,direct,0.00397968,1.34185e+09
195,direct,0.00384158,1.34185e+09
196,direct,0.00433631,1.34185e+09
197,direct,0.00437016,1.34185e+09
198,direct,0.00437213,1.34185e+09
190,indirect,0.00428664,1.34185e+09
191,indirect,0.0046136,1.34185e+09
192,direct,0.00364039,1.34185e+09
193,direct,0.00349261,1.34185e+09
194,direct,0.00432097,1.34185e+09
195,direct,0.00444972,1.34185e+09
196,direct,0.00412091,1.34185e+09
192,indirect,0.00453539,1.34185e+09
193,direct,0.00341521,1.34185e+09
194,direct,0.00412146,1.34185e+09
195,direct,0.0041341,1.34185e+09
193,indirect,0.0046968,1.34185e+09
194,direct,0.00290487,1.34185e+09
195,direct,0.00386179,1.34185e+09
196,direct,0.00378322,1.34185e+09
197,direct,0.00412804,1.34185e+09
194,indirect,0.00451605,1.34185e+09
195,direct,0.00248671,1.34185e+09
196,direct,0.00335638,1.34185e+09
197,direct,0.00335483,1.34185e+09
198,direct,0.00398145,1.34185e+09
195,indirect,0.00454291,1.34185e+09
196,direct,0.00333359,1.34185e+09
197,direct,0.00418717,1.34185e+09
198,direct,0.00449409,1.34185e+09
196,indirect,0.00487121,1.34185e+09
197,direct,0.00366862,1.34185e+09
198,direct,0.00418184,1.34185e+09
197,indirect,0.00510875,1.34185e+09
198,direct,0.00350595,1.34185e+09
199,direct,0.00444133,1.34185e+09
198,indirect,0.00541312,1.34185e+09
199,direct,0.0039954,1.34185e+09
199,indirect,0.00497376,1.34185e+09
200,direct,0.00293141,1.34185e+09
201,direct,0.00413312,1.34185e+09
200,indirect,0.00488614,1.34185e+09
201,direct,0.00305465,1.34185e+09
202,direct,0.00312091,1.34185e+09
203,direct,0.00366738,1.34185e+09
201,indirect,0.00481326,1.34185e+09
202,direct,0.00388434,1.34185e+09
203,direct,0.00353609,1.34185e+09
204,direct,0.00353162,1.34185e+09
202,indirect,0.00487979,1.34185e+09
203,direct,0.00365885,1.34185e+09
203,indirect,0.00467399,1.34185e+09
204,direct,0.00338135,1.34185e+09
205,direct,0.00344631,1.34185e+09
204,indirect,0.00536916,1.34185e+09
205,direct,0.00326703,1.34185e+09
206,direct,0.00344303,1.34185e+09
207,direct,0.00316816,1.34185e+09
208,direct,0.00301928,1.34185e+09
209,direct,0.00395952,1.34185e+09
205,indirect,0.00480038,1.34185e+09
206,direct,0.00347832,1.34185e+09
207,direct,0.00306097,1.34185e+09
208,direct,0.00423374,1.34185e+09
209,direct,0.0037069,1.34185e+09
210,direct,0.00394196,1.34185e+09
211,direct,0.0044604,1.34185e+09
212,direct,0.00449501,1.34185e+09
206,indirect,0.00452341,1.34185e+09
207,direct,0.00298811,1.34185e+09
208,direct,0.00423394,1.34185e+09
209,direct,0.00425049,1.34185e+09
210,direct,0.00448728,1.34185e+09
211,direct,0.00426126,1.34185e+09
212,direct,0.00448039,1.34185e+09
213,direct,0.00397657,1.34185e+09
214,direct,0.00437022,1.34185e+09
215,direct,0.00374303,1.34185e+09
207,indirect,0.00466605,1.34185e+09
208,direct,0.00291988,1.34185e+09
209,direct,0.00399097,1.34185e+09
208,indirect,0.0045997,1.34185e+09
209,direct,0.00295285,1.34185e+09
210,direct,0.00432882,1.34185e+09
209,indirect,0.00492705,1.34185e+09
210,direct,0.00328902,1.34185e+09
211,direct,0.00400754,1.34185e+09
212,direct,0.00429068,1.34185e+09
213,direct,0.00417001,1.34185e+09
214,direct,0.00446422,1.34185e+09
210,indirect,0.00477544,1.34185e+09
211,direct,0.002823,1.34185e+09
212,direct,0.0029335,1.34185e+09
213,direct,0.00296774,1.34185e+09
214,direct,0.0030933,1.34185e+09
215,direct,0.00354097,1.34185e+09
216,direct,0.00391623,1.34185e+09
217,direct,0.00370295,1.34185e+09
218,direct,0.0038507,1.34185e+09
219,direct,0.00426335,1.34185e+09
211,indirect,0.00472274,1.34185e+09
212,direct,0.00307296,1.34185e+09
213,direct,0.00418881,1.34185e+09
212,indirect,0.00484411,1.34185e+09
213,direct,0.00323299,1.34185e+09
214,direct,0.00404691,1.34185e+09
215,direct,0.0037733,1.34185e+09
216,direct,0.00382004,1.34185e+09
217,direct,0.00408371,1.34185e+09
218,direct,0.00397289,1.34185e+09
219,direct,0.00377201,1.34185e+09
220,direct,0.00360948,1.34185e+09
221,direct,0.00390547,1.34185e+09
213,indirect,0.00417923,1.34185e+09
214,direct,0.00360699,1.34185e+09
215,direct,0.00418408,1.34185e+09
216,direct,0.00433139,1.34185e+09
217,direct,0.00394884,1.34185e+09
218,direct,0.0039524,1.34185e+09
219,direct,0.00365732,1.34185e+09
214,indirect,0.00475563,1.34185e+09
215,direct,0.00345144,1.34185e+09
216,direct,0.00369702,1.34185e+09
217,direct,0.00390583,1.34185e+09
215,indirect,0.00456959,1.34185e+09
216,direct,0.0042863,1.34185e+09
216,indirect,0.00460944,1.34185e+09
217,direct,0.00414586,1.34185e+09
217,indirect,0.00516168,1.34185e+09
218,direct,0.00342844,1.34185e+09
219,direct,0.00412351,1.34185e+09
220,direct,0.00435488,1.34185e+09
218,indirect,0.00459604,1.34185e+09
219,direct,0.00391014,1.34185e+09
219,indirect,0.00469346,1.34185e+09
220,direct,0.00328159,1.34185e+09
221,direct,0.00430615,1.34185e+09
220,indirect,0.00458873,1.34185e+09
221,direct,0.00292102,1.34185e+09
222,direct,0.00350024,1.34185e+09
223,direct,0.00340958,1.34185e+09
224,direct,0.00371979,1.34185e+09
225,direct,0.00409345,1.34185e+09
221,indirect,0.00451052,1.34185e+09
222,direct,0.00254689,1.34185e+09
223,direct,0.00315612,1.34185e+09
224,direct,0.00353686,1.34185e+09
225,direct,0.00366621,1.34185e+09
226,direct,0.00398361,1.34185e+09
227,direct,0.00396262,1.34185e+09
228,direct,0.00423389,1.34185e+09
229,direct,0.00444624,1.34185e+09
230,direct,0.00440502,1.34185e+09
222,indirect,0.00440305,1.34185e+09
223,direct,0.00447721,1.34185e+09
223,indirect,0.00465353,1.34185e+09
224,direct,0.00277291,1.34185e+09
225,direct,0.00390038,1.34185e+09
226,direct,0.00399564,1.34185e+09
227,direct,0.00399245,1.34185e+09
228,direct,0.00434523,1.34185e+09
229,direct,0.00389758,1.34185e+09
230,direct,0.00371891,1.34185e+09
231,direct,0.00419047,1.34185e+09
232,direct,0.00377506,1.34185e+09
224,indirect,0.00387888,1.34185e+09
225,direct,0.00400309,1.34185e+09
226,direct,0.00428797,1.34185e+09
225,indirect,0.00457045,1.34185e+09
226,direct,0.00378931,1.34185e+09
227,direct,0.00418734,1.34185e+09
228,direct,0.00443035,1.34185e+09
226,indirect,0.00474201,1.34185e+09
227,direct,0.00323214,1.34185e+09
228,direct,0.00394433,1.34185e+09
229,direct,0.00427355,1.34185e+09
230,direct,0.00420866,1.34185e+09
231,direct,0.00434643,1.34185e+09
227,indirect,0.00459956,1.34185e+09
228,direct,0.00275936,1.34185e+09
229,direct,0.00412388,1.34185e+09
228,indirect,0.00483582,1.34185e+09
229,direct,0.00443663,1.34185e+09
230,direct,0.00426352,1.34185e+09
229,indirect,0.00473958,1.34185e+09
230,direct,0.00418962,1.34185e+09
230,indirect,0.00464573,1.34185e+09
231,direct,0.00394082,1.34185e+09
232,direct,0.00429696,1.34185e+09
231,indirect,0.0046466,1.34185e+09
232,direct,0.00390353,1.34185e+09
233,direct,0.00437136,1.34185e+09
234,direct,0.00429848,1.34185e+09
232,indirect,0.00479798,1.34185e+09
233,direct,0.00386886,1.34185e+09
234,direct,0.00437842,1.34185e+09
233,indirect,0.00469892,1.34185e+09
234,direct,0.00404477,1.34185e+09
235,direct,0.00419242,1.34185e+09
234,indirect,0.00474555,1.34185e+09
235,direct,0.00387571,1.34185e+09
235,indirect,0.00478149,1.34185e+09
236,direct,0.00353844,1.34185e+09
236,indirect,0.00478766,1.34185e+09
237,direct,0.00369816,1.34185e+09
238,direct,0.00435462,1.34185e+09
237,indirect,0.00457915,1.34185e+09
238,direct,0.00368375,1.34185e+09
238,indirect,0.00509146,1.34185e+09
239,indirect,0.00478266,1.34185e+09
240,direct,0.00433693,1.34185e+09
241,direct,0.00434886,1.34185e+09
242,direct,0.00426664,1.34185e+09
240,indirect,0.00465689,1.34185e+09
241,direct,0.00342051,1.34185e+09
242,direct,0.00381891,1.34185e+09
243,direct,0.00393492,1.34185e+09
241,indirect,0.00462539,1.34185e+09
242,direct,0.00333451,1.34185e+09
243,direct,0.00387686,1.34185e+09
244,direct,0.00372467,1.34185e+09
245,direct,0.00348892,1.34185e+09
246,direct,0.004189,1.34185e+09
242,indirect,0.00471576,1.34185e+09
243,direct,0.00379292,1.34185e+09
244,direct,0.00438439,1.34185e+09
245,direct,0.0044377,1.34185e+09
243,indirect,0.00458567,1.34185e+09
244,direct,0.00382358,1.34185e+09
245,direct,0.00359125,1.34185e+09
246,direct,0.00390718,1.34185e+09
247,direct,0.0036282,1.34185e+09
248,direct,0.00410243,1.34185e+09
249,direct,0.00373895,1.34185e+09
250,direct,0.00425383,1.34185e+09
251,direct,0.00412708,1.34185e+09
252,direct,0.00356226,1.34185e+09
244,indirect,0.00425535,1.34185e+09
245,indirect,0.00535799,1.34185e+09
246,direct,0.00434648,1.34185e+09
247,direct,0.00430452,1.34185e+09
246,indirect,0.00451726,1.34185e+09
247,direct,0.00444328,1.34185e+09
247,indirect,0.00484668,1.34185e+09
248,direct,0.00394772,1.34185e+09
248,indirect,0.00494544,1.34185e+09
249,direct,0.00392945,1.34185e+09
250,direct,0.00426365,1.34185e+09
249,indirect,0.00464695,1.34185e+09
250,direct,0.00313106,1.34185e+09
251,direct,0.00401209,1.34185e+09
250,indirect,0.0047183,1.34185e+09
251,direct,0.00328834,1.34185e+09
252,direct,0.00393579,1.34185e+09
251,indirect,0.00466596,1.34185e+09
252,direct,0.00390285,1.34185e+09
253,direct,0.00396894,1.34185e+09
252,indirect,0.00464057,1.34185e+09
253,direct,0.00393989,1.34185e+09
254,direct,0.00413441,1.34185e+09
255,direct,0.00418796,1.34185e+09
253,indirect,0.0046852,1.34185e+09
254,direct,0.00385278,1.34185e+09
255,direct,0.0036217,1.34185e+09
256,direct,0.0033205,1.34185e+09
257,direct,0.00399564,1.34185e+09
258,direct,0.00376451,1.34185e+09
259,direct,0.00442476,1.34185e+09
254,indirect,0.0045879,1.34185e+09
255,direct,0.00375427,1.34185e+09
255,indirect,0.00513088,1.34185e+09
256,direct,0.00316766,1.34185e+09
257,direct,0.00377417,1.34185e+09
258,direct,0.00384128,1.34185e+09
259,direct,0.00442197,1.34185e+09
260,direct,0.004393,1.34185e+09
261,direct,0.0043888,1.34185e+09
262,direct,0.00405858,1.34185e+09
263,direct,0.00383484,1.34185e+09
256,indirect,0.0050358,1.34185e+09
257,direct,0.00292246,1.34185e+09
258,direct,0.00338123,1.34185e+09
259,direct,0.00393525,1.34185e+09
260,direct,0.00407561,1.34185e+09
261,direct,0.00412905,1.34185e+09
262,direct,0.00379331,1.34185e+09
263,direct,0.00441306,1.34185e+09
257,indirect,0.00450428,1.34185e+09
258,direct,0.00281882,1.34185e+09
259,direct,0.00302604,1.34185e+09
260,direct,0.00344551,1.34185e+09
261,direct,0.00355791,1.34185e+09
258,indirect,0.00452011,1.34185e+09
259,direct,0.00267123,1.34185e+09
260,direct,0.00289481,1.34185e+09
261,direct,0.00318655,1.34185e+09
262,direct,0.003366,1.34185e+09
263,direct,0.0028521,1.34185e+09
264,direct,0.00340677,1.34185e+09
265,direct,0.00324471,1.34185e+09
266,direct,0.00375969,1.34185e+09
267,direct,0.00396408,1.34185e+09
259,indirect,0.00424113,1.34185e+09
260,direct,0.00432935,1.34185e+09
260,indirect,0.00461735,1.34185e+09
261,direct,0.00303388,1.34185e+09
262,direct,0.00335037,1.34185e+09
263,direct,0.00297154,1.34185e+09
264,direct,0.00278239,1.34185e+09
265,direct,0.00332181,1.34185e+09
266,direct,0.00350862,1.34185e+09
261,indirect,0.00460365,1.34185e+09
262,direct,0.00403121,1.34185e+09
263,direct,0.00449238,1.34185e+09
262,indirect,0.00480123,1.34185e+09
263,direct,0.00308034,1.34185e+09
264,direct,0.00380806,1.34185e+09
265,direct,0.00367669,1.34185e+09
266,direct,0.0034423,1.34185e+09
267,direct,0.00372225,1.34185e+09
268,direct,0.0042814,1.34185e+09
269,direct,0.004239,1.34185e+09
270,direct,0.00433068,1.34185e+09
271,direct,0.00443851,1.34185e+09
263,indirect,0.00488028,1.34185e+09
264,direct,0.00266788,1.34185e+09
265,direct,0.00324302,1.34185e+09
266,direct,0.00324182,1.34185e+09
267,direct,0.00380153,1.34185e+09
268,direct,0.00403437,1.34185e+09
269,direct,0.00358479,1.34185e+09
270,direct,0.00422264,1.34185e+09
264,indirect,0.00463432,1.34185e+09
265,direct,0.00274468,1.34185e+09
266,direct,0.00289402,1.34185e+09
267,direct,0.00292122,1.34185e+09
268,direct,0.00329171,1.34185e+09
269,direct,0.00375595,1.34185e+09
270,direct,0.0038798,1.34185e+09
271,direct,0.00413485,1.34185e+09
272,direct,0.00412617,1.34185e+09
273,direct,0.00412906,1.34185e+09
265,indirect,0.00410151,1.34185e+09
266,direct,0.00421032,1.34185e+09
266,indirect,0.00457209,1.34185e+09
267,direct,0.00279007,1.34185e+09
268,direct,0.00294492,1.34185e+09
269,direct,0.00358942,1.34185e+09
270,direct,0.00344884,1.34185e+09
271,direct,0.00324989,1.34185e+09
272,direct,0.00378809,1.34185e+09
267,indirect,0.00450934,1.34185e+09
268,direct,0.00295749,1.34185e+09
269,direct,0.00403371,1.34185e+09
270,direct,0.00439057,1.34185e+09
268,indirect,0.0053307,1.34185e+09
269,direct,0.0032435,1.34185e+09
269,indirect,0.00453859,1.34185e+09
270,direct,0.00364119,1.34185e+09
271,direct,0.00397478,1.34185e+09
272,direct,0.00414754,1.34185e+09
273,direct,0.00438521,1.34185e+09
274,direct,0.00426661,1.34185e+09
270,indirect,0.00471852,1.34185e+09
271,direct,0.00298345,1.34185e+09
272,direct,0.00275989,1.34185e+09
273,direct,0.00305292,1.34185e+09
274,direct,0.00298579,1.34185e+09
275,direct,0.00251935,1.34185e+09
276,direct,0.00314659,1.34185e+09
277,direct,0.00384742,1.34185e+09
278,direct,0.00419629,1.34185e+09
279,direct,0.00421683,1.34185e+09
271,indirect,0.00404595,1.34185e+09
272,direct,0.0038457,1.34185e+09
273,direct,0.00346094,1.34185e+09
274,direct,0.00410807,1.34185e+09
275,direct,0.00370763,1.34185e+09
276,direct,0.00335428,1.34185e+09
277,direct,0.00433004,1.34185e+09
278,direct,0.00441449,1.34185e+09
279,direct,0.00397749,1.34185e+09
280,direct,0.00408681,1.34185e+09
272,indirect,0.00395662,1.34185e+09
273,direct,0.00438868,1.34185e+09
274,direct,0.00396008,1.34185e+09
275,direct,0.00443206,1.34185e+09
276,direct,0.00431825,1.34185e+09
273,indirect,0.00484596,1.34185e+09
274,direct,0.00251305,1.34185e+09
275,direct,0.00282432,1.34185e+09
276,direct,0.00289319,1.34185e+09
277,direct,0.0033965,1.34185e+09
278,direct,0.00384699,1.34185e+09
279,direct,0.00348064,1.34185e+09
280,direct,0.00443793,1.34185e+09
281,direct,0.00445517,1.34185e+09
282,direct,0.00415757,1.34185e+09
274,indirect,0.00420424,1.34185e+09
275,direct,0.00425924,1.34185e+09
276,direct,0.00420499,1.34185e+09
277,direct,0.00437552,1.34185e+09
278,direct,0.00429164,1.34185e+09
279,direct,0.00425444,1.34185e+09
280,direct,0.00387122,1.34185e+09
281,direct,0.00398121,1.34185e+09
282,direct,0.00449236,1.34185e+09
275,indirect,0.00529246,1.34185e+09
276,direct,0.00240948,1.34185e+09
277,direct,0.0028403,1.34185e+09
278,direct,0.00291374,1.34185e+09
279,direct,0.00336773,1.34185e+09
280,direct,0.00334054,1.34185e+09
281,direct,0.00333087,1.34185e+09
282,direct,0.003776,1.34185e+09
283,direct,0.00426193,1.34185e+09
284,direct,0.0040523,1.34185e+09
276,indirect,0.00390542,1.34185e+09
277,direct,0.00397829,1.34185e+09
278,direct,0.00366205,1.34185e+09
279,direct,0.00387833,1.34185e+09
280,direct,0.00326325,1.34185e+09
281,direct,0.00351239,1.34185e+09
282,direct,0.00383585,1.34185e+09
283,direct,0.00393761,1.34185e+09
284,direct,0.00384901,1.34185e+09
285,direct,0.00412936,1.34185e+09
277,indirect,0.00371695,1.34185e+09
278,direct,0.00429435,1.34185e+09
279,direct,0.00406421,1.34185e+09
280,direct,0.00379053,1.34185e+09
281,direct,0.00408372,1.34185e+09
282,direct,0.00401854,1.34185e+09
283,direct,0.00408889,1.34185e+09
278,indirect,0.00457343,1.34185e+09
279,direct,0.00277369,1.34185e+09
280,direct,0.0028368,1.34185e+09
281,direct,0.00385215,1.34185e+09
282,direct,0.00442971,1.34185e+09
283,direct,0.00376302,1.34185e+09
284,direct,0.00365274,1.34185e+09
285,direct,0.00365299,1.34185e+09
286,direct,0.0036902,1.34185e+09
287,direct,0.00346238,1.34185e+09
279,indirect,0.00398723,1.34185e+09
280,direct,0.00415042,1.34185e+09
281,direct,0.00447167,1.34185e+09
280,indirect,0.00618556,1.34185e+09
281,direct,0.00315304,1.34185e+09
282,direct,0.00307111,1.34185e+09
283,direct,0.0031909,1.34185e+09
284,direct,0.00348733,1.34185e+09
285,direct,0.00366764,1.34185e+09
286,direct,0.00381631,1.34185e+09
287,direct,0.00418698,1.34185e+09
281,indirect,0.00476503,1.34185e+09
282,direct,0.00290817,1.34185e+09
283,direct,0.00331938,1.34185e+09
284,direct,0.00315165,1.34185e+09
285,direct,0.00382888,1.34185e+09
286,direct,0.00410413,1.34185e+09
287,direct,0.00380995,1.34185e+09
282,indirect,0.0047396,1.34185e+09
283,direct,0.00343378,1.34185e+09
284,direct,0.00377803,1.34185e+09
283,indirect,0.00488203,1.34185e+09
284,direct,0.00346411,1.34185e+09
285,direct,0.00371907,1.34185e+09
286,direct,0.00426028,1.34185e+09
287,direct,0.00408726,1.34185e+09
288,direct,0.00426074,1.34185e+09
289,direct,0.00448017,1.34185e+09
290,direct,0.00437627,1.34185e+09
284,indirect,0.00500598,1.34185e+09
285,direct,0.00412816,1.34185e+09
286,direct,0.00443018,1.34185e+09
287,direct,0.00449442,1.34185e+09
285,indirect,0.0045763,1.34185e+09
286,direct,0.00334592,1.34185e+09
286,indirect,0.00477661,1.34185e+09
287,direct,0.0043096,1.34185e+09
287,indirect,0.00492202,1.34185e+09
288,direct,0.00425028,1.34185e+09
288,indirect,0.00456362,1.34185e+09
289,direct,0.00367875,1.34185e+09
290,direct,0.00430993,1.34185e+09
291,direct,0.00384224,1.34185e+09
289,indirect,0.00458928,1.34185e+09
290,direct,0.00415832,1.34185e+09
291,direct,0.00399714,1.34185e+09
290,indirect,0.00452276,1.34185e+09
291,direct,0.00360786,1.34185e+09
292,direct,0.00391477,1.34185e+09
293,direct,0.00379288,1.34185e+09
294,direct,0.00417226,1.34185e+09
295,direct,0.00430884,1.34185e+09
296,direct,0.00439728,1.34185e+09
291,indirect,0.00457994,1.34185e+09
292,direct,0.00381852,1.34185e+09
293,direct,0.00437359,1.34185e+09
294,direct,0.00432141,1.34185e+09
292,indirect,0.00474678,1.34185e+09
293,direct,0.00434682,1.34185e+09
293,indirect,0.00461985,1.34185e+09
294,direct,0.00447468,1.34185e+09
294,indirect,0.00497471,1.34185e+09
295,indirect,0.00496823,1.34185e+09
296,indirect,0.00475362,1.34185e+09
297,indirect,0.00477115,1.34185e+09
298,indirect,0.00467611,1.34185e+09
299,indirect,0.004612,1.34185e+09
300,indirect,0.00465198,1.34185e+09
301,indirect,0.00489443,1.34185e+09
302,indirect,0.00461344,1.34185e+09
303,indirect,0.0045064,1.34185e+09
304,direct,0.00390738,1.34185e+09
304,indirect,0.00516257,1.34185e+09
305,indirect,0.00461457,1.34185e+09
306,direct,0.00448748,1.34185e+09
306,indirect,0.00489269,1.34185e+09
307,direct,0.00381855,1.34185e+09
307,indirect,0.00457873,1.34185e+09
308,indirect,0.00455609,1.34185e+09
309,indirect,0.00461741,1.34185e+09
310,direct,0.00390754,1.34185e+09
311,direct,0.0037148,1.34185e+09
312,direct,0.00424929,1.34185e+09
313,direct,0.00435643,1.34185e+09
314,direct,0.00382262,1.34185e+09
315,direct,0.00437422,1.34185e+09
310,indirect,0.00451206,1.34185e+09
FrameID,Type,Chi2,Timestamp
29,direct,0.000781293,1.34185e+09
29,indirect,0.00108476,1.34185e+09
30,direct,0.00124212,1.34185e+09
31,direct,0.00089382,1.34185e+09
32,direct,0.00103564,1.34185e+09
33,direct,0.00180583,1.34185e+09
34,direct,0.00160499,1.34185e+09
35,direct,0.00139713,1.34185e+09
36,direct,0.00176073,1.34185e+09
30,indirect,0.00197822,1.34185e+09
31,indirect,0.0011942,1.34185e+09
32,direct,0.000701121,1.34185e+09
33,direct,0.00125358,1.34185e+09
34,direct,0.00247162,1.34185e+09
35,direct,0.00121311,1.34185e+09
36,direct,0.00204262,1.34185e+09
37,direct,0.0017737,1.34185e+09
32,indirect,0.00161826,1.34185e+09
33,direct,0.000818112,1.34185e+09
34,direct,0.00168672,1.34185e+09
35,direct,0.00222307,1.34185e+09
36,direct,0.00175488,1.34185e+09
37,direct,0.00117008,1.34185e+09
38,direct,0.00138859,1.34185e+09
39,direct,0.00165911,1.34185e+09
40,direct,0.00167096,1.34185e+09
41,direct,0.00234436,1.34185e+09
33,indirect,0.00179674,1.34185e+09
34,direct,0.000908739,1.34185e+09
35,direct,0.000567344,1.34185e+09
36,direct,0.00104158,1.34185e+09
37,direct,0.00122777,1.34185e+09
38,direct,0.00160585,1.34185e+09
39,direct,0.0018301,1.34185e+09
34,indirect,0.00217685,1.34185e+09
35,direct,0.0012654,1.34185e+09
36,direct,0.00204796,1.34185e+09
37,direct,0.00270779,1.34185e+09
35,indirect,0.00204705,1.34185e+09
36,indirect,0.00124721,1.34185e+09
37,indirect,0.00113583,1.34185e+09
38,direct,0.000935689,1.34185e+09
39,direct,0.00113748,1.34185e+09
40,direct,0.0016433,1.34185e+09
38,indirect,0.00185114,1.34185e+09
39,indirect,0.00106213,1.34185e+09
40,direct,0.00129913,1.34185e+09
40,indirect,0.00198655,1.34185e+09
41,direct,0.000902614,1.34185e+09
41,indirect,0.00167721,1.34185e+09
42,indirect,0.00167714,1.34185e+09
43,indirect,0.00180619,1.34185e+09
44,direct,0.00123957,1.34185e+09
44,indirect,0.00169778,1.34185e+09
45,direct,0.001741,1.34185e+09
45,indirect,0.00167865,1.34185e+09
46,direct,0.00152687,1.34185e+09
46,indirect,0.0018426,1.34185e+09
47,direct,0.001081,1.34185e+09
48,direct,0.00114037,1.34185e+09
47,indirect,0.00120466,1.34185e+09
48,direct,0.00086999,1.34185e+09
49,direct,0.00102322,1.34185e+09
48,indirect,0.00189714,1.34185e+09
49,indirect,0.00156104,1.34185e+09
50,indirect,0.00225445,1.34185e+09
51,indirect,0.00127701,1.34185e+09
52,direct,0.00244654,1.34185e+09
53,direct,0.00262131,1.34185e+09
54,direct,0.00271763,1.34185e+09
55,direct,0.00277768,1.34185e+09
56,direct,0.00312736,1.34185e+09
57,direct,0.00299227,1.34185e+09
58,direct,0.00250226,1.34185e+09
59,direct,0.00331612,1.34185e+09
60,direct,0.00251119,1.34185e+09
52,indirect,0.00211096,1.34185e+09
53,indirect,0.00162335,1.34185e+09
54,direct,0.000884671,1.34185e+09
54,indirect,0.00143687,1.34185e+09
55,indirect,0.00157319,1.34185e+09
56,direct,0.00100136,1.34185e+09
57,direct,0.00265874,1.34185e+09
56,indirect,0.00281581,1.34185e+09
57,indirect,0.00107427,1.34185e+09
58,direct,0.00109071,1.34185e+09
59,direct,0.000941069,1.34185e+09
58,indirect,0.00279213,1.34185e+09
59,indirect,0.00155836,1.34185e+09
60,indirect,0.00105151,1.34185e+09
61,indirect,0.00237665,1.34185e+09
62,direct,0.00155539,1.34185e+09
63,direct,0.00277793,1.34185e+09
62,indirect,0.00184916,1.34185e+09
63,indirect,0.0011018,1.34185e+09
64,indirect,0.00178772,1.34185e+09
65,indirect,0.00175729,1.34185e+09
66,indirect,0.000865326,1.34185e+09
67,indirect,0.00102349,1.34185e+09
68,indirect,0.00179232,1.34185e+09
69,indirect,0.00116373,1.34185e+09
70,indirect,0.000962271,1.34185e+09
71,direct,0.0011048,1.34185e+09
71,indirect,0.000977346,1.34185e+09
72,direct,0.000915046,1.34185e+09
72,indirect,0.0015661,1.34185e+09
73,direct,0.0015638,1.34185e+09
74,direct,0.000921575,1.34185e+09
73,indirect,0.00088962,1.34185e+09
74,indirect,0.00206715,1.34185e+09
75,direct,0.0011765,1.34185e+09
75,indirect,0.00165683,1.34185e+09
76,indirect,0.00109253,1.34185e+09
77,direct,0.00138718,1.34185e+09
77,indirect,0.00129721,1.34185e+09
78,indirect,0.000936666,1.34185e+09
79,indirect,0.00146469,1.34185e+09
80,indirect,0.00115423,1.34185e+09
81,indirect,0.00142328,1.34185e+09
82,indirect,0.00101682,1.34185e+09
83,direct,0.00143556,1.34185e+09
83,indirect,0.00110377,1.34185e+09
84,direct,0.00175857,1.34185e+09
84,indirect,0.00384777,1.34185e+09
85,direct,0.00298313,1.34185e+09
86,direct,0.00331311,1.34185e+09
85,indirect,0.00381049,1.34185e+09
86,direct,0.00185368,1.34185e+09
86,indirect,0.00119731,1.34185e+09
87,indirect,0.00165174,1.34185e+09
88,indirect,0.00108955,1.34185e+09
89,indirect,0.00124349,1.34185e+09
90,indirect,0.00200199,1.34185e+09
91,indirect,0.00109019,1.34185e+09
92,indirect,0.00243339,1.34185e+09
93,direct,0.0010862,1.34185e+09
94,direct,0.00137445,1.34185e+09
93,indirect,0.000938446,1.34185e+09
94,indirect,0.000746312,1.34185e+09
95,indirect,0.00156718,1.34185e+09
96,indirect,0.00161348,1.34185e+09
97,indirect,0.00116591,1.34185e+09
98,indirect,0.00103039,1.34185e+09
99,indirect,0.00193959,1.34185e+09
100,indirect,0.00102983,1.34185e+09
101,indirect,0.00129958,1.34185e+09
102,indirect,0.00134614,1.34185e+09
103,indirect,0.00174515,1.34185e+09
104,indirect,0.00208549,1.34185e+09
105,indirect,0.00123996,1.34185e+09
106,indirect,0.00102036,1.34185e+09
107,indirect,0.0016897,1.34185e+09
108,indirect,0.00147167,1.34185e+09
109,indirect,0.00190205,1.34185e+09
110,indirect,0.00168789,1.34185e+09
111,indirect,0.001293,1.34185e+09
112,indirect,0.00103679,1.34185e+09
113,direct,0.00134893,1.34185e+09
113,indirect,0.00160953,1.34185e+09
114,indirect,0.00111363,1.34185e+09
115,indirect,0.00134227,1.34185e+09
116,indirect,0.00145874,1.34185e+09
117,direct,0.00175645,1.34185e+09
117,indirect,0.00243373,1.34185e+09
118,indirect,0.00130734,1.34185e+09
119,indirect,0.00154687,1.34185e+09
120,indirect,0.00128903,1.34185e+09
121,indirect,0.00201999,1.34185e+09
122,indirect,0.000908854,1.34185e+09
123,direct,0.00206925,1.34185e+09
124,direct,0.0015429,1.34185e+09
123,indirect,0.00111644,1.34185e+09
124,direct,0.00203102,1.34185e+09
124,indirect,0.00277648,1.34185e+09
125,indirect,0.00231582,1.34185e+09
126,indirect,0.00247312,1.34185e+09
127,direct,0.00188758,1.34185e+09
127,indirect,0.00240095,1.34185e+09
128,indirect,0.00136339,1.34185e+09
129,indirect,0.00141836,1.34185e+09
130,indirect,0.00113881,1.34185e+09
131,indirect,0.00118731,1.34185e+09
132,indirect,0.001113,1.34185e+09
133,indirect,0.000956422,1.34185e+09
134,direct,0.00119578,1.34185e+09
134,indirect,0.00108848,1.34185e+09
135,indirect,0.00160429,1.34185e+09
136,direct,0.00150829,1.34185e+09
136,indirect,0.00165115,1.34185e+09
137,indirect,0.00208837,1.34185e+09
138,indirect,0.00107544,1.34185e+09
139,indirect,0.00148142,1.34185e+09
140,indirect,0.0011479,1.34185e+09
141,indirect,0.00208023,1.34185e+09
142,indirect,0.00209126,1.34185e+09
143,indirect,0.00227296,1.34185e+09
144,indirect,0.00133167,1.34185e+09
145,indirect,0.00172923,1.34185e+09
146,direct,0.00158646,1.34185e+09
146,indirect,0.00156754,1.34185e+09
147,indirect,0.00190933,1.34185e+09
148,indirect,0.00167913,1.34185e+09
149,indirect,0.00138674,1.34185e+09
150,direct,0.00154492,1.34185e+09
150,indirect,0.00271503,1.34185e+09
151,indirect,0.00146449,1.34185e+09
152,indirect,0.00125965,1.34185e+09
153,indirect,0.000927061,1.34185e+09
154,indirect,0.00111295,1.34185e+09
155,indirect,0.000961822,1.34185e+09
156,indirect,0.00113724,1.34185e+09
157,indirect,0.00105721,1.34185e+09
158,indirect,0.00121377,1.34185e+09
159,direct,0.00164131,1.34185e+09
159,indirect,0.00141485,1.34185e+09
160,indirect,0.00148517,1.34185e+09
161,direct,0.00101887,1.34185e+09
161,indirect,0.00252637,1.34185e+09
162,direct,0.00178511,1.34185e+09
163,direct,0.00171083,1.34185e+09
164,direct,0.00278825,1.34185e+09
165,direct,0.00279431,1.34185e+09
166,direct,0.00237055,1.34185e+09
167,direct,0.00328276,1.34185e+09
168,direct,0.00322902,1.34185e+09
169,direct,0.00303883,1.34185e+09
170,direct,0.00295276,1.34185e+09
162,indirect,0.00294372,1.34185e+09
163,direct,0.00155426,1.34185e+09
164,direct,0.00254609,1.34185e+09
165,direct,0.00238429,1.34185e+09
163,indirect,0.00217457,1.34185e+09
164,direct,0.00106355,1.34185e+09
164,indirect,0.00198216,1.34185e+09
165,direct,0.00192658,1.34185e+09
166,direct,0.00317916,1.34185e+09
167,direct,0.00286621,1.34185e+09
168,direct,0.00304426,1.34185e+09
169,direct,0.00305887,1.34185e+09
170,direct,0.00213437,1.34185e+09
171,direct,0.00224673,1.34185e+09
172,direct,0.00218886,1.34185e+09
173,direct,0.00263205,1.34185e+09
165,indirect,0.00242301,1.34185e+09
166,indirect,0.00181151,1.34185e+09
167,direct,0.00295737,1.34185e+09
168,direct,0.00261263,1.34185e+09
169,direct,0.00252424,1.34185e+09
170,direct,0.0026319,1.34185e+09
171,direct,0.00305957,1.34185e+09
172,direct,0.00320354,1.34185e+09
173,direct,0.00307983,1.34185e+09
174,direct,0.00309395,1.34185e+09
175,direct,0.00325161,1.34185e+09
167,indirect,0.00310561,1.34185e+09
168,indirect,0.0024503,1.34185e+09
169,direct,0.00265793,1.34185e+09
170,direct,0.00245021,1.34185e+09
171,direct,0.00147782,1.34185e+09
172,direct,0.00315573,1.34185e+09
173,direct,0.00337799,1.34185e+09
169,indirect,0.00202057,1.34185e+09
170,direct,0.00248053,1.34185e+09
170,indirect,0.00226363,1.34185e+09
171,direct,0.00245741,1.34185e+09
172,direct,0.00274697,1.34185e+09
171,indirect,0.00285513,1.34185e+09
172,direct,0.00146361,1.34185e+09
173,direct,0.00262765,1.34185e+09
172,indirect,0.00420152,1.34185e+09
173,direct,0.00292665,1.34185e+09
174,direct,0.00300378,1.34185e+09
175,direct,0.00292029,1.34185e+09
176,direct,0.00303838,1.34185e+09
177,direct,0.00317042,1.34185e+09
178,direct,0.00340415,1.34185e+09
173,indirect,0.00357837,1.34185e+09
174,direct,0.00321777,1.34185e+09
175,direct,0.00337332,1.34185e+09
176,direct,0.00338526,1.34185e+09
174,indirect,0.00399573,1.34185e+09
175,indirect,0.00417119,1.34185e+09
176,indirect,0.00385127,1.34185e+09
177,indirect,0.0037785,1.34185e+09
178,indirect,0.00399384,1.34185e+09
179,indirect,0.00369056,1.34185e+09
180,indirect,0.00425609,1.34185e+09
181,indirect,0.00438782,1.34185e+09
182,indirect,0.00418681,1.34185e+09
183,indirect,0.00455414,1.34185e+09
184,indirect,0.000996603,1.34185e+09
185,direct,0.00277813,1.34185e+09
186,direct,0.00237124,1.34185e+09
187,direct,0.00265695,1.34185e+09
188,direct,0.00272587,1.34185e+09
189,direct,0.00291314,1.34185e+09
185,indirect,0.00353175,1.34185e+09
186,indirect,0.00397622,1.34185e+09
187,indirect,0.00395698,1.34185e+09
188,indirect,0.00430001,1.34185e+09
189,indirect,0.00490653,1.34185e+09
190,direct,0.00288956,1.34185e+09
191,direct,0.00308379,1.34185e+09
192,direct,0.00339417,1.34185e+09
193,direct,0.00301273,1.34185e+09
194,direct,0.00329949,1.34185e+09
195,direct,0.00263266,1.34185e+09
196,direct,0.00280045,1.34185e+09
197,direct,0.00326637,1.34185e+09
198,direct,0.00334955,1.34185e+09
190,indirect,0.00362195,1.34185e+09
191,indirect,0.00351112,1.34185e+09
192,indirect,0.00405335,1.34185e+09
193,indirect,0.00415555,1.34185e+09
194,indirect,0.00403935,1.34185e+09
195,indirect,0.00444877,1.34185e+09
196,indirect,0.00437459,1.34185e+09
197,indirect,0.0042978,1.34185e+09
198,indirect,0.00412736,1.34185e+09
199,indirect,0.00418413,1.34185e+09
200,indirect,0.00384644,1.34185e+09
201,indirect,0.00436519,1.34185e+09
202,indirect,0.00490513,1.34185e+09
203,direct,0.00255865,1.34185e+09
204,direct,0.00271762,1.34185e+09
205,direct,0.00314125,1.34185e+09
206,direct,0.00345185,1.34185e+09
207,direct,0.00324265,1.34185e+09
208,direct,0.00303215,1.34185e+09
209,direct,0.0033746,1.34185e+09
210,direct,0.0034118,1.34185e+09
203,indirect,0.00369443,1.34185e+09
204,direct,0.00345339,1.34185e+09
205,direct,0.00266799,1.34185e+09
206,direct,0.00335597,1.34185e+09
207,direct,0.00295806,1.34185e+09
208,direct,0.0030699,1.34185e+09
209,direct,0.00292738,1.34185e+09
210,direct,0.00327406,1.34185e+09
211,direct,0.00318379,1.34185e+09
212,direct,0.00314902,1.34185e+09
204,indirect,0.00287206,1.34185e+09
205,direct,0.00290161,1.34185e+09
206,direct,0.00283414,1.34185e+09
207,direct,0.00337232,1.34185e+09
208,direct,0.00314167,1.34185e+09
205,indirect,0.00351713,1.34185e+09
206,indirect,0.00351902,1.34185e+09
207,direct,0.00336836,1.34185e+09
208,direct,0.00329019,1.34185e+09
207,indirect,0.00350589,1.34185e+09
208,direct,0.00327313,1.34185e+09
209,direct,0.0034826,1.34185e+09
208,indirect,0.00369121,1.34185e+09
209,direct,0.00281922,1.34185e+09
210,direct,0.00262251,1.34185e+09
211,direct,0.00321597,1.34185e+09
212,direct,0.0028702,1.34185e+09
213,direct,0.00302528,1.34185e+09
214,direct,0.00336489,1.34185e+09
215,direct,0.00310679,1.34185e+09
216,direct,0.00324182,1.34185e+09
209,indirect,0.00352064,1.34185e+09
210,direct,0.00279527,1.34185e+09
211,direct,0.00242628,1.34185e+09
212,direct,0.00272762,1.34185e+09
213,direct,0.00314008,1.34185e+09
214,direct,0.00312631,1.34185e+09
215,direct,0.0028616,1.34185e+09
216,direct,0.00298186,1.34185e+09
217,direct,0.00336025,1.34185e+09
218,direct,0.00285012,1.34185e+09
210,indirect,0.00331856,1.34185e+09
211,direct,0.00325144,1.34185e+09
211,indirect,0.00367773,1.34185e+09
212,indirect,0.00370622,1.34185e+09
213,indirect,0.00376324,1.34185e+09
214,indirect,0.00403398,1.34185e+09
215,indirect,0.00374661,1.34185e+09
216,indirect,0.0038235,1.34185e+09
217,indirect,0.004678,1.34185e+09
218,direct,0.00272548,1.34185e+09
219,direct,0.00300764,1.34185e+09
220,direct,0.00347775,1.34185e+09
218,indirect,0.0038145,1.34185e+09
219,direct,0.00343524,1.34185e+09
219,indirect,0.00357146,1.34185e+09
220,direct,0.00347764,1.34185e+09
220,indirect,0.00404726,1.34185e+09
221,indirect,0.00459146,1.34185e+09
222,direct,0.00331661,1.34185e+09
222,indirect,0.00405694,1.34185e+09
223,direct,0.00332536,1.34185e+09
223,indirect,0.00386397,1.34185e+09
224,indirect,0.00393655,1.34185e+09
225,indirect,0.00366525,1.34185e+09
226,direct,0.00342686,1.34185e+09
226,indirect,0.00357652,1.34185e+09
227,indirect,0.00392894,1.34185e+09
228,indirect,0.00425394,1.34185e+09
229,indirect,0.00439729,1.34185e+09
230,indirect,0.00451636,1.34185e+09
231,direct,0.00215957,1.34185e+09
232,direct,0.00274992,1.34185e+09
233,direct,0.00289008,1.34185e+09
234,direct,0.00299886,1.34185e+09
235,direct,0.00314754,1.34185e+09
236,direct,0.00320349,1.34185e+09
237,direct,0.00321593,1.34185e+09
238,direct,0.00333294,1.34185e+09
239,direct,0.00336126,1.34185e+09
231,indirect,0.00375677,1.34185e+09
232,indirect,0.00435569,1.34185e+09
233,indirect,0.00453328,1.34185e+09
234,direct,0.00286328,1.34185e+09
235,direct,0.00338938,1.34185e+09
234,indirect,0.00370162,1.34185e+09
235,indirect,0.00376686,1.34185e+09
236,indirect,0.00374044,1.34185e+09
237,indirect,0.00378027,1.34185e+09
238,direct,0.00343282,1.34185e+09
239,direct,0.00327351,1.34185e+09
240,direct,0.00313009,1.34185e+09
238,indirect,0.00358381,1.34185e+09
239,direct,0.00327995,1.34185e+09
240,direct,0.00332066,1.34185e+09
239,indirect,0.00358586,1.34185e+09
240,indirect,0.00410365,1.34185e+09
241,indirect,0.00421863,1.34185e+09
242,indirect,0.00379635,1.34185e+09
243,indirect,0.00419528,1.34185e+09
244,indirect,0.00423716,1.34185e+09
245,indirect,0.00436976,1.34185e+09
246,indirect,0.00354183,1.34185e+09
247,indirect,0.00423522,1.34185e+09
248,indirect,0.00417413,1.34185e+09
249,indirect,0.00393333,1.34185e+09
250,direct,0.00349997,1.34185e+09
250,indirect,0.00414124,1.34185e+09
251,indirect,0.00398931,1.34185e+09
252,indirect,0.00430605,1.34185e+09
253,indirect,0.00419201,1.34185e+09
254,indirect,0.00426919,1.34185e+09
255,indirect,0.00435235,1.34185e+09
256,indirect,0.00493402,1.34185e+09
257,direct,0.00309959,1.34185e+09
257,indirect,0.00358163,1.34185e+09
258,indirect,0.00429019,1.34185e+09
259,indirect,0.00472694,1.34185e+09
260,direct,0.00264175,1.34185e+09
261,direct,0.0030395,1.34185e+09
262,direct,0.00346621,1.34185e+09
260,indirect,0.00365625,1.34185e+09
261,indirect,0.00361415,1.34185e+09
262,indirect,0.00404748,1.34185e+09
263,indirect,0.00424356,1.34185e+09
264,indirect,0.00428734,1.34185e+09
265,indirect,0.00427445,1.34185e+09
266,indirect,0.00425501,1.34185e+09
267,indirect,0.00410835,1.34185e+09
268,indirect,0.00503697,1.34185e+09
269,direct,0.00287589,1.34185e+09
270,direct,0.00344562,1.34185e+09
269,indirect,0.0043447,1.34185e+09
270,indirect,0.00425422,1.34185e+09
271,indirect,0.00408407,1.34185e+09
272,indirect,0.00371472,1.34185e+09
273,direct,0.00326332,1.34185e+09
273,indirect,0.00360527,1.34185e+09
274,indirect,0.00390329,1.34185e+09
275,direct,0.003458,1.34185e+09
275,indirect,0.00353855,1.34185e+09
276,indirect,0.00363303,1.34185e+09
277,direct,0.00334312,1.34185e+09
277,indirect,0.00386727,1.34185e+09
278,indirect,0.00370573,1.34185e+09
279,indirect,0.00434761,1.34185e+09
280,indirect,0.00443458,1.34185e+09
281,indirect,0.00472966,1.34185e+09
282,direct,0.00282276,1.34185e+09
283,direct,0.00345839,1.34185e+09
284,direct,0.00320138,1.34185e+09
282,indirect,0.0038045,1.34185e+09
283,indirect,0.00375844,1.34185e+09
284,indirect,0.00469783,1.34185e+09
285,direct,0.00305314,1.34185e+09
286,direct,0.00333027,1.34185e+09
285,indirect,0.00380578,1.34185e+09
286,indirect,0.00507986,1.34185e+09
287,direct,0.00333801,1.34185e+09
287,indirect,0.00464011,1.34185e+09
288,direct,0.00344593,1.34185e+09
288,indirect,0.00415938,1.34185e+09
289,indirect,0.00473569,1.34185e+09
290,direct,0.00319825,1.34185e+09
290,indirect,0.00510832,1.34185e+09
291,direct,0.00302977,1.34185e+09
291,indirect,0.00415308,1.34185e+09
292,indirect,0.00447518,1.34185e+09
293,indirect,0.00494768,1.34185e+09
294,direct,0.00321178,1.34185e+09
294,indirect,0.004049,1.34185e+09
295,indirect,0.00440628,1.34185e+09
296,indirect,0.00436251,1.34185e+09
297,indirect,0.00500572,1.34185e+09
298,direct,0.00273596,1.34185e+09
298,indirect,0.00362945,1.34185e+09
299,indirect,0.00401994,1.34185e+09
300,indirect,0.00433394,1.34185e+09
301,indirect,0.00391401,1.34185e+09
302,indirect,0.00425674,1.34185e+09
303,indirect,0.00407546,1.34185e+09
304,indirect,0.00412744,1.34185e+09
305,indirect,0.00394835,1.34185e+09
306,indirect,0.00419249,1.34185e+09
307,indirect,0.00456723,1.34185e+09
308,indirect,0.00383919,1.34185e+09
309,indirect,0.00499474,1.34185e+09
310,direct,0.0027415,1.34185e+09
311,direct,0.00263467,1.34185e+09
312,direct,0.00313989,1.34185e+09
310,indirect,0.00452705,1.34185e+09
311,direct,0.00328058,1.34185e+09
311,indirect,0.0039806,1.34185e+09
312,indirect,0.00383281,1.34185e+09
313,indirect,0.00519437,1.34185e+09
314,indirect,0.00352592,1.34185e+09
315,indirect,0.00417209,1.34185e+09
316,indirect,0.00443377,1.34185e+09
317,indirect,0.00507782,1.34185e+09
318,direct,0.0029585,1.34185e+09
319,direct,0.00333564,1.34185e+09
318,indirect,0.0042176,1.34185e+09
319,indirect,0.00420694,1.34185e+09
320,indirect,0.00375672,1.34185e+09
321,indirect,0.00420948,1.34185e+09
322,indirect,0.00389932,1.34185e+09
323,indirect,0.00428886,1.34185e+09
324,indirect,0.00405241,1.34185e+09
325,indirect,0.00455227,1.34185e+09
326,direct,0.00349014,1.34185e+09
326,indirect,0.00397954,1.34185e+09
327,indirect,0.00473331,1.34185e+09
328,indirect,0.00396507,1.34185e+09
329,indirect,0.00407055,1.34185e+09
330,indirect,0.00464897,1.34185e+09
331,indirect,0.00455076,1.34185e+09
332,indirect,0.00368224,1.34185e+09
333,indirect,0.00421105,1.34185e+09
334,indirect,0.00419665,1.34185e+09
335,indirect,0.00435318,1.34185e+09
336,indirect,0.00450149,1.34185e+09
337,direct,0.00267934,1.34185e+09
338,direct,0.00347861,1.34185e+09
337,indirect,0.00414672,1.34185e+09
338,indirect,0.00394255,1.34185e+09
339,indirect,0.00446295,1.34185e+09
340,indirect,0.00505139,1.34185e+09
341,direct,0.00288899,1.34185e+09
342,direct,0.00313931,1.34185e+09
343,direct,0.00296746,1.34185e+09
341,indirect,0.00400533,1.34185e+09
342,indirect,0.00392773,1.34185e+09
343,indirect,0.00429191,1.34185e+09
344,indirect,0.00468837,1.34185e+09
345,indirect,0.00358244,1.34185e+09
346,indirect,0.0040428,1.34185e+09
347,indirect,0.00430279,1.34185e+09
348,indirect,0.00432131,1.34185e+09
349,indirect,0.00457546,1.34185e+09
350,direct,0.00285123,1.34185e+09
351,direct,0.00312824,1.34185e+09
352,direct,0.00325588,1.34185e+09
353,direct,0.0034358,1.34185e+09
350,indirect,0.00360928,1.34185e+09
351,direct,0.00328555,1.34185e+09
351,indirect,0.00351191,1.34185e+09
352,indirect,0.00383697,1.34185e+09
353,indirect,0.00370813,1.34185e+09
354,indirect,0.0035167,1.34185e+09
355,indirect,0.00392238,1.34185e+09
356,indirect,0.00422432,1.34185e+09
357,indirect,0.00449934,1.34185e+09
358,indirect,0.00487639,1.34185e+09
359,indirect,0.00369446,1.34185e+09
360,indirect,0.00436923,1.34185e+09
361,indirect,0.00472065,1.34185e+09
362,indirect,0.00422156,1.34185e+09
363,indirect,0.00463486,1.34185e+09
364,indirect,0.0041386,1.34185e+09
365,indirect,0.00449302,1.34185e+09
366,indirect,0.00457358,1.34185e+09
367,indirect,0.00428172,1.34185e+09
368,indirect,0.00481459,1.34185e+09
369,direct,0.00345568,1.34185e+09
369,indirect,0.00463297,1.34185e+09
370,indirect,0.00393357,1.34185e+09
371,indirect,0.00449939,1.34185e+09
372,indirect,0.00485504,1.34185e+09
373,direct,0.00346396,1.34185e+09
373,indirect,0.0043974,1.34185e+09
374,indirect,0.00372468,1.34185e+09
375,indirect,0.00398327,1.34185e+09
376,indirect,0.0040353,1.34185e+09
377,indirect,0.00370791,1.34185e+09
378,indirect,0.00430205,1.34185e+09
379,indirect,0.00449577,1.34185e+09
380,indirect,0.00460945,1.34185e+09
381,direct,0.00291413,1.34185e+09
382,direct,0.00262006,1.34185e+09
383,direct,0.00318772,1.34185e+09
381,indirect,0.00376639,1.34185e+09
382,indirect,0.00406311,1.34185e+09
383,indirect,0.00435719,1.34185e+09
384,indirect,0.00440431,1.34185e+09
385,indirect,0.00465438,1.34185e+09
386,direct,0.00342607,1.34185e+09
387,direct,0.00349938,1.34185e+09
386,indirect,0.00376504,1.34185e+09
387,indirect,0.0043153,1.34185e+09
388,indirect,0.00444663,1.34185e+09
389,indirect,0.00453955,1.34185e+09
390,direct,0.00291298,1.34185e+09
391,direct,0.00321974,1.34185e+09
390,indirect,0.00415243,1.34185e+09
391,indirect,0.0042131,1.34185e+09
392,indirect,0.00511921,1.34185e+09
393,direct,0.00330306,1.34185e+09
393,indirect,0.00420591,1.34185e+09
394,indirect,0.00435842,1.34185e+09
395,indirect,0.00415333,1.34185e+09
396,indirect,0.0043409,1.34185e+09
397,indirect,0.00431952,1.34185e+09
398,indirect,0.00427703,1.34185e+09
399,indirect,0.00484383,1.34185e+09
400,indirect,0.00380895,1.34185e+09
401,indirect,0.00386545,1.34185e+09
402,indirect,0.00434351,1.34185e+09
403,indirect,0.00463868,1.34185e+09
404,direct,0.00324354,1.34185e+09
404,indirect,0.00394199,1.34185e+09
405,indirect,0.00414234,1.34185e+09
406,indirect,0.00450305,1.34185e+09
407,indirect,0.00384295,1.34185e+09
408,indirect,0.00398701,1.34185e+09
409,indirect,0.00461005,1.34185e+09
410,indirect,0.00431681,1.34185e+09
411,indirect,0.00437429,1.34185e+09
412,indirect,0.00451618,1.34185e+09
413,indirect,0.00414277,1.34185e+09
414,indirect,0.00418813,1.34185e+09
415,indirect,0.0045997,1.34185e+09
416,indirect,0.00412696,1.34185e+09
417,indirect,0.00434601,1.34185e+09
418,indirect,0.00431714,1.34185e+09
419,indirect,0.00469993,1.34185e+09
420,indirect,0.00388282,1.34185e+09
421,indirect,0.00472976,1.34185e+09
422,direct,0.00309709,1.34185e+09
422,indirect,0.00378865,1.34185e+09
423,indirect,0.00464824,1.34185e+09
424,indirect,0.00362352,1.34185e+09
425,indirect,0.00418618,1.34185e+09
426,indirect,0.00420379,1.34185e+09
427,indirect,0.004736,1.34185e+09
428,indirect,0.00401009,1.34185e+09
429,indirect,0.00406295,1.34185e+09
430,indirect,0.00444188,1.34185e+09
431,indirect,0.00481741,1.34185e+09
432,direct,0.00329826,1.34185e+09
432,indirect,0.00469212,1.34185e+09
433,indirect,0.00390791,1.34185e+09
434,indirect,0.00411834,1.34185e+09
435,indirect,0.00436648,1.34185e+09
436,indirect,0.00461032,1.34185e+09
437,indirect,0.00387388,1.34185e+09
438,indirect,0.0042577,1.34185e+09
439,direct,0.00333194,1.34185e+09
440,direct,0.00318596,1.34185e+09
439,indirect,0.00381803,1.34185e+09
440,indirect,0.00383798,1.34185e+09
441,indirect,0.00393366,1.34185e+09
442,indirect,0.00361414,1.34185e+09
443,indirect,0.00380588,1.34185e+09
444,indirect,0.00406006,1.34185e+09
445,indirect,0.00445769,1.34185e+09
446,indirect,0.00411846,1.34185e+09
447,indirect,0.00396639,1.34185e+09
448,indirect,0.00366162,1.34185e+09
449,indirect,0.00498583,1.34185e+09
450,indirect,0.00408579,1.34185e+09
451,indirect,0.00359954,1.34185e+09
452,indirect,0.00420968,1.34185e+09
453,indirect,0.00435909,1.34185e+09
454,indirect,0.00497988,1.34185e+09
455,indirect,0.00385373,1.34185e+09
456,indirect,0.00420709,1.34185e+09
457,indirect,0.00476147,1.34185e+09
458,direct,0.00272625,1.34185e+09
458,indirect,0.00377587,1.34185e+09
459,indirect,0.00450523,1.34185e+09
460,indirect,0.00411958,1.34185e+09
461,indirect,0.00498364,1.34185e+09
462,indirect,0.00422141,1.34185e+09
463,indirect,0.00491095,1.34185e+09
464,indirect,0.0039692,1.34185e+09
465,indirect,0.00509172,1.34185e+09
466,indirect,0.00379783,1.34185e+09
467,indirect,0.00416173,1.34185e+09
468,indirect,0.0045321,1.34185e+09
469,indirect,0.00355891,1.34185e+09
470,indirect,0.00384689,1.34185e+09
471,indirect,0.0050494,1.34185e+09
472,indirect,0.00365973,1.34185e+09
473,direct,0.00343745,1.34185e+09
473,indirect,0.00450272,1.34185e+09
474,indirect,0.00356954,1.34185e+09
475,indirect,0.00431675,1.34185e+09
476,indirect,0.00467693,1.34185e+09
477,indirect,0.00396214,1.34185e+09
478,indirect,0.0041534,1.34185e+09
479,indirect,0.00464512,1.34185e+09
480,indirect,0.00408623,1.34185e+09
481,indirect,0.0051119,1.34185e+09
482,indirect,0.00352762,1.34185e+09
483,indirect,0.0051582,1.34185e+09
484,indirect,0.00392134,1.34185e+09
485,indirect,0.00421914,1.34185e+09
486,indirect,0.00411761,1.34185e+09
487,indirect,0.00443704,1.34185e+09
488,indirect,0.0046936,1.34185e+09
489,direct,0.00320504,1.34185e+09
489,indirect,0.00447495,1.34185e+09
490,indirect,0.00446076,1.34185e+09
491,indirect,0.00512025,1.34185e+09
492,indirect,0.00424583,1.34185e+09
493,indirect,0.00536885,1.34185e+09
494,direct,0.00347366,1.34185e+09
495,direct,0.00317284,1.34185e+09
494,indirect,0.00385672,1.34185e+09
495,indirect,0.00416703,1.34185e+09
496,indirect,0.00432204,1.34185e+09
497,indirect,0.0049273,1.34185e+09
498,direct,0.00324042,1.34185e+09
499,direct,0.00343434,1.34185e+09
498,indirect,0.00412655,1.34185e+09
499,indirect,0.00401041,1.34185e+09
500,indirect,0.00422281,1.34185e+09
501,indirect,0.00422775,1.34185e+09
502,indirect,0.00430341,1.34185e+09
503,indirect,0.00409561,1.34185e+09
504,indirect,0.004403,1.34185e+09
505,indirect,0.00444225,1.34185e+09
506,indirect,0.00430272,1.34185e+09
507,direct,0.00303908,1.34185e+09
507,indirect,0.00363488,1.34185e+09
508,indirect,0.00370007,1.34185e+09
509,indirect,0.00393732,1.34185e+09
510,indirect,0.00429477,1.34185e+09
511,indirect,0.00388835,1.34185e+09
512,indirect,0.00410399,1.34185e+09
513,indirect,0.00473299,1.34185e+09
514,direct,0.00260521,1.34185e+09
515,direct,0.00270414,1.34185e+09
516,direct,0.0034108,1.34185e+09
514,indirect,0.00378446,1.34185e+09
515,indirect,0.00350273,1.34185e+09
516,indirect,0.00434677,1.34185e+09
517,indirect,0.0040464,1.34185e+09
518,indirect,0.00388094,1.34185e+09
519,direct,0.00349434,1.34185e+09
520,direct,0.0034003,1.34185e+09
519,indirect,0.00428099,1.34185e+09
520,indirect,0.00456119,1.34185e+09
521,indirect,0.00383254,1.34185e+09
522,direct,0.00297408,1.34185e+09
522,indirect,0.00360423,1.34185e+09
523,indirect,0.00350433,1.34185e+09
524,indirect,0.00425431,1.34185e+09
525,indirect,0.00382842,1.34185e+09
526,indirect,0.00400304,1.34185e+09
527,indirect,0.00404608,1.34185e+09
528,indirect,0.00478747,1.34185e+09
529,direct,0.00260706,1.34185e+09
530,direct,0.00265564,1.34185e+09
531,direct,0.00305572,1.34185e+09
532,direct,0.00320654,1.34185e+09
529,indirect,0.00364947,1.34185e+09
530,indirect,0.00441933,1.34185e+09
531,indirect,0.00494337,1.34185e+09
532,direct,0.00267406,1.34185e+09
533,direct,0.00304746,1.34185e+09
534,direct,0.0032017,1.34185e+09
535,direct,0.00345153,1.34185e+09
536,direct,0.00314083,1.34185e+09
532,indirect,0.00359679,1.34185e+09
533,indirect,0.00410708,1.34185e+09
534,indirect,0.00455969,1.34185e+09
535,direct,0.00269223,1.34185e+09
536,direct,0.00273545,1.34185e+09
537,direct,0.00315765,1.34185e+09
535,indirect,0.00361539,1.34185e+09
536,indirect,0.00403153,1.34185e+09
537,indirect,0.00389345,1.34185e+09
538,indirect,0.0039963,1.34185e+09
539,indirect,0.00394904,1.34185e+09
540,direct,0.00342578,1.34185e+09
540,indirect,0.0041523,1.34185e+09
541,indirect,0.00401249,1.34185e+09
542,indirect,0.00415377,1.34185e+09
543,indirect,0.00423473,1.34185e+09
544,indirect,0.0043708,1.34185e+09
545,indirect,0.00451615,1.34185e+09
546,direct,0.00290511,1.34185e+09
547,direct,0.00304136,1.34185e+09
546,indirect,0.00391562,1.34185e+09
547,indirect,0.0042855,1.34185e+09
548,indirect,0.00543639,1.34185e+09
549,direct,0.0032494,1.34185e+09
549,indirect,0.00499887,1.34185e+09
550,indirect,0.00381456,1.34185e+09
551,indirect,0.00454249,1.34185e+09
552,direct,0.0027497,1.34185e+09
552,indirect,0.00383278,1.34185e+09
553,indirect,0.00461182,1.34185e+09
554,direct,0.00299157,1.34185e+09
555,direct,0.00290436,1.34185e+09
556,direct,0.00303739,1.34185e+09
557,direct,0.00298696,1.34185e+09
558,direct,0.00308815,1.34185e+09
559,direct,0.0032643,1.34185e+09
560,direct,0.00270564,1.34185e+09
561,direct,0.00345655,1.34185e+09
554,indirect,0.00388107,1.34185e+09
555,indirect,0.00393663,1.34185e+09
556,indirect,0.00418659,1.34185e+09
557,indirect,0.00387708,1.34185e+09
558,indirect,0.0045153,1.34185e+09
559,direct,0.00248143,1.34185e+09
560,direct,0.00269539,1.34185e+09
559,indirect,0.004214,1.34185e+09
560,indirect,0.00437251,1.34185e+09
561,indirect,0.00399272,1.34185e+09
562,indirect,0.00388388,1.34185e+09
563,indirect,0.00392156,1.34185e+09
564,indirect,0.00376888,1.34185e+09
565,indirect,0.00390278,1.34185e+09
566,indirect,0.00365371,1.34185e+09
567,indirect,0.00403822,1.34185e+09
568,indirect,0.00392195,1.34185e+09
569,indirect,0.00387683,1.34185e+09
570,indirect,0.00364981,1.34185e+09
571,indirect,0.00403367,1.34185e+09
572,indirect,0.00411698,1.34185e+09
573,indirect,0.00427029,1.34185e+09
574,indirect,0.00406586,1.34185e+09
575,indirect,0.00434714,1.34185e+09
576,indirect,0.00396169,1.34185e+09
577,indirect,0.00473522,1.34185e+09
578,indirect,0.00358309,1.34185e+09
579,indirect,0.00359091,1.34185e+09
580,indirect,0.00453363,1.34185e+09
581,direct,0.00298572,1.34185e+09
581,indirect,0.00439227,1.34185e+09
582,indirect,0.00491666,1.34185e+09
583,indirect,0.004127,1.34185e+09
584,indirect,0.00446863,1.34185e+09
585,indirect,0.00461281,1.34185e+09
586,direct,0.00306007,1.34185e+09
586,indirect,0.00411252,1.34185e+09
587,indirect,0.004446,1.34185e+09
588,indirect,0.00445746,1.34185e+09
589,indirect,0.00478107,1.34185e+09
590,direct,0.0028251,1.34185e+09
591,direct,0.0030499,1.34185e+09
592,direct,0.00314245,1.34185e+09
593,direct,0.00330231,1.34185e+09
590,indirect,0.00393708,1.34185e+09
591,indirect,0.00415564,1.34185e+09
592,indirect,0.00454787,1.34185e+09
593,direct,0.00315949,1.34185e+09
593,indirect,0.00421451,1.34185e+09
594,indirect,0.00412945,1.34185e+09
595,indirect,0.00436887,1.34185e+09
596,indirect,0.00438718,1.34185e+09
597,indirect,0.00430662,1.34185e+09
598,indirect,0.00455908,1.34185e+09
599,direct,0.00311718,1.34185e+09
600,direct,0.00342887,1.34185e+09
599,indirect,0.0040551,1.34185e+09
600,indirect,0.00427127,1.34185e+09
601,indirect,0.0041139,1.34185e+09
602,indirect,0.00445079,1.34185e+09
603,indirect,0.0046992,1.34185e+09
604,direct,0.00280819,1.34185e+09
604,indirect,0.00450518,1.34185e+09
605,direct,0.00318658,1.34185e+09
605,indirect,0.00352507,1.34185e+09
606,indirect,0.00405852,1.34185e+09
607,indirect,0.00410018,1.34185e+09
608,indirect,0.00410495,1.34185e+09
609,indirect,0.00419929,1.34185e+09
610,indirect,0.00438037,1.34185e+09
611,indirect,0.00437779,1.34185e+09
612,indirect,0.00474928,1.34185e+09
613,direct,0.00257891,1.34185e+09
613,indirect,0.00363258,1.34185e+09
614,direct,0.00347024,1.34185e+09
614,indirect,0.00368432,1.34185e+09
615,indirect,0.00411962,1.34185e+09
616,indirect,0.00402077,1.34185e+09
617,indirect,0.00462276,1.34185e+09
618,direct,0.0032268,1.34185e+09
619,direct,0.00321444,1.34185e+09
618,indirect,0.00361472,1.34185e+09
619,indirect,0.00417504,1.34185e+09
620,indirect,0.0044601,1.34185e+09
621,indirect,0.00392196,1.34185e+09
622,indirect,0.00488432,1.34185e+09
623,direct,0.00317918,1.34185e+09
623,indirect,0.0036727,1.34185e+09
624,indirect,0.00431526,1.34185e+09
625,indirect,0.00459012,1.34185e+09
626,direct,0.00334123,1.34185e+09
626,indirect,0.00373844,1.34185e+09
627,indirect,0.00443376,1.34185e+09
628,indirect,0.00412847,1.34185e+09
629,indirect,0.0042339,1.34185e+09
630,indirect,0.0042344,1.34185e+09
631,indirect,0.00458192,1.34185e+09
632,direct,0.00276188,1.34185e+09
632,indirect,0.00405847,1.34185e+09
633,indirect,0.0039347,1.34185e+09
634,indirect,0.00403757,1.34185e+09
635,indirect,0.00453265,1.34185e+09
636,indirect,0.00402834,1.34185e+09
637,indirect,0.00467385,1.34185e+09
638,direct,0.00316476,1.34185e+09
638,indirect,0.00382987,1.34185e+09
639,indirect,0.00412487,1.34185e+09
640,indirect,0.00426829,1.34185e+09
641,indirect,0.00474982,1.34185e+09
642,indirect,0.00386142,1.34185e+09
643,indirect,0.00498817,1.34185e+09
644,indirect,0.00420956,1.34185e+09
645,indirect,0.00430884,1.34185e+09
646,indirect,0.00360549,1.34185e+09
647,indirect,0.00424827,1.34185e+09
648,indirect,0.00458579,1.34185e+09
649,indirect,0.00371096,1.34185e+09
650,indirect,0.00442686,1.34185e+09
651,indirect,0.0044402,1.34185e+09
652,indirect,0.00432638,1.34185e+09
653,indirect,0.00466148,1.34185e+09
654,indirect,0.00357928,1.34185e+09
655,indirect,0.00448871,1.34185e+09
656,indirect,0.00484738,1.34185e+09
657,indirect,0.00383607,1.34185e+09
658,indirect,0.0040672,1.34185e+09
659,indirect,0.00408973,1.34185e+09
660,indirect,0.00473416,1.34185e+09
661,indirect,0.00373489,1.34185e+09
662,indirect,0.00473066,1.34185e+09
663,indirect,0.00395901,1.34185e+09
664,indirect,0.00403992,1.34185e+09
665,indirect,0.00474484,1.34185e+09
666,indirect,0.00448716,1.34185e+09
667,indirect,0.00473949,1.34185e+09
668,indirect,0.00443359,1.34185e+09
669,indirect,0.00492714,1.34185e+09
670,indirect,0.00483492,1.34185e+09
671,indirect,0.00447063,1.34185e+09
672,indirect,0.00444351,1.34185e+09
673,indirect,0.00536782,1.34185e+09
674,indirect,0.00422415,1.34185e+09
675,indirect,0.0049055,1.34185e+09
676,indirect,0.0040742,1.34185e+09
677,indirect,0.00490538,1.34185e+09
678,indirect,0.00384344,1.34185e+09
679,indirect,0.00438138,1.34185e+09
680,indirect,0.0044634,1.34185e+09
681,indirect,0.00485586,1.34185e+09
682,direct,0.00349918,1.34185e+09
682,indirect,0.0045839,1.34185e+09
683,indirect,0.0040708,1.34185e+09
684,indirect,0.00391279,1.34185e+09
685,indirect,0.00457212,1.34185e+09
686,indirect,0.00419134,1.34185e+09
687,indirect,0.00425797,1.34185e+09
688,indirect,0.00460081,1.34185e+09
689,indirect,0.00388481,1.34185e+09
690,indirect,0.00444714,1.34185e+09
691,indirect,0.00434774,1.34185e+09
692,indirect,0.00487878,1.34185e+09
693,direct,0.00346423,1.34185e+09
693,indirect,0.00426247,1.34185e+09
694,indirect,0.00503914,1.34185e+09
695,indirect,0.00382036,1.34185e+09
696,indirect,0.00472085,1.34185e+09
697,indirect,0.00437384,1.34185e+09
698,indirect,0.00496202,1.34185e+09
699,indirect,0.0038402,1.34185e+09
700,indirect,0.00452753,1.34185e+09
701,indirect,0.00395901,1.34185e+09
702,indirect,0.00482781,1.34185e+09
703,indirect,0.00379006,1.34185e+09
704,indirect,0.00458821,1.34185e+09
705,indirect,0.00350684,1.34185e+09
706,indirect,0.00379119,1.34185e+09
707,direct,0.00331826,1.34185e+09
707,indirect,0.00414329,1.34185e+09
708,indirect,0.00400013,1.34185e+09
709,indirect,0.00433348,1.34185e+09
710,indirect,0.00468744,1.34185e+09
711,indirect,0.00452566,1.34185e+09
712,indirect,0.00401663,1.34185e+09
713,indirect,0.00444025,1.34185e+09
714,indirect,0.00510561,1.34185e+09
715,indirect,0.00360675,1.34185e+09
716,direct,0.00321369,1.34185e+09
716,indirect,0.00417319,1.34185e+09
717,indirect,0.00410643,1.34185e+09
718,indirect,0.00367477,1.34185e+09
719,indirect,0.00482083,1.34185e+09
720,direct,0.00239282,1.34185e+09
721,direct,0.00246543,1.34185e+09
722,direct,0.00180524,1.34185e+09
723,direct,0.00262266,1.34185e+09
724,direct,0.00292525,1.34185e+09
725,direct,0.00272249,1.34185e+09
726,direct,0.00254845,1.34185e+09
727,direct,0.00258933,1.34185e+09
728,direct,0.00283993,1.34185e+09
720,indirect,0.00334835,1.34185e+09
721,direct,0.0025455,1.34185e+09
722,direct,0.00245886,1.34185e+09
721,indirect,0.00373477,1.34185e+09
722,direct,0.003305,1.34185e+09
722,indirect,0.00415954,1.34185e+09
723,indirect,0.00426732,1.34185e+09
724,indirect,0.00405543,1.34185e+09
725,indirect,0.00436067,1.34185e+09
726,indirect,0.00402073,1.34185e+09
727,indirect,0.0041939,1.34185e+09
728,indirect,0.00396561,1.34185e+09
729,indirect,0.00427814,1.34185e+09
730,indirect,0.00383429,1.34185e+09
731,indirect,0.00411379,1.34185e+09
732,indirect,0.00417279,1.34185e+09
733,indirect,0.00495504,1.34185e+09
734,direct,0.00305981,1.34185e+09
735,direct,0.00348398,1.34185e+09
736,direct,0.00339927,1.34185e+09
737,direct,0.00302371,1.34185e+09
738,direct,0.00329939,1.34185e+09
739,direct,0.00286331,1.34185e+09
734,indirect,0.00364379,1.34185e+09
735,indirect,0.00351919,1.34185e+09
736,indirect,0.00385231,1.34185e+09
737,indirect,0.00387578,1.34185e+09
738,indirect,0.00400316,1.34185e+09
739,indirect,0.00424809,1.34185e+09
740,indirect,0.00400917,1.34185e+09
741,indirect,0.00450793,1.34185e+09
742,direct,0.00260874,1.34185e+09
743,direct,0.00261783,1.34185e+09
742,indirect,0.00352805,1.34185e+09
743,indirect,0.00356881,1.34185e+09
744,indirect,0.00397892,1.34185e+09
745,indirect,0.00392411,1.34185e+09
746,indirect,0.00413595,1.34185e+09
747,indirect,0.00430268,1.34185e+09
748,indirect,0.00423579,1.34185e+09
749,indirect,0.00407992,1.34185e+09
750,indirect,0.00420278,1.34185e+09
751,indirect,0.00432927,1.34185e+09
752,indirect,0.00470914,1.34185e+09
753,direct,0.00230834,1.34185e+09
754,direct,0.00251023,1.34185e+09
755,direct,0.00338727,1.34185e+09
753,indirect,0.00353189,1.34185e+09
754,indirect,0.00350652,1.34185e+09
755,indirect,0.00385152,1.34185e+09
756,indirect,0.00361425,1.34185e+09
757,indirect,0.00395862,1.34185e+09
758,indirect,0.0038646,1.34185e+09
759,indirect,0.00357351,1.34185e+09
760,indirect,0.00408124,1.34185e+09
761,direct,0.00331998,1.34185e+09
762,direct,0.00327498,1.34185e+09
761,indirect,0.00375282,1.34185e+09
762,indirect,0.00412285,1.34185e+09
763,indirect,0.00420752,1.34185e+09
764,indirect,0.00423689,1.34185e+09
765,indirect,0.00442039,1.34185e+09
766,indirect,0.00469927,1.34185e+09
767,direct,0.00234585,1.34185e+09
768,direct,0.00267297,1.34185e+09
769,direct,0.00343561,1.34185e+09
767,indirect,0.00421594,1.34185e+09
768,indirect,0.00433179,1.34185e+09
769,indirect,0.00434096,1.34185e+09
770,indirect,0.00426983,1.34185e+09
771,indirect,0.00451075,1.34185e+09
772,direct,0.00301476,1.34185e+09
773,direct,0.00340414,1.34185e+09
772,indirect,0.00368922,1.34185e+09
773,direct,0.00324835,1.34185e+09
773,indirect,0.00350853,1.34185e+09
774,indirect,0.00409897,1.34185e+09
775,indirect,0.00431971,1.34185e+09
776,indirect,0.00435833,1.34185e+09
777,indirect,0.00400568,1.34185e+09
778,indirect,0.004225,1.34185e+09
779,indirect,0.00423267,1.34185e+09
780,indirect,0.00442833,1.34185e+09
781,indirect,0.00466071,1.34185e+09
782,direct,0.00343276,1.34185e+09
782,indirect,0.00367591,1.34185e+09
783,indirect,0.00426545,1.34185e+09
784,indirect,0.00430008,1.34185e+09
785,indirect,0.00447301,1.34185e+09
786,indirect,0.0043995,1.34185e+09
787,indirect,0.00397895,1.34185e+09
788,indirect,0.0044955,1.34185e+09
789,indirect,0.00472456,1.34185e+09
790,direct,0.00260965,1.34185e+09
790,indirect,0.00354191,1.34185e+09
791,indirect,0.00368771,1.34185e+09
792,indirect,0.00370783,1.34185e+09
793,indirect,0.00431059,1.34185e+09
794,indirect,0.00456158,1.34185e+09
795,direct,0.00241861,1.34185e+09
796,direct,0.00288722,1.34185e+09
797,direct,0.00319731,1.34185e+09
795,indirect,0.00459227,1.34185e+09
796,direct,0.00304383,1.34185e+09
796,indirect,0.00467322,1.34185e+09
797,indirect,0.00372007,1.34185e+09
798,indirect,0.00413986,1.34185e+09
799,indirect,0.00453687,1.34185e+09
800,indirect,0.00357387,1.34185e+09
801,indirect,0.00475015,1.34185e+09
802,direct,0.00241606,1.34185e+09
802,indirect,0.00356957,1.34185e+09
803,indirect,0.00428867,1.34185e+09
804,indirect,0.00465503,1.34185e+09
805,direct,0.00274256,1.34185e+09
805,indirect,0.00392564,1.34185e+09
806,indirect,0.00431345,1.34185e+09
807,indirect,0.0048163,1.34185e+09
808,indirect,0.00432507,1.34185e+09
809,indirect,0.00473327,1.34185e+09
810,direct,0.00270504,1.34185e+09
811,direct,0.00311237,1.34185e+09
810,indirect,0.0037224,1.34185e+09
811,indirect,0.0040615,1.34185e+09
812,indirect,0.00363701,1.34185e+09
813,indirect,0.00428971,1.34185e+09
814,indirect,0.0045721,1.34185e+09
815,direct,0.00345195,1.34185e+09
816,direct,0.00302133,1.34185e+09
815,indirect,0.00357089,1.34185e+09
816,direct,0.00344065,1.34185e+09
816,indirect,0.003731,1.34185e+09
817,indirect,0.00441701,1.34185e+09
818,indirect,0.00395045,1.34185e+09
819,indirect,0.0040156,1.34185e+09
820,indirect,0.00379512,1.34185e+09
821,indirect,0.00398486,1.34185e+09
822,indirect,0.00378949,1.34185e+09
823,indirect,0.0036614,1.34185e+09
824,indirect,0.00373522,1.34185e+09
825,indirect,0.00397796,1.34185e+09
826,indirect,0.00404236,1.34185e+09
827,indirect,0.00423217,1.34185e+09
828,indirect,0.00426434,1.34185e+09
829,indirect,0.00448855,1.34185e+09
830,indirect,0.00492764,1.34185e+09
831,indirect,0.00362782,1.34185e+09
832,indirect,0.00451383,1.34185e+09
833,indirect,0.00402331,1.34185e+09
834,indirect,0.00377027,1.34185e+09
835,indirect,0.0036223,1.34185e+09
836,indirect,0.00392494,1.34185e+09
837,indirect,0.00358344,1.34185e+09
838,indirect,0.00466553,1.34185e+09
839,direct,0.00274192,1.34185e+09
840,direct,0.00320376,1.34185e+09
839,indirect,0.00353637,1.34185e+09
840,direct,0.00347428,1.34185e+09
840,indirect,0.00399051,1.34185e+09
841,indirect,0.00368204,1.34185e+09
842,indirect,0.0035817,1.34185e+09
843,direct,0.00318902,1.34185e+09
843,indirect,0.00386013,1.34185e+09
844,indirect,0.00383187,1.34185e+09
845,indirect,0.00387054,1.34185e+09
846,indirect,0.00424689,1.34185e+09
847,indirect,0.00419457,1.34185e+09
848,indirect,0.00425181,1.34185e+09
849,indirect,0.0044362,1.34185e+09
850,indirect,0.0041237,1.34185e+09
851,indirect,0.00531859,1.34185e+09
852,direct,0.00324787,1.34185e+09
852,indirect,0.0037352,1.34185e+09
853,direct,0.00338178,1.34185e+09
854,direct,0.00322482,1.34185e+09
853,indirect,0.00382586,1.34185e+09
854,indirect,0.00423761,1.34185e+09
855,indirect,0.00419161,1.34185e+09
856,indirect,0.00443737,1.34185e+09
857,indirect,0.00428265,1.34185e+09
858,indirect,0.00457715,1.34185e+09
859,indirect,0.00386958,1.34185e+09
860,indirect,0.00401749,1.34185e+09
861,indirect,0.00439902,1.34185e+09
862,indirect,0.00398067,1.34185e+09
863,indirect,0.00399504,1.34185e+09
864,indirect,0.00394189,1.34185e+09
865,indirect,0.00457284,1.34185e+09
866,direct,0.00320617,1.34185e+09
866,indirect,0.00409896,1.34185e+09
867,indirect,0.00436004,1.34185e+09
868,indirect,0.00456079,1.34185e+09
869,indirect,0.00473893,1.34185e+09
870,indirect,0.00430287,1.34185e+09
871,indirect,0.00492594,1.34185e+09
872,direct,0.00311703,1.34185e+09
872,indirect,0.00381097,1.34185e+09
873,indirect,0.00387796,1.34185e+09
874,indirect,0.00408708,1.34185e+09
875,indirect,0.00410688,1.34185e+09
876,indirect,0.0039506,1.34185e+09
877,indirect,0.00410994,1.34185e+09
878,indirect,0.00448753,1.34185e+09
879,indirect,0.00474489,1.34185e+09
880,direct,0.00315896,1.34185e+09
880,indirect,0.00443573,1.34185e+09
881,indirect,0.00454937,1.34185e+09
882,direct,0.00326429,1.34185e+09
883,direct,0.00293973,1.34185e+09
882,indirect,0.00376015,1.34185e+09
883,indirect,0.00409099,1.34185e+09
884,indirect,0.0041083,1.34185e+09
885,indirect,0.00388184,1.34185e+09
886,indirect,0.00417039,1.34185e+09
887,indirect,0.00459915,1.34185e+09
888,direct,0.00289989,1.34185e+09
888,indirect,0.00372683,1.34185e+09
889,indirect,0.00396194,1.34185e+09
890,indirect,0.00409193,1.34185e+09
891,indirect,0.00387164,1.34185e+09
892,indirect,0.00390933,1.34185e+09
893,indirect,0.00359911,1.34185e+09
894,indirect,0.0043354,1.34185e+09
895,direct,0.00297441,1.34185e+09
896,direct,0.00313341,1.34185e+09
897,direct,0.00340611,1.34185e+09
895,indirect,0.00411583,1.34185e+09
896,indirect,0.00414313,1.34185e+09
897,indirect,0.00410315,1.34185e+09
898,indirect,0.00367533,1.34185e+09
899,indirect,0.00465288,1.34185e+09
900,direct,0.00273924,1.34185e+09
901,direct,0.00344941,1.34185e+09
900,indirect,0.00386153,1.34185e+09
901,indirect,0.00413683,1.34185e+09
902,indirect,0.00425885,1.34185e+09
903,indirect,0.00442298,1.34185e+09
904,indirect,0.00443371,1.34185e+09
905,indirect,0.0047152,1.34185e+09
906,direct,0.00296382,1.34185e+09
907,direct,0.002888,1.34185e+09
906,indirect,0.00373104,1.34185e+09
907,direct,0.00330769,1.34185e+09
907,indirect,0.00390021,1.34185e+09
908,indirect,0.00455261,1.34185e+09
909,direct,0.00318659,1.34185e+09
909,indirect,0.00363531,1.34185e+09
910,direct,0.00340968,1.34185e+09
910,indirect,0.00378537,1.34185e+09
911,indirect,0.00380322,1.34185e+09
912,indirect,0.00385832,1.34185e+09
913,indirect,0.00356717,1.34185e+09
914,indirect,0.00392409,1.34185e+09
915,indirect,0.00423365,1.34185e+09
916,indirect,0.0041525,1.34185e+09
917,indirect,0.00415387,1.34185e+09
918,indirect,0.00382419,1.34185e+09
919,indirect,0.00424022,1.34185e+09
920,indirect,0.00436758,1.34185e+09
921,indirect,0.00422283,1.34185e+09
922,indirect,0.0036984,1.34185e+09
923,indirect,0.00411781,1.34185e+09
924,indirect,0.00447849,1.34185e+09
925,indirect,0.00431814,1.34185e+09
926,indirect,0.00466046,1.34185e+09
927,direct,0.00309031,1.34185e+09
927,indirect,0.0036109,1.34185e+09
928,indirect,0.00361236,1.34185e+09
929,indirect,0.00359937,1.34185e+09
930,indirect,0.00374148,1.34185e+09
931,indirect,0.00414072,1.34185e+09
932,indirect,0.00416572,1.34185e+09
933,indirect,0.00357694,1.34185e+09
934,indirect,0.00453499,1.34185e+09
935,direct,0.00280697,1.34185e+09
936,direct,0.00321006,1.34185e+09
937,direct,0.00316066,1.34185e+09
935,indirect,0.00355993,1.34185e+09
936,direct,0.00317439,1.34185e+09
937,direct,0.00326233,1.34185e+09
938,direct,0.00345738,1.34185e+09
936,indirect,0.00373473,1.34185e+09
937,indirect,0.00375884,1.34185e+09
938,indirect,0.0039483,1.34185e+09
939,indirect,0.00392707,1.34185e+09
940,indirect,0.00396448,1.34185e+09
941,indirect,0.00438242,1.34185e+09
942,indirect,0.00423764,1.34185e+09
943,indirect,0.00415672,1.34185e+09
944,indirect,0.00387122,1.34185e+09
945,indirect,0.00423351,1.34185e+09
946,indirect,0.00463791,1.34185e+09
947,direct,0.00301544,1.34185e+09
948,direct,0.00334384,1.34185e+09
949,direct,0.0033042,1.34185e+09
950,direct,0.00291397,1.34185e+09
951,direct,0.00327809,1.34185e+09
947,indirect,0.0038589,1.34185e+09
948,indirect,0.00408956,1.34185e+09
949,indirect,0.00442406,1.34185e+09
950,indirect,0.00425097,1.34185e+09
951,indirect,0.00395091,1.34185e+09
952,indirect,0.00368153,1.34185e+09
953,indirect,0.00363628,1.34185e+09
954,indirect,0.00399181,1.34185e+09
955,direct,0.0032141,1.34185e+09
956,direct,0.00339907,1.34185e+09
955,indirect,0.00427255,1.34185e+09
956,direct,0.00308927,1.34185e+09
957,direct,0.0032644,1.34185e+09
956,indirect,0.00357036,1.34185e+09
957,indirect,0.00364659,1.34185e+09
958,indirect,0.00383593,1.34185e+09
959,indirect,0.00416048,1.34185e+09
960,indirect,0.00434725,1.34185e+09
961,indirect,0.00398958,1.34185e+09
962,indirect,0.00399837,1.34185e+09
963,indirect,0.0042351,1.34185e+09
964,indirect,0.00437401,1.34185e+09
965,indirect,0.00406213,1.34185e+09
966,indirect,0.00419798,1.34185e+09
967,indirect,0.00350241,1.34185e+09
968,indirect,0.00400331,1.34185e+09
969,indirect,0.00441824,1.34185e+09
970,indirect,0.00443975,1.34185e+09
971,indirect,0.00495568,1.34185e+09
972,indirect,0.00424026,1.34185e+09
973,indirect,0.00437646,1.34185e+09
974,indirect,0.00463124,1.34185e+09
975,indirect,0.00389775,1.34185e+09
976,indirect,0.00418011,1.34185e+09
977,indirect,0.00443993,1.34185e+09
978,indirect,0.00468516,1.34185e+09
979,direct,0.00298822,1.34185e+09
979,indirect,0.00359777,1.34185e+09
980,indirect,0.00385229,1.34185e+09
981,indirect,0.00404457,1.34185e+09
982,indirect,0.0046179,1.34185e+09
983,indirect,0.00385712,1.34185e+09
984,indirect,0.00412835,1.34185e+09
985,indirect,0.0043411,1.34185e+09
986,indirect,0.00486753,1.34185e+09
987,indirect,0.00366356,1.34185e+09
988,indirect,0.00473444,1.34185e+09
989,indirect,0.00391182,1.34185e+09
990,indirect,0.00483996,1.34185e+09
991,direct,0.00290384,1.34185e+09
991,indirect,0.00432997,1.34185e+09
992,indirect,0.00477284,1.34185e+09
993,direct,0.00282609,1.34185e+09
994,direct,0.0034518,1.34185e+09
993,indirect,0.00411029,1.34185e+09
994,indirect,0.00450463,1.34185e+09
995,direct,0.0028537,1.34185e+09
996,direct,0.00283291,1.34185e+09
995,indirect,0.00442645,1.34185e+09
996,indirect,0.00440986,1.34185e+09
997,indirect,0.00479283,1.34185e+09
998,direct,0.0029419,1.34185e+09
998,indirect,0.00408455,1.34185e+09
999,indirect,0.00455014,1.34185e+09
1000,indirect,0.0042513,1.34185e+09
1001,indirect,0.00433502,1.34185e+09
1002,indirect,0.00447445,1.34185e+09
1003,indirect,0.00495372,1.34185e+09
1004,indirect,0.00392075,1.34185e+09
1005,indirect,0.00463532,1.34185e+09
1006,indirect,0.00394984,1.34185e+09
1007,indirect,0.00471291,1.34185e+09
1008,indirect,0.00390763,1.34185e+09
1009,indirect,0.00412164,1.34185e+09
1010,indirect,0.00398669,1.34185e+09
1011,indirect,0.00438954,1.34185e+09
1012,indirect,0.00487128,1.34185e+09
1013,direct,0.00267032,1.34185e+09
1014,direct,0.00296276,1.34185e+09
1015,direct,0.00332538,1.34185e+09
1016,direct,0.00317151,1.34185e+09
1017,direct,0.00295382,1.34185e+09
1013,indirect,0.00383456,1.34185e+09
1014,indirect,0.0036391,1.34185e+09
1015,indirect,0.00396242,1.34185e+09
1016,indirect,0.00372771,1.34185e+09
1017,direct,0.00349413,1.34185e+09
1017,indirect,0.00366245,1.34185e+09
1018,indirect,0.00383066,1.34185e+09
1019,indirect,0.00389148,1.34185e+09
1020,indirect,0.00381472,1.34185e+09
1021,indirect,0.00384669,1.34185e+09
1022,indirect,0.00396509,1.34185e+09
1023,indirect,0.00434546,1.34185e+09
1024,indirect,0.00443366,1.34185e+09
1025,indirect,0.00462196,1.34185e+09
1026,direct,0.00233811,1.34185e+09
1027,direct,0.00273176,1.34185e+09
1028,direct,0.00310972,1.34185e+09
1029,direct,0.00296831,1.34185e+09
1030,direct,0.00342546,1.34185e+09
1026,indirect,0.00378077,1.34185e+09
1027,indirect,0.00402733,1.34185e+09
1028,indirect,0.00414539,1.34185e+09
1029,indirect,0.0039808,1.34185e+09
1030,indirect,0.00429984,1.34185e+09
1031,indirect,0.0047301,1.34185e+09
1032,direct,0.00227187,1.34185e+09
1033,direct,0.00293324,1.34185e+09
1032,indirect,0.00440393,1.34185e+09
1033,indirect,0.00508283,1.34185e+09
1034,direct,0.00238496,1.34185e+09
1035,direct,0.00337474,1.34185e+09
1034,indirect,0.00434012,1.34185e+09
1035,indirect,0.00507442,1.34185e+09
1036,indirect,0.00352678,1.34185e+09
1037,direct,0.00327787,1.34185e+09
1038,direct,0.0034131,1.34185e+09
1037,indirect,0.00420028,1.34185e+09
1038,indirect,0.00397092,1.34185e+09
1039,indirect,0.00405656,1.34185e+09
1040,indirect,0.00432087,1.34185e+09
1041,direct,0.00349247,1.34185e+09
1042,direct,0.00316592,1.34185e+09
1043,direct,0.0029533,1.34185e+09
1044,direct,0.00339375,1.34185e+09
1045,direct,0.00348103,1.34185e+09
1041,indirect,0.00396896,1.34185e+09
1042,indirect,0.00395156,1.34185e+09
1043,indirect,0.00371168,1.34185e+09
1044,indirect,0.00391539,1.34185e+09
1045,indirect,0.00440724,1.34185e+09
1046,indirect,0.00506665,1.34185e+09
1047,indirect,0.00351018,1.34185e+09
1048,direct,0.00322488,1.34185e+09
1048,indirect,0.003575,1.34185e+09
1049,indirect,0.00366518,1.34185e+09
1050,indirect,0.00367425,1.34185e+09
1051,indirect,0.00431423,1.34185e+09
1052,indirect,0.00386877,1.34185e+09
1053,indirect,0.00412117,1.34185e+09
1054,indirect,0.0049608,1.34185e+09
1055,direct,0.00330174,1.34185e+09
1055,indirect,0.00363835,1.34185e+09
1056,direct,0.00291145,1.34185e+09
1057,direct,0.00311055,1.34185e+09
1058,direct,0.00295193,1.34185e+09
1059,direct,0.00310847,1.34185e+09
1060,direct,0.00309875,1.34185e+09
1061,direct,0.00298341,1.34185e+09
1062,direct,0.00333824,1.34185e+09
1063,direct,0.00340388,1.34185e+09
1056,indirect,0.00397067,1.34185e+09
1057,indirect,0.00438667,1.34185e+09
1058,direct,0.0034261,1.34185e+09
1058,indirect,0.0037643,1.34185e+09
1059,indirect,0.00421171,1.34185e+09
1060,direct,0.00300897,1.34185e+09
1060,indirect,0.00456446,1.34185e+09
1061,direct,0.00303347,1.34185e+09
1061,indirect,0.00355165,1.34185e+09
1062,direct,0.00297022,1.34185e+09
1063,direct,0.00325259,1.34185e+09
1064,direct,0.00296718,1.34185e+09
1065,direct,0.00343518,1.34185e+09
1062,indirect,0.00350924,1.34185e+09
1063,direct,0.00342422,1.34185e+09
1063,indirect,0.00355672,1.34185e+09
1064,indirect,0.00360375,1.34185e+09
1065,indirect,0.00352315,1.34185e+09
1066,direct,0.00332661,1.34185e+09
1067,direct,0.00317577,1.34185e+09
1068,direct,0.00296457,1.34185e+09
1069,direct,0.00337523,1.34185e+09
1070,direct,0.00301313,1.34185e+09
1071,direct,0.00302782,1.34185e+09
1072,direct,0.00335312,1.34185e+09
1066,indirect,0.00425799,1.34185e+09
1067,indirect,0.00409296,1.34185e+09
1068,indirect,0.00393308,1.34185e+09
1069,indirect,0.00466714,1.34185e+09
1070,direct,0.00309209,1.34185e+09
1071,direct,0.00275868,1.34185e+09
1072,direct,0.00282571,1.34185e+09
1073,direct,0.00336233,1.34185e+09
1074,direct,0.00339984,1.34185e+09
1075,direct,0.00346216,1.34185e+09
1070,indirect,0.00379227,1.34185e+09
1071,direct,0.00334348,1.34185e+09
1071,indirect,0.00351631,1.34185e+09
1072,direct,0.00328975,1.34185e+09
1073,direct,0.00315335,1.34185e+09
1074,direct,0.00318529,1.34185e+09
1072,indirect,0.00353741,1.34185e+09
1073,indirect,0.00376027,1.34185e+09
1074,indirect,0.00353529,1.34185e+09
1075,indirect,0.00423929,1.34185e+09
1076,indirect,0.00373882,1.34185e+09
1077,indirect,0.00371289,1.34185e+09
1078,indirect,0.00389228,1.34185e+09
1079,indirect,0.00391817,1.34185e+09
1080,indirect,0.00385706,1.34185e+09
1081,indirect,0.00408782,1.34185e+09
1082,indirect,0.00419437,1.34185e+09
1083,indirect,0.0042697,1.34185e+09
1084,indirect,0.0048234,1.34185e+09
1085,direct,0.00285106,1.34185e+09
1086,direct,0.00274194,1.34185e+09
1087,direct,0.00315666,1.34185e+09
1088,direct,0.00331519,1.34185e+09
1089,direct,0.00278646,1.34185e+09
1090,direct,0.00319099,1.34185e+09
1091,direct,0.00322213,1.34185e+09
1085,indirect,0.00354776,1.34185e+09
1086,direct,0.00309984,1.34185e+09
1087,direct,0.00326709,1.34185e+09
1088,direct,0.00323483,1.34185e+09
1089,direct,0.00334877,1.34185e+09
1086,indirect,0.00363848,1.34185e+09
1087,indirect,0.00383287,1.34185e+09
1088,indirect,0.00359901,1.34185e+09
1089,indirect,0.00409107,1.34185e+09
1090,indirect,0.00459402,1.34185e+09
1091,direct,0.00287135,1.34185e+09
1091,indirect,0.0039161,1.34185e+09
1092,indirect,0.00366867,1.34185e+09
1093,indirect,0.00367866,1.34185e+09
1094,indirect,0.00408551,1.34185e+09
1095,direct,0.00328882,1.34185e+09
1095,indirect,0.00419099,1.34185e+09
1096,indirect,0.00431168,1.34185e+09
1097,indirect,0.0048443,1.34185e+09
1098,direct,0.00290224,1.34185e+09
1099,direct,0.00297841,1.34185e+09
1100,direct,0.0031051,1.34185e+09
1101,direct,0.00300459,1.34185e+09
1102,direct,0.00298611,1.34185e+09
1103,direct,0.00330157,1.34185e+09
1098,indirect,0.00364067,1.34185e+09
1099,indirect,0.00360036,1.34185e+09
1100,indirect,0.00472484,1.34185e+09
1101,direct,0.00287348,1.34185e+09
1102,direct,0.00282697,1.34185e+09
1103,direct,0.00296797,1.34185e+09
1104,direct,0.0031269,1.34185e+09
1101,indirect,0.00378339,1.34185e+09
1102,direct,0.00343085,1.34185e+09
1102,indirect,0.0049132,1.34185e+09
1103,direct,0.00296099,1.34185e+09
1104,direct,0.00288335,1.34185e+09
1105,direct,0.00296109,1.34185e+09
1106,direct,0.00273977,1.34185e+09
1107,direct,0.00287787,1.34185e+09
1108,direct,0.00315983,1.34185e+09
1109,direct,0.00287431,1.34185e+09
1110,direct,0.00272177,1.34185e+09
1111,direct,0.00298509,1.34185e+09
1103,indirect,0.0028759,1.34185e+09
1104,direct,0.00290399,1.34185e+09
1105,direct,0.00276636,1.34185e+09
1106,direct,0.00293597,1.34185e+09
1107,direct,0.00291738,1.34185e+09
1108,direct,0.0034371,1.34185e+09
1109,direct,0.00273827,1.34185e+09
1110,direct,0.00316893,1.34185e+09
1111,direct,0.00312637,1.34185e+09
1112,direct,0.00336792,1.34185e+09
1104,indirect,0.00280462,1.34185e+09
1105,direct,0.00274347,1.34185e+09
1106,direct,0.00287218,1.34185e+09
1107,direct,0.00273391,1.34185e+09
1108,direct,0.00299844,1.34185e+09
1109,direct,0.00331592,1.34185e+09
1110,direct,0.00344751,1.34185e+09
1111,direct,0.00323455,1.34185e+09
1112,direct,0.00334169,1.34185e+09
1113,direct,0.00347025,1.34185e+09
1105,indirect,0.00406608,1.34185e+09
1106,direct,0.00347737,1.34185e+09
1106,indirect,0.00352574,1.34185e+09
1107,indirect,0.00416175,1.34185e+09
1108,indirect,0.00405889,1.34185e+09
1109,direct,0.00334673,1.34185e+09
1109,indirect,0.00384885,1.34185e+09
1110,indirect,0.00372259,1.34185e+09
1111,indirect,0.00398818,1.34185e+09
1112,indirect,0.00375647,1.34185e+09
1113,indirect,0.0036748,1.34185e+09
1114,direct,0.00332425,1.34185e+09
1115,direct,0.00334817,1.34185e+09
1114,indirect,0.00368818,1.34185e+09
1115,indirect,0.00402421,1.34185e+09
1116,direct,0.00340229,1.34185e+09
1116,indirect,0.00352576,1.34185e+09
1117,direct,0.00349503,1.34185e+09
1118,direct,0.00337278,1.34185e+09
1119,direct,0.00281036,1.34185e+09
1120,direct,0.00343923,1.34185e+09
1121,direct,0.00338193,1.34185e+09
1122,direct,0.00330623,1.34185e+09
1123,direct,0.00336404,1.34185e+09
1117,indirect,0.00355034,1.34185e+09
1118,indirect,0.00367443,1.34185e+09
1119,indirect,0.00399053,1.34185e+09
1120,indirect,0.00372329,1.34185e+09
1121,indirect,0.0036343,1.34185e+09
1122,indirect,0.00138371,1.34185e+09
1123,direct,0.00211992,1.34185e+09
1124,direct,0.00244197,1.34185e+09
1123,indirect,0.0017639,1.34185e+09
1124,direct,0.00263649,1.34185e+09
1125,direct,0.00310775,1.34185e+09
1126,direct,0.00260902,1.34185e+09
1127,direct,0.00275215,1.34185e+09
1124,indirect,0.00419929,1.34185e+09
1125,indirect,0.00473861,1.34185e+09
1126,indirect,0.00409145,1.34185e+09
1127,indirect,0.00365908,1.34185e+09
1128,indirect,0.0038762,1.34185e+09
1129,direct,0.00322294,1.34185e+09
1130,direct,0.00258291,1.34185e+09
1131,direct,0.00291783,1.34185e+09
1132,direct,0.003368,1.34185e+09
1133,direct,0.00293186,1.34185e+09
1134,direct,0.00324477,1.34185e+09
1135,direct,0.00345479,1.34185e+09
1136,direct,0.00336845,1.34185e+09
1137,direct,0.00343833,1.34185e+09
1129,indirect,0.00336625,1.34185e+09
1130,direct,0.00323561,1.34185e+09
1131,direct,0.00327445,1.34185e+09
1130,indirect,0.00375971,1.34185e+09
1131,direct,0.0034007,1.34185e+09
1132,direct,0.00215111,1.34185e+09
1133,direct,0.00163589,1.34185e+09
1134,direct,0.00320749,1.34185e+09
1135,direct,0.00219203,1.34185e+09
1136,direct,0.00268104,1.34185e+09
1137,direct,0.00265423,1.34185e+09
1138,direct,0.00255748,1.34185e+09
1139,direct,0.00271353,1.34185e+09
1131,indirect,0.00345838,1.34185e+09
1132,direct,0.0029504,1.34185e+09
1133,direct,0.00320908,1.34185e+09
1134,direct,0.00276046,1.34185e+09
1135,direct,0.00314424,1.34185e+09
1136,direct,0.00311336,1.34185e+09
1137,direct,0.00341474,1.34185e+09
1138,direct,0.0033785,1.34185e+09
1132,indirect,0.00351552,1.34185e+09
1133,direct,0.00264981,1.34185e+09
1134,direct,0.00324536,1.34185e+09
1135,direct,0.00311194,1.34185e+09
1136,direct,0.00309421,1.34185e+09
1137,direct,0.00338322,1.34185e+09
1138,direct,0.00330678,1.34185e+09
1139,direct,0.00170376,1.34185e+09
1140,direct,0.00218658,1.34185e+09
1141,direct,0.00204742,1.34185e+09
1133,indirect,0.0022372,1.34185e+09
1134,direct,0.00204746,1.34185e+09
1134,indirect,0.00189028,1.34185e+09
1135,indirect,0.0015992,1.34185e+09
1136,indirect,0.001821,1.34185e+09
1137,indirect,0.00245499,1.34185e+09
1138,direct,0.00211011,1.34185e+09
1138,indirect,0.00216443,1.34185e+09
1139,indirect,0.00141954,1.34185e+09
1140,indirect,0.00302166,1.34185e+09
1141,direct,0.00335824,1.34185e+09
1142,direct,0.00307286,1.34185e+09
1141,indirect,0.00244011,1.34185e+09
1142,indirect,0.00165388,1.34185e+09
1143,direct,0.00142836,1.34185e+09
1143,indirect,0.00198752,1.34185e+09
1144,indirect,0.00194062,1.34185e+09
1145,indirect,0.00128132,1.34185e+09
1146,indirect,0.00182549,1.34185e+09
1147,indirect,0.0017217,1.34185e+09
1148,direct,0.00118384,1.34185e+09
1149,direct,0.00164752,1.34185e+09
1150,direct,0.00139443,1.34185e+09
1148,indirect,0.00171147,1.34185e+09
1149,indirect,0.000819609,1.34185e+09
1150,indirect,0.00177768,1.34185e+09
1151,indirect,0.00114465,1.34185e+09
1152,direct,0.00170876,1.34185e+09
1153,direct,0.00151588,1.34185e+09
1152,indirect,0.00146566,1.34185e+09
1153,indirect,0.00187257,1.34185e+09
1154,direct,0.00119748,1.34185e+09
1155,direct,0.00206872,1.34185e+09
1154,indirect,0.00173759,1.34185e+09
1155,indirect,0.00134947,1.34185e+09
1156,indirect,0.00132,1.34185e+09
1157,indirect,0.00141932,1.34185e+09
1158,indirect,0.00110906,1.34185e+09
1159,indirect,0.00157353,1.34185e+09
1160,indirect,0.00171377,1.34185e+09
1161,indirect,0.00124122,1.34185e+09
1162,indirect,0.00197049,1.34185e+09
1163,indirect,0.00104346,1.34185e+09
1164,indirect,0.0013883,1.34185e+09
1165,indirect,0.000806997,1.34185e+09
1166,indirect,0.00145334,1.34185e+09
1167,indirect,0.00100636,1.34185e+09
1168,indirect,0.00112883,1.34185e+09
1169,indirect,0.00209872,1.34185e+09
1170,indirect,0.00108002,1.34185e+09
1171,indirect,0.00192026,1.34185e+09
1172,indirect,0.00195516,1.34185e+09
1173,indirect,0.00148134,1.34185e+09
1174,indirect,0.00180681,1.34185e+09
1175,indirect,0.00116645,1.34185e+09
1176,indirect,0.00114459,1.34185e+09
1177,indirect,0.00139255,1.34185e+09
1178,indirect,0.00140671,1.34185e+09
1179,indirect,0.00152332,1.34185e+09
1180,indirect,0.00195939,1.34185e+09
1181,indirect,0.00181509,1.34185e+09
1182,direct,0.00267119,1.34185e+09
1182,indirect,0.00126764,1.34185e+09
1183,indirect,0.00180727,1.34185e+09
1184,direct,0.00125039,1.34185e+09
1184,indirect,0.00219736,1.34185e+09
1185,indirect,0.00215931,1.34185e+09
1186,indirect,0.00215366,1.34185e+09
1187,indirect,0.00130157,1.34185e+09
1188,indirect,0.00209241,1.34185e+09
1189,indirect,0.00257296,1.34185e+09
1190,direct,0.00211977,1.34185e+09
1190,indirect,0.00353286,1.34185e+09
1191,direct,0.00216349,1.34185e+09
1192,direct,0.00221749,1.34185e+09
1191,indirect,0.00316765,1.34185e+09
1192,indirect,0.00124997,1.34185e+09
1193,indirect,0.00168646,1.34185e+09
1194,indirect,0.00271525,1.34185e+09
1195,indirect,0.0014579,1.34185e+09
1196,indirect,0.000977815,1.34185e+09
1197,direct,0.00151703,1.34185e+09
1197,indirect,0.00151884,1.34185e+09
1198,indirect,0.00120176,1.34185e+09
1199,indirect,0.00209008,1.34185e+09
1200,direct,0.00100611,1.34185e+09
1200,indirect,0.00171309,1.34185e+09
1201,indirect,0.0008766,1.34185e+09
1202,indirect,0.0010489,1.34185e+09
1203,indirect,0.00143082,1.34185e+09
1204,direct,0.0012009,1.34185e+09
1204,indirect,0.0011778,1.34185e+09
1205,indirect,0.000918089,1.34185e+09
1206,direct,0.00100662,1.34185e+09
1206,indirect,0.00128292,1.34185e+09
1207,indirect,0.00103458,1.34185e+09
1208,indirect,0.00199661,1.34185e+09
1209,indirect,0.0024568,1.34185e+09
1210,indirect,0.00116722,1.34185e+09
1211,indirect,0.00215865,1.34185e+09
1212,indirect,0.00206746,1.34185e+09
1213,direct,0.00140534,1.34185e+09
1213,indirect,0.00158474,1.34185e+09
1214,direct,0.00148572,1.34185e+09
1214,indirect,0.00204612,1.34185e+09
1215,indirect,0.00133815,1.34185e+09
1216,direct,0.00141201,1.34185e+09
1217,direct,0.0018606,1.34185e+09
1216,indirect,0.00113037,1.34185e+09
1217,indirect,0.00142521,1.34185e+09
1218,indirect,0.00115612,1.34185e+09
1219,indirect,0.00143603,1.34185e+09
1220,direct,0.00120963,1.34185e+09
1220,indirect,0.00252667,1.34185e+09
1221,indirect,0.00242629,1.34185e+09
1222,indirect,0.000885228,1.34185e+09
1223,indirect,0.00242504,1.34185e+09
1224,direct,0.00204716,1.34185e+09
1224,indirect,0.00153994,1.34185e+09
1225,indirect,0.00137378,1.34185e+09
1226,indirect,0.00133213,1.34185e+09
1227,indirect,0.00132147,1.34185e+09
1228,indirect,0.00138249,1.34185e+09
1229,indirect,0.000758711,1.34185e+09
1230,indirect,0.000681588,1.34185e+09
1231,direct,0.000815064,1.34185e+09
1231,indirect,0.00140737,1.34185e+09
1232,indirect,0.000828318,1.34185e+09
1233,indirect,0.00106575,1.34185e+09
1234,indirect,0.000656955,1.34185e+09
1235,indirect,0.000776113,1.34185e+09
1236,indirect,0.000729324,1.34185e+09
1237,indirect,0.000664815,1.34185e+09
1238,direct,0.00096084,1.34185e+09
1238,indirect,0.00109173,1.34185e+09
1239,indirect,0.00147404,1.34185e+09
1240,indirect,0.00149899,1.34185e+09
1241,indirect,0.00085872,1.34185e+09
1242,indirect,0.00101123,1.34185e+09
1243,indirect,0.00110976,1.34185e+09
1244,indirect,0.00090116,1.34185e+09
1245,indirect,0.00129121,1.34185e+09
1246,indirect,0.000901434,1.34185e+09
1247,indirect,0.00152401,1.34185e+09
1248,indirect,0.00106365,1.34185e+09
1249,indirect,0.00122417,1.34185e+09
1250,indirect,0.00145833,1.34185e+09
1251,direct,0.00126902,1.34185e+09
1252,direct,0.00144517,1.34185e+09
1253,direct,0.00141973,1.34185e+09
1254,direct,0.00238553,1.34185e+09
1255,direct,0.00347798,1.34185e+09
1251,indirect,0.0037126,1.34185e+09
1252,indirect,0.00106687,1.34185e+09
1253,direct,0.00131265,1.34185e+09
1253,indirect,0.00144947,1.34185e+09
1254,direct,0.00118588,1.34185e+09
1254,indirect,0.00147928,1.34185e+09
1255,indirect,0.00110662,1.34185e+09
1256,indirect,0.00180536,1.34185e+09
1257,direct,0.00183456,1.34185e+09
1257,indirect,0.00180217,1.34185e+09
1258,indirect,0.00152055,1.34185e+09
1259,indirect,0.00121172,1.34185e+09
1260,indirect,0.000889395,1.34185e+09
1261,indirect,0.00111246,1.34185e+09
1262,direct,0.000858061,1.34185e+09
1263,direct,0.000943501,1.34185e+09
1264,direct,0.000950255,1.34185e+09
1265,direct,0.00124872,1.34185e+09
1266,direct,0.00143106,1.34185e+09
1267,direct,0.00159563,1.34185e+09
1268,direct,0.00170435,1.34185e+09
1269,direct,0.00206812,1.34185e+09
1270,direct,0.00201427,1.34185e+09
1262,indirect,0.00194606,1.34185e+09
1263,direct,0.000612825,1.34185e+09
1264,direct,0.00101489,1.34185e+09
1265,direct,0.000842003,1.34185e+09
1266,direct,0.00110683,1.34185e+09
1267,direct,0.00159548,1.34185e+09
1268,direct,0.00149993,1.34185e+09
1269,direct,0.00170571,1.34185e+09
1270,direct,0.00212414,1.34185e+09
1271,direct,0.00174387,1.34185e+09
1263,indirect,0.00186374,1.34185e+09
1264,direct,0.00157145,1.34185e+09
1265,direct,0.00138094,1.34185e+09
1266,direct,0.00149055,1.34185e+09
1267,direct,0.00101256,1.34185e+09
1268,direct,0.00120968,1.34185e+09
1269,direct,0.0013974,1.34185e+09
1270,direct,0.00149504,1.34185e+09
1271,direct,0.00143266,1.34185e+09
1272,direct,0.00141268,1.34185e+09
1264,indirect,0.00201279,1.34185e+09
1265,direct,0.00156043,1.34185e+09
1266,direct,0.00184139,1.34185e+09
1267,direct,0.00135003,1.34185e+09
1268,direct,0.00199635,1.34185e+09
1269,direct,0.0024407,1.34185e+09
1270,direct,0.00199133,1.34185e+09
1265,indirect,0.00148494,1.34185e+09
1266,direct,0.000920431,1.34185e+09
1267,direct,0.00156847,1.34185e+09
1268,direct,0.00156018,1.34185e+09
1269,direct,0.00101427,1.34185e+09
1270,direct,0.00142739,1.34185e+09
1271,direct,0.00205848,1.34185e+09
1272,direct,0.00154618,1.34185e+09
1273,direct,0.0018918,1.34185e+09
1274,direct,0.00259035,1.34185e+09
1266,indirect,0.00247428,1.34185e+09
1267,direct,0.0018426,1.34185e+09
1268,direct,0.00240114,1.34185e+09
1269,direct,0.00267046,1.34185e+09
1270,direct,0.00108442,1.34185e+09
1271,direct,0.00197801,1.34185e+09
1272,direct,0.00290288,1.34185e+09
1273,direct,0.00225633,1.34185e+09
1274,direct,0.00205891,1.34185e+09
1275,direct,0.00250519,1.34185e+09
1267,indirect,0.00199953,1.34185e+09
1268,direct,0.00147824,1.34185e+09
1269,direct,0.00138436,1.34185e+09
1270,direct,0.000926527,1.34185e+09
1271,direct,0.00143543,1.34185e+09
1272,direct,0.00126954,1.34185e+09
1273,direct,0.00135084,1.34185e+09
1274,direct,0.00293295,1.34185e+09
1275,direct,0.00195279,1.34185e+09
1276,direct,0.0016424,1.34185e+09
1268,indirect,0.00264899,1.34185e+09
1269,indirect,0.0017717,1.34185e+09
1270,direct,0.00120382,1.34185e+09
1271,direct,0.00172468,1.34185e+09
1272,direct,0.00107513,1.34185e+09
1273,direct,0.00173108,1.34185e+09
1274,direct,0.00216243,1.34185e+09
1270,indirect,0.00158782,1.34185e+09
1271,indirect,0.00077237,1.34185e+09
1272,direct,0.0017297,1.34185e+09
1273,direct,0.00202072,1.34185e+09
1274,direct,0.00163325,1.34185e+09
1275,direct,0.00208299,1.34185e+09
1276,direct,0.00189736,1.34185e+09
1277,direct,0.00198156,1.34185e+09
1278,direct,0.00258898,1.34185e+09
1279,direct,0.00217854,1.34185e+09
1280,direct,0.00225888,1.34185e+09
1272,indirect,0.00284964,1.34185e+09
1273,direct,0.00221867,1.34185e+09
1274,direct,0.00205865,1.34185e+09
1275,direct,0.0024266,1.34185e+09
1276,direct,0.002235,1.34185e+09
1277,direct,0.00223764,1.34185e+09
1273,indirect,0.00218751,1.34185e+09
1274,direct,0.00260329,1.34185e+09
1275,direct,0.0033347,1.34185e+09
1276,direct,0.0013261,1.34185e+09
1274,indirect,0.0016463,1.34185e+09
1275,direct,0.00243812,1.34185e+09
1276,direct,0.00248963,1.34185e+09
1277,direct,0.00257223,1.34185e+09
1278,direct,0.00315324,1.34185e+09
1279,direct,0.00346737,1.34185e+09
1280,direct,0.00204537,1.34185e+09
1281,direct,0.00283706,1.34185e+09
1282,direct,0.00319911,1.34185e+09
1283,direct,0.0031914,1.34185e+09
1275,indirect,0.00275378,1.34185e+09
1276,direct,0.00239573,1.34185e+09
1277,direct,0.00318606,1.34185e+09
1278,direct,0.00327201,1.34185e+09
1279,direct,0.00287093,1.34185e+09
1280,direct,0.00308955,1.34185e+09
1281,direct,0.00307581,1.34185e+09
1282,direct,0.00269392,1.34185e+09
1283,direct,0.00281727,1.34185e+09
1284,direct,0.00287226,1.34185e+09
1276,indirect,0.00300654,1.34185e+09
1277,direct,0.00328361,1.34185e+09
1278,direct,0.00303961,1.34185e+09
1279,direct,0.00311546,1.34185e+09
1280,direct,0.00268748,1.34185e+09
1281,direct,0.00275088,1.34185e+09
1282,direct,0.00328859,1.34185e+09
1283,direct,0.00268517,1.34185e+09
1284,direct,0.00265238,1.34185e+09
1285,direct,0.00257694,1.34185e+09
1277,indirect,0.00250986,1.34185e+09
1278,direct,0.00274761,1.34185e+09
1279,direct,0.00290807,1.34185e+09
1280,direct,0.00295009,1.34185e+09
1281,direct,0.00271974,1.34185e+09
1278,indirect,0.00384451,1.34185e+09
1279,direct,0.00208894,1.34185e+09
1279,indirect,0.00203907,1.34185e+09
1280,direct,0.00160957,1.34185e+09
1281,direct,0.00181461,1.34185e+09
1280,indirect,0.00167838,1.34185e+09
1281,direct,0.0016982,1.34185e+09
1282,direct,0.00109931,1.34185e+09
1281,indirect,0.00164534,1.34185e+09
1282,direct,0.00124252,1.34185e+09
1282,indirect,0.00111745,1.34185e+09
1283,direct,0.00116628,1.34185e+09
1283,indirect,0.00376518,1.34185e+09
1284,direct,0.00307259,1.34185e+09
1284,indirect,0.00364094,1.34185e+09
1285,indirect,0.00161529,1.34185e+09
1286,indirect,0.00193504,1.34185e+09
1287,indirect,0.00157805,1.34185e+09
1288,direct,0.00197565,1.34185e+09
1288,indirect,0.00152154,1.34185e+09
1289,indirect,0.00151804,1.34185e+09
1290,indirect,0.00151256,1.34185e+09
1291,direct,0.00137772,1.34185e+09
1292,direct,0.00145599,1.34185e+09
1293,direct,0.00172154,1.34185e+09
1294,direct,0.00177892,1.34185e+09
1291,indirect,0.00202125,1.34185e+09
1292,direct,0.00244383,1.34185e+09
1292,indirect,0.00206572,1.34185e+09
1293,direct,0.00211126,1.34185e+09
1294,direct,0.00157602,1.34185e+09
1293,indirect,0.00156877,1.34185e+09
1294,direct,0.00265736,1.34185e+09
1294,indirect,0.00334349,1.34185e+09
1295,direct,0.00246277,1.34185e+09
1295,indirect,0.00244656,1.34185e+09
1296,direct,0.00252551,1.34185e+09
1297,direct,0.00271858,1.34185e+09
1296,indirect,0.00177899,1.34185e+09
1297,indirect,0.00145574,1.34185e+09
1298,direct,0.0023208,1.34185e+09
1299,direct,0.0023301,1.34185e+09
1300,direct,0.00155197,1.34185e+09
1298,indirect,0.00173457,1.34185e+09
1299,indirect,0.00202167,1.34185e+09
1300,direct,0.00188451,1.34185e+09
1301,direct,0.00219156,1.34185e+09
1300,indirect,0.00129693,1.34185e+09
1301,indirect,0.00131528,1.34185e+09
1302,indirect,0.00239821,1.34185e+09
1303,indirect,0.00143734,1.34185e+09
1304,indirect,0.00138261,1.34185e+09
1305,indirect,0.00151551,1.34185e+09
1306,indirect,0.000816108,1.34185e+09
1307,direct,0.00144566,1.34185e+09
1307,indirect,0.00137594,1.34185e+09
1308,indirect,0.00127313,1.34185e+09
1309,direct,0.000982284,1.34185e+09
1309,indirect,0.00208018,1.34185e+09
1310,indirect,0.000993751,1.34185e+09
1311,direct,0.00235597,1.34185e+09
1311,indirect,0.00157303,1.34185e+09
1312,indirect,0.000992998,1.34185e+09
1313,indirect,0.000805569,1.34185e+09
1314,indirect,0.00105437,1.34185e+09
1315,indirect,0.00127341,1.34185e+09
1316,direct,0.00153619,1.34185e+09
1317,direct,0.00160157,1.34185e+09
1316,indirect,0.000938545,1.34185e+09
1317,indirect,0.0018306,1.34185e+09
1318,direct,0.00188044,1.34185e+09
1318,indirect,0.00157675,1.34185e+09
1319,indirect,0.00106199,1.34185e+09
1320,indirect,0.000827952,1.34185e+09
1321,indirect,0.000615334,1.34185e+09
1322,indirect,0.00139959,1.34185e+09
1323,direct,0.000833368,1.34185e+09
1324,direct,0.00198774,1.34185e+09
1325,direct,0.00182365,1.34185e+09
1326,direct,0.00246962,1.34185e+09
1327,direct,0.00244306,1.34185e+09
1328,direct,0.00292487,1.34185e+09
1329,direct,0.00191835,1.34185e+09
1323,indirect,0.00195988,1.34185e+09
1324,indirect,0.000887826,1.34185e+09
1325,indirect,0.000684488,1.34185e+09
1326,direct,0.00111733,1.34185e+09
1326,indirect,0.00277248,1.34185e+09
1327,direct,0.00214782,1.34185e+09
1328,direct,0.00207729,1.34185e+09
1327,indirect,0.000829413,1.34185e+09
1328,direct,0.00272687,1.34185e+09
1329,direct,0.00334766,1.34185e+09
1330,direct,0.00187086,1.34185e+09
1328,indirect,0.0030888,1.34185e+09
1329,indirect,0.00143312,1.34185e+09
1330,direct,0.00206179,1.34185e+09
1331,direct,0.00248091,1.34185e+09
1332,direct,0.002263,1.34185e+09
1330,indirect,0.00189678,1.34185e+09
1331,direct,0.00290412,1.34185e+09
1332,direct,0.00148633,1.34185e+09
1333,direct,0.00189284,1.34185e+09
1334,direct,0.00309774,1.34185e+09
1335,direct,0.00194137,1.34185e+09
1331,indirect,0.00202468,1.34185e+09
1332,direct,0.00319732,1.34185e+09
1333,direct,0.00122325,1.34185e+09
1332,indirect,0.00149252,1.34185e+09
1333,direct,0.00325134,1.34185e+09
1334,direct,0.00186321,1.34185e+09
1333,indirect,0.00232359,1.34185e+09
1334,direct,0.00289768,1.34185e+09
1335,direct,0.00323,1.34185e+09
1336,direct,0.00238399,1.34185e+09
1337,direct,0.00234291,1.34185e+09
1338,direct,0.00298676,1.34185e+09
1339,direct,0.00222705,1.34185e+09
1340,direct,0.00303956,1.34185e+09
1341,direct,0.00275401,1.34185e+09
1342,direct,0.00264599,1.34185e+09
1334,indirect,0.00250292,1.34185e+09
1335,direct,0.00151832,1.34185e+09
1336,direct,0.00255125,1.34185e+09
1335,indirect,0.00254959,1.34185e+09
1336,indirect,0.00257679,1.34185e+09
1337,direct,0.0021513,1.34185e+09
1338,direct,0.00271435,1.34185e+09
1339,direct,0.00179771,1.34185e+09
1340,direct,0.00190381,1.34185e+09
1341,direct,0.00284809,1.34185e+09
1342,direct,0.00235905,1.34185e+09
1343,direct,0.00243392,1.34185e+09
1337,indirect,0.00311875,1.34185e+09
1338,indirect,0.00166317,1.34185e+09
1339,direct,0.00199006,1.34185e+09
1339,indirect,0.00221617,1.34185e+09
1340,indirect,0.00224563,1.34185e+09
1341,indirect,0.00112967,1.34185e+09
1342,indirect,0.00146681,1.34185e+09
1343,indirect,0.000742929,1.34185e+09
1344,direct,0.000650591,1.34185e+09
1345,direct,0.000934643,1.34185e+09
1344,indirect,0.00357398,1.34185e+09
1345,indirect,0.00221333,1.34185e+09
1346,indirect,0.00120606,1.34185e+09
1347,indirect,0.00218003,1.34185e+09
1348,indirect,0.00214509,1.34185e+09
1349,indirect,0.00210446,1.34185e+09
1350,indirect,0.0016414,1.34185e+09
1351,indirect,0.00184887,1.34185e+09
1352,direct,0.00292102,1.34185e+09
1353,direct,0.00232677,1.34185e+09
1352,indirect,0.001387,1.34185e+09
1353,indirect,0.00218488,1.34185e+09
1354,indirect,0.00100508,1.34185e+09
1355,indirect,0.00115411,1.34185e+09
1356,indirect,0.00195968,1.34185e+09
1357,indirect,0.00254872,1.34185e+09
1358,indirect,0.0021614,1.34185e+09
1359,indirect,0.00228481,1.34185e+09
1360,indirect,0.00194551,1.34185e+09
1361,indirect,0.00221521,1.34185e+09
1362,indirect,0.00122359,1.34185e+09
1363,indirect,0.00184863,1.34185e+09
1364,indirect,0.0018477,1.34185e+09
1365,indirect,0.00201744,1.34185e+09
1366,indirect,0.00211882,1.34185e+09
1367,indirect,0.00130448,1.34185e+09
1368,indirect,0.00310081,1.34185e+09
1369,indirect,0.0020573,1.34185e+09
1370,indirect,0.0032432,1.34185e+09
1371,indirect,0.00305345,1.34185e+09
1372,direct,0.00166731,1.34185e+09
1372,indirect,0.00293732,1.34185e+09
1373,indirect,0.00190862,1.34185e+09
1374,direct,0.00179809,1.34185e+09
1374,indirect,0.00222135,1.34185e+09
1375,indirect,0.00201639,1.34185e+09
1376,indirect,0.00117431,1.34185e+09
1377,indirect,0.00198404,1.34185e+09
1378,indirect,0.00140411,1.34185e+09
1379,indirect,0.00173353,1.34185e+09
1380,indirect,0.000966486,1.34185e+09
1381,indirect,0.000749435,1.34185e+09
1382,indirect,0.00166972,1.34185e+09
1383,indirect,0.00211461,1.34185e+09
1384,indirect,0.00125111,1.34185e+09
1385,indirect,0.00194337,1.34185e+09
1386,indirect,0.00223205,1.34185e+09
1387,indirect,0.00176147,1.34185e+09
1388,direct,0.00266315,1.34185e+09
1388,indirect,0.00183991,1.34185e+09
1389,direct,0.00161179,1.34185e+09
1389,indirect,0.00141188,1.34185e+09
1390,indirect,0.00167064,1.34185e+09
1391,direct,0.00182617,1.34185e+09
1391,indirect,0.00204527,1.34185e+09
1392,indirect,0.00145771,1.34185e+09
1393,indirect,0.00139411,1.34185e+09
1394,indirect,0.00102414,1.34185e+09
1395,indirect,0.00113137,1.34185e+09
1396,direct,0.00157648,1.34185e+09
1396,indirect,0.00119355,1.34185e+09
1397,indirect,0.00115756,1.34185e+09
1398,indirect,0.00117822,1.34185e+09
1399,indirect,0.0015377,1.34185e+09
1400,indirect,0.00130349,1.34185e+09
1401,indirect,0.00163576,1.34185e+09
1402,direct,0.00140607,1.34185e+09
1402,indirect,0.0021763,1.34185e+09
1403,indirect,0.00356314,1.34185e+09
1404,indirect,0.00156117,1.34185e+09
1405,direct,0.00329922,1.34185e+09
1405,indirect,0.00288827,1.34185e+09
1406,indirect,0.00145173,1.34185e+09
1407,indirect,0.00188908,1.34185e+09
1408,indirect,0.00102563,1.34185e+09
1409,indirect,0.00101095,1.34185e+09
1410,indirect,0.00126452,1.34185e+09
1411,indirect,0.00145819,1.34185e+09
1412,direct,0.000960555,1.34185e+09
1412,indirect,0.00147376,1.34185e+09
1413,indirect,0.0011109,1.34185e+09
1414,indirect,0.000992116,1.34185e+09
1415,indirect,0.00207652,1.34185e+09
1416,indirect,0.00105908,1.34185e+09
1417,indirect,0.000654362,1.34185e+09
1418,indirect,0.0015824,1.34185e+09
1419,direct,0.00168544,1.34185e+09
1419,indirect,0.00190458,1.34185e+09
1420,indirect,0.00186942,1.34185e+09
1421,indirect,0.00186494,1.34185e+09
1422,indirect,0.00315774,1.34185e+09
1423,indirect,0.00164088,1.34185e+09
1424,indirect,0.00237389,1.34185e+09
1425,indirect,0.00174593,1.34185e+09
1426,indirect,0.00124895,1.34185e+09
1427,indirect,0.00363572,1.34185e+09
1428,indirect,0.00194511,1.34185e+09
1429,direct,0.00264232,1.34185e+09
1429,indirect,0.00297017,1.34185e+09
1430,indirect,0.000856997,1.34185e+09
1431,indirect,0.000864142,1.34185e+09
1432,indirect,0.00147853,1.34185e+09
1433,direct,0.00147563,1.34185e+09
1433,indirect,0.00230271,1.34185e+09
1434,indirect,0.00205064,1.34185e+09
1435,direct,0.0010346,1.34185e+09
1435,indirect,0.00169391,1.34185e+09
1436,indirect,0.00216956,1.34185e+09
1437,direct,0.000979469,1.34185e+09
1437,indirect,0.00228947,1.34185e+09
1438,direct,0.00168595,1.34185e+09
1438,indirect,0.00276092,1.34185e+09
1439,indirect,0.00269492,1.34185e+09
1440,direct,0.00198372,1.34185e+09
1440,indirect,0.00286037,1.34185e+09
1441,direct,0.00185504,1.34185e+09
1441,indirect,0.00206849,1.34185e+09
1442,indirect,0.00220502,1.34185e+09
1443,indirect,0.00148449,1.34185e+09
1444,indirect,0.00184302,1.34185e+09
1445,indirect,0.00218454,1.34185e+09
1446,indirect,0.00110945,1.34185e+09
1447,direct,0.00257506,1.34185e+09
1447,indirect,0.00176454,1.34185e+09
1448,indirect,0.00163977,1.34185e+09
1449,indirect,0.00142807,1.34185e+09
1450,indirect,0.00117075,1.34185e+09
1451,indirect,0.00214281,1.34185e+09
1452,direct,0.00284534,1.34185e+09
1453,direct,0.00293995,1.34185e+09
1454,direct,0.0017426,1.34185e+09
1452,indirect,0.00407245,1.34185e+09
1453,indirect,0.0018648,1.34185e+09
1454,indirect,0.00174284,1.34185e+09
1455,indirect,0.00136264,1.34185e+09
1456,indirect,0.001729,1.34185e+09
1457,indirect,0.000934705,1.34185e+09
1458,indirect,0.00280232,1.34185e+09
1459,indirect,0.00100358,1.34185e+09
1460,direct,0.0017688,1.34185e+09
1460,indirect,0.00129673,1.34185e+09
1461,direct,0.00149452,1.34185e+09
1461,indirect,0.00133527,1.34185e+09
1462,indirect,0.000701352,1.34185e+09
1463,direct,0.0015287,1.34185e+09
1464,direct,0.00262481,1.34185e+09
1463,indirect,0.0031187,1.34185e+09
1464,indirect,0.00210005,1.34185e+09
1465,indirect,0.00230281,1.34185e+09
1466,indirect,0.00139725,1.34185e+09
1467,direct,0.00179827,1.34185e+09
1467,indirect,0.0025685,1.34185e+09
1468,indirect,0.00116847,1.34185e+09
1469,indirect,0.00173016,1.34185e+09
1470,indirect,0.00170413,1.34185e+09
1471,indirect,0.00184916,1.34185e+09
1472,indirect,0.00184293,1.34185e+09
1473,indirect,0.00268693,1.34185e+09
1474,indirect,0.00326067,1.34185e+09
1475,indirect,0.00332504,1.34185e+09
1476,indirect,0.00306667,1.34185e+09
1477,indirect,0.0026368,1.34185e+09
1478,direct,0.00220204,1.34185e+09
1478,indirect,0.00179286,1.34185e+09
1479,indirect,0.001476,1.34185e+09
1480,indirect,0.00161758,1.34185e+09
1481,indirect,0.00173579,1.34185e+09
1482,indirect,0.00183681,1.34185e+09
1483,indirect,0.00160677,1.34185e+09
1484,indirect,0.00152681,1.34185e+09
1485,direct,0.000742128,1.34185e+09
1485,indirect,0.00202347,1.34185e+09
1486,indirect,0.00142727,1.34185e+09
1487,indirect,0.00172216,1.34185e+09
1488,indirect,0.00100477,1.34185e+09
1489,indirect,0.00159097,1.34185e+09
1490,indirect,0.00136702,1.34185e+09
1491,indirect,0.00188055,1.34185e+09
1492,direct,0.00169176,1.34185e+09
1492,indirect,0.00256088,1.34185e+09
1493,direct,0.000981676,1.34185e+09
1493,indirect,0.00188301,1.34185e+09
1494,indirect,0.00162058,1.34185e+09
1495,indirect,0.00233157,1.34185e+09
1496,indirect,0.00188033,1.34185e+09
1497,direct,0.0019335,1.34185e+09
1497,indirect,0.00195879,1.34185e+09
1498,indirect,0.00222754,1.34185e+09
1499,indirect,0.00233654,1.34185e+09
1500,indirect,0.00148442,1.34185e+09
1501,indirect,0.00200334,1.34185e+09
1502,indirect,0.00162353,1.34185e+09
1503,indirect,0.00262174,1.34185e+09
1504,indirect,0.00208003,1.34185e+09
1505,indirect,0.00103004,1.34185e+09
1506,indirect,0.00121642,1.34185e+09
1507,indirect,0.00192096,1.34185e+09
1508,indirect,0.00209914,1.34185e+09
1509,indirect,0.00196206,1.34185e+09
1510,direct,0.00281726,1.34185e+09
1510,indirect,0.0028093,1.34185e+09
1511,direct,0.00261681,1.34185e+09
1511,indirect,0.00255367,1.34185e+09
1512,indirect,0.0020464,1.34185e+09
1513,indirect,0.00329168,1.34185e+09
1514,indirect,0.00339891,1.34185e+09
1515,direct,0.00190412,1.34185e+09
1515,indirect,0.00290074,1.34185e+09
1516,indirect,0.00249987,1.34185e+09
1517,indirect,0.00222875,1.34185e+09
1518,direct,0.00268612,1.34185e+09
1518,indirect,0.00269843,1.34185e+09
1519,direct,0.00296642,1.34185e+09
1519,indirect,0.00123969,1.34185e+09
1520,indirect,0.00206789,1.34185e+09
1521,direct,0.00307556,1.34185e+09
1521,indirect,0.00276578,1.34185e+09
1522,direct,0.00240892,1.34185e+09
1522,indirect,0.00152747,1.34185e+09
1523,indirect,0.00155952,1.34185e+09
1524,indirect,0.00152772,1.34185e+09
1525,indirect,0.00209077,1.34185e+09
1526,direct,0.000916663,1.34185e+09
1526,indirect,0.0020957,1.34185e+09
1527,indirect,0.00167415,1.34185e+09
1528,indirect,0.000992513,1.34185e+09
1529,indirect,0.00123674,1.34185e+09
1530,direct,0.00115902,1.34185e+09
1530,indirect,0.00160646,1.34185e+09
1531,indirect,0.00189202,1.34185e+09
1532,indirect,0.00148247,1.34185e+09
1533,indirect,0.00108695,1.34185e+09
1534,indirect,0.00105553,1.34185e+09
1535,indirect,0.00239527,1.34185e+09
1536,indirect,0.00246261,1.34185e+09
1537,indirect,0.00190789,1.34185e+09
1538,indirect,0.00076268,1.34185e+09
1539,indirect,0.0013199,1.34185e+09
1540,indirect,0.0016401,1.34185e+09
1541,indirect,0.00115738,1.34185e+09
1542,indirect,0.00191081,1.34185e+09
1543,direct,0.00189174,1.34185e+09
1543,indirect,0.00213694,1.34185e+09
1544,direct,0.00168606,1.34185e+09
1544,indirect,0.00172419,1.34185e+09
1545,indirect,0.00271202,1.34185e+09
1546,indirect,0.00254567,1.34185e+09
1547,direct,0.00115399,1.34185e+09
1548,direct,0.00216203,1.34185e+09
1547,indirect,0.00136917,1.34185e+09
1548,indirect,0.00121221,1.34185e+09
1549,direct,0.00181853,1.34185e+09
1549,indirect,0.001229,1.34185e+09
1550,indirect,0.00126752,1.34185e+09
1551,indirect,0.00127734,1.34185e+09
1552,indirect,0.00138628,1.34185e+09
1553,direct,0.00128533,1.34185e+09
1553,indirect,0.00109528,1.34185e+09
1554,direct,0.00129195,1.34185e+09
1554,indirect,0.000976625,1.34185e+09
1555,indirect,0.00152589,1.34185e+09
1556,indirect,0.00112228,1.34185e+09
1557,indirect,0.00183475,1.34185e+09
1558,direct,0.00121014,1.34185e+09
1559,direct,0.00139905,1.34185e+09
1560,direct,0.0022397,1.34185e+09
1558,indirect,0.00170605,1.34185e+09
1559,indirect,0.0019239,1.34185e+09
1560,indirect,0.00114542,1.34185e+09
1561,indirect,0.00115361,1.34185e+09
1562,indirect,0.00109246,1.34185e+09
1563,direct,0.0016311,1.34185e+09
1564,direct,0.00146352,1.34185e+09
1563,indirect,0.00184782,1.34185e+09
1564,direct,0.00252341,1.34185e+09
1564,indirect,0.00240158,1.34185e+09
1565,indirect,0.00210518,1.34185e+09
1566,direct,0.00221307,1.34185e+09
1566,indirect,0.00213665,1.34185e+09
1567,indirect,0.00213314,1.34185e+09
1568,direct,0.00207099,1.34185e+09
1568,indirect,0.00220214,1.34185e+09
1569,indirect,0.00213329,1.34185e+09
1570,indirect,0.00159989,1.34185e+09
1571,indirect,0.00232004,1.34185e+09
1572,direct,0.00239,1.34185e+09
1572,indirect,0.00249447,1.34185e+09
1573,indirect,0.00174577,1.34185e+09
1574,indirect,0.00191505,1.34185e+09
1575,indirect,0.00213477,1.34185e+09
1576,indirect,0.00164056,1.34185e+09
1577,direct,0.00139566,1.34185e+09
1577,indirect,0.00172496,1.34185e+09
1578,direct,0.00170141,1.34185e+09
1579,direct,0.00163325,1.34185e+09
1578,indirect,0.0017267,1.34185e+09
1579,direct,0.00231184,1.34185e+09
1579,indirect,0.00172911,1.34185e+09
1580,indirect,0.00146637,1.34185e+09
1581,indirect,0.00341228,1.34185e+09
1582,indirect,0.00230383,1.34185e+09
1583,indirect,0.00193256,1.34185e+09
1584,indirect,0.00282343,1.34185e+09
1585,indirect,0.00230898,1.34185e+09
1586,indirect,0.00181436,1.34185e+09
1587,direct,0.003087,1.34185e+09
1588,direct,0.00259233,1.34185e+09
1587,indirect,0.00162048,1.34185e+09
1588,direct,0.00196482,1.34185e+09
1588,indirect,0.00160849,1.34185e+09
1589,indirect,0.00169299,1.34185e+09
1590,direct,0.00197215,1.34185e+09
1591,direct,0.00271213,1.34185e+09
1590,indirect,0.00196311,1.34185e+09
1591,indirect,0.00231097,1.34185e+09
1592,indirect,0.00154414,1.34185e+09
1593,indirect,0.00316495,1.34185e+09
1594,indirect,0.00303145,1.34185e+09
1595,indirect,0.00203908,1.34185e+09
1596,indirect,0.00224114,1.34185e+09
1597,direct,0.00177325,1.34185e+09
1597,indirect,0.00262568,1.34185e+09
1598,indirect,0.00235233,1.34185e+09
1599,indirect,0.00189168,1.34185e+09
1600,indirect,0.00248103,1.34185e+09
1601,indirect,0.00184975,1.34185e+09
1602,indirect,0.00112096,1.34185e+09
1603,direct,0.00167116,1.34185e+09
1603,indirect,0.00149972,1.34185e+09
1604,indirect,0.00216991,1.34185e+09
1605,direct,0.0021248,1.34185e+09
1606,direct,0.00273384,1.34185e+09
1605,indirect,0.00241081,1.34185e+09
1606,indirect,0.00197063,1.34185e+09
1607,indirect,0.00157344,1.34185e+09
1608,indirect,0.00152779,1.34185e+09
1609,indirect,0.00175847,1.34185e+09
1610,indirect,0.0016029,1.34185e+09
1611,indirect,0.00123464,1.34185e+09
1612,direct,0.00143316,1.34185e+09
1613,direct,0.00171064,1.34185e+09
1614,direct,0.00153501,1.34185e+09
1612,indirect,0.00167991,1.34185e+09
1613,indirect,0.0018177,1.34185e+09
1614,indirect,0.00169911,1.34185e+09
1615,indirect,0.0012318,1.34185e+09
1616,indirect,0.00185721,1.34185e+09
1617,indirect,0.00184926,1.34185e+09
1618,indirect,0.00145679,1.34185e+09
1619,indirect,0.00275396,1.34185e+09
1620,indirect,0.00295312,1.34185e+09
1621,direct,0.00168685,1.34185e+09
1621,indirect,0.00226166,1.34185e+09
1622,indirect,0.00236834,1.34185e+09
1623,indirect,0.00141077,1.34185e+09
1624,indirect,0.000971068,1.34185e+09
1625,indirect,0.00166449,1.34185e+09
1626,indirect,0.00197835,1.34185e+09
1627,direct,0.00152553,1.34185e+09
1627,indirect,0.00193678,1.34185e+09
1628,direct,0.00143155,1.34185e+09
1629,direct,0.00163245,1.34185e+09
1628,indirect,0.00134875,1.34185e+09
1629,direct,0.000951773,1.34185e+09
1629,indirect,0.00154297,1.34185e+09
1630,indirect,0.00159134,1.34185e+09
1631,indirect,0.00229157,1.34185e+09
1632,indirect,0.00136767,1.34185e+09
1633,direct,0.00217163,1.34185e+09
1633,indirect,0.00131948,1.34185e+09
1634,indirect,0.00312719,1.34185e+09
1635,indirect,0.00229637,1.34185e+09
1636,direct,0.00214273,1.34185e+09
1636,indirect,0.0032026,1.34185e+09
1637,indirect,0.00220638,1.34185e+09
1638,indirect,0.00178205,1.34185e+09
1639,indirect,0.00190223,1.34185e+09
1640,indirect,0.00150218,1.34185e+09
1641,indirect,0.00226493,1.34185e+09
1642,indirect,0.00138764,1.34185e+09
1643,indirect,0.00156776,1.34185e+09
1644,direct,0.00173112,1.34185e+09
1644,indirect,0.00184528,1.34185e+09
1645,indirect,0.00161112,1.34185e+09
1646,indirect,0.00152629,1.34185e+09
1647,indirect,0.00120964,1.34185e+09
1648,indirect,0.00166439,1.34185e+09
1649,indirect,0.00191889,1.34185e+09
1650,indirect,0.00129905,1.34185e+09
1651,direct,0.0016106,1.34185e+09
1652,direct,0.00171506,1.34185e+09
1651,indirect,0.00205149,1.34185e+09
1652,direct,0.00180116,1.34185e+09
1653,direct,0.00143495,1.34185e+09
1652,indirect,0.00124614,1.34185e+09
1653,indirect,0.00208583,1.34185e+09
1654,indirect,0.00131408,1.34185e+09
1655,indirect,0.00185656,1.34185e+09
1656,direct,0.00160169,1.34185e+09
1657,direct,0.00158122,1.34185e+09
1656,indirect,0.00182755,1.34185e+09
1657,indirect,0.00168234,1.34185e+09
1658,direct,0.00185941,1.34185e+09
1659,direct,0.000985206,1.34185e+09
1660,direct,0.00203216,1.34185e+09
1658,indirect,0.00148969,1.34185e+09
1659,indirect,0.00235976,1.34185e+09
1660,indirect,0.00274192,1.34185e+09
1661,direct,0.00144437,1.34185e+09
1662,direct,0.00150668,1.34185e+09
1663,direct,0.00141432,1.34185e+09
1664,direct,0.00163202,1.34185e+09
1665,direct,0.00182995,1.34185e+09
1661,indirect,0.00167618,1.34185e+09
1662,indirect,0.00133493,1.34185e+09
1663,indirect,0.00181789,1.34185e+09
1664,direct,0.00225208,1.34185e+09
1665,direct,0.0023158,1.34185e+09
1664,indirect,0.00133947,1.34185e+09
1665,indirect,0.00241481,1.34185e+09
1666,indirect,0.00159599,1.34185e+09
1667,indirect,0.00248012,1.34185e+09
1668,direct,0.00179262,1.34185e+09
1669,direct,0.00184261,1.34185e+09
1668,indirect,0.00112184,1.34185e+09
1669,direct,0.00250949,1.34185e+09
1670,direct,0.00217482,1.34185e+09
1671,direct,0.00122447,1.34185e+09
1672,direct,0.00279237,1.34185e+09
FrameID,Type,Chi2,Timestamp
29,indirect,0,1.34185e+09
31,indirect,0,1.34185e+09
33,indirect,0,1.34185e+09
35,indirect,0,1.34185e+09
37,indirect,0,1.34185e+09
39,indirect,0,1.34185e+09
41,indirect,0,1.34185e+09
43,indirect,0,1.34185e+09
45,indirect,0,1.34185e+09
47,indirect,0,1.34185e+09
49,indirect,0,1.34185e+09
FrameID,Type,Chi2,Timestamp
29,indirect,0,1.34185e+09
FrameID,Type,Chi2,Timestamp
30,indirect,0,1.34185e+09
32,indirect,0,1.34185e+09
34,indirect,0,1.34185e+09
36,indirect,0,1.34185e+09
38,indirect,0,1.34185e+09
40,indirect,0,1.34185e+09
42,indirect,0,1.34185e+09
44,indirect,0,1.34185e+09
46,indirect,0,1.34185e+09
48,indirect,0,1.34185e+09
49,direct,0.00118178,1.34185e+09
50,direct,0.0011887,1.34185e+09
51,direct,0.000902216,1.34185e+09
49,indirect,0.00279431,1.34185e+09
50,direct,0.00225248,1.34185e+09
50,indirect,0.00268711,1.34185e+09
51,direct,0.00165253,1.34185e+09
51,indirect,0.00179715,1.34185e+09
52,direct,0.000793722,1.34185e+09
53,direct,0.00155881,1.34185e+09
54,direct,0.00204621,1.34185e+09
55,direct,0.00167769,1.34185e+09
56,direct,0.00122165,1.34185e+09
57,direct,0.00149991,1.34185e+09
58,direct,0.00161605,1.34185e+09
52,indirect,0.00160912,1.34185e+09
53,direct,0.00191899,1.34185e+09
54,direct,0.00127791,1.34185e+09
55,direct,0.00110641,1.34185e+09
56,direct,0.0014269,1.34185e+09
57,direct,0.00201093,1.34185e+09
58,direct,0.00172489,1.34185e+09
53,indirect,0.00188426,1.34185e+09
54,direct,0.000928278,1.34185e+09
55,direct,0.00151461,1.34185e+09
54,indirect,0.00199711,1.34185e+09
55,direct,0.00176665,1.34185e+09
55,indirect,0.00244177,1.34185e+09
56,direct,0.00208354,1.34185e+09
57,direct,0.00269125,1.34185e+09
58,direct,0.00206855,1.34185e+09
59,direct,0.00167308,1.34185e+09
60,direct,0.00254656,1.34185e+09
61,direct,0.0024596,1.34185e+09
62,direct,0.00219408,1.34185e+09
63,direct,0.00222961,1.34185e+09
64,direct,0.00249977,1.34185e+09
56,indirect,0.0027903,1.34185e+09
57,direct,0.000804616,1.34185e+09
58,direct,0.00152478,1.34185e+09
59,direct,0.00169052,1.34185e+09
FrameID,Type,Chi2,Timestamp
30,indirect,0,1.34185e+09
32,indirect,0,1.34185e+09
34,indirect,0,1.34185e+09
36,indirect,0,1.34185e+09
38,indirect,0,1.34185e+09
40,indirect,0,1.34185e+09
FrameID,Type,Chi2,Timestamp
31,indirect,0,1.34185e+09
33,indirect,0,1.34185e+09
35,indirect,0,1.34185e+09
37,indirect,0,1.34185e+09
FrameID,Type,Chi2,Timestamp
30,indirect,0,1.34185e+09
32,indirect,0,1.34185e+09
34,indirect,0,1.34185e+09
FrameID,Type,Chi2,Timestamp
31,indirect,0,1.34185e+09
33,indirect,0,1.34185e+09
35,indirect,0,1.34185e+09
37,indirect,0,1.34185e+09
39,indirect,0,1.34185e+09
41,indirect,0,1.34185e+09
43,indirect,0,1.34185e+09
45,indirect,0,1.34185e+09
47,indirect,0,1.34185e+09
49,indirect,0,1.34185e+09
51,indirect,0,1.34185e+09
53,indirect,0,1.34185e+09
55,indirect,0,1.34185e+09
57,indirect,0,1.34185e+09
59,indirect,0,1.34185e+09
61,indirect,0,1.34185e+09
FrameID,Type,Chi2,Timestamp
32,indirect,0,1.34185e+09
34,indirect,0,1.34185e+09
36,indirect,0,1.34185e+09
38,indirect,0,1.34185e+09
40,indirect,0,1.34185e+09
42,indirect,0,1.34185e+09
44,indirect,0,1.34185e+09
46,indirect,0,1.34185e+09
48,indirect,0,1.34185e+09
50,indirect,0,1.34185e+09
52,indirect,0,1.34185e+09
54,indirect,0,1.34185e+09
56,indirect,0,1.34185e+09
58,indirect,0,1.34185e+09
60,indirect,0,1.34185e+09
62,indirect,0,1.34185e+09
64,indirect,0,1.34185e+09
66,indirect,0,1.34185e+09
68,indirect,0,1.34185e+09
70,indirect,0,1.34185e+09
72,indirect,0,1.34185e+09
74,indirect,0,1.34185e+09
76,indirect,0,1.34185e+09
78,indirect,0,1.34185e+09
80,indirect,0,1.34185e+09
82,indirect,0,1.34185e+09
84,indirect,0,1.34185e+09
86,indirect,0,1.34185e+09
88,indirect,0,1.34185e+09
90,indirect,0,1.34185e+09
92,indirect,0,1.34185e+09
94,indirect,0,1.34185e+09
96,indirect,0,1.34185e+09
98,indirect,0,1.34185e+09
100,indirect,0,1.34185e+09
102,indirect,0,1.34185e+09
104,indirect,0,1.34185e+09
106,indirect,0,1.34185e+09
108,indirect,0,1.34185e+09
110,indirect,0,1.34185e+09
112,indirect,0,1.34185e+09
114,indirect,0,1.34185e+09
116,indirect,0,1.34185e+09
118,indirect,0,1.34185e+09
120,indirect,0,1.34185e+09
122,indirect,0,1.34185e+09
124,indirect,0,1.34185e+09
FrameID,Type,Chi2,Timestamp
30,indirect,0,1.34185e+09
32,indirect,0,1.34185e+09
34,indirect,0,1.34185e+09
36,indirect,0,1.34185e+09
38,indirect,0,1.34185e+09
40,indirect,0,1.34185e+09
42,indirect,0,1.34185e+09
44,indirect,0,1.34185e+09
46,indirect,0,1.34185e+09
48,indirect,0,1.34185e+09
50,indirect,0,1.34185e+09
52,indirect,0,1.34185e+09
54,indirect,0,1.34185e+09
56,indirect,0,1.34185e+09
58,indirect,0,1.34185e+09
60,indirect,0,1.34185e+09
62,indirect,0,1.34185e+09
64,indirect,0,1.34185e+09
66,indirect,0,1.34185e+09
68,indirect,0,1.34185e+09
70,indirect,0,1.34185e+09
72,indirect,0,1.34185e+09
74,indirect,0,1.34185e+09
76,indirect,0,1.34185e+09
78,indirect,0,1.34185e+09
80,indirect,0,1.34185e+09
82,indirect,0,1.34185e+09
84,indirect,0,1.34185e+09
86,indirect,0,1.34185e+09
88,indirect,0,1.34185e+09
90,indirect,0,1.34185e+09
92,indirect,0,1.34185e+09
94,indirect,0,1.34185e+09
96,indirect,0,1.34185e+09
98,indirect,0,1.34185e+09
100,indirect,0,1.34185e+09
102,indirect,0,1.34185e+09
104,indirect,0,1.34185e+09
106,indirect,0,1.34185e+09
108,indirect,0,1.34185e+09
110,indirect,0,1.34185e+09
112,indirect,0,1.34185e+09
114,indirect,0,1.34185e+09
116,indirect,0,1.34185e+09
118,indirect,0,1.34185e+09
120,indirect,0,1.34185e+09
122,indirect,0,1.34185e+09
124,indirect,0,1.34185e+09
126,indirect,0,1.34185e+09
128,indirect,0,1.34185e+09
130,indirect,0,1.34185e+09
132,indirect,0,1.34185e+09
134,indirect,0,1.34185e+09
136,indirect,0,1.34185e+09
138,indirect,0,1.34185e+09
140,indirect,0,1.34185e+09
142,indirect,0,1.34185e+09
144,indirect,0,1.34185e+09
146,indirect,0,1.34185e+09
148,indirect,0,1.34185e+09
150,indirect,0,1.34185e+09
152,indirect,0,1.34185e+09
154,indirect,0,1.34185e+09
156,indirect,0,1.34185e+09
158,indirect,0,1.34185e+09
160,indirect,0,1.34185e+09
162,indirect,0,1.34185e+09
164,indirect,0,1.34185e+09
166,indirect,0,1.34185e+09
168,indirect,0,1.34185e+09
170,indirect,0,1.34185e+09
172,indirect,0,1.34185e+09
174,indirect,0,1.34185e+09
176,indirect,0,1.34185e+09
178,indirect,0,1.34185e+09
180,indirect,0,1.34185e+09
182,indirect,0,1.34185e+09
184,indirect,0,1.34185e+09
186,indirect,0,1.34185e+09
188,indirect,0,1.34185e+09
190,indirect,0,1.34185e+09
192,indirect,0,1.34185e+09
194,indirect,0,1.34185e+09
196,indirect,0,1.34185e+09
198,indirect,0,1.34185e+09
200,indirect,0,1.34185e+09
202,indirect,0,1.34185e+09
204,indirect,0,1.34185e+09
206,indirect,0,1.34185e+09
208,indirect,0,1.34185e+09
210,indirect,0,1.34185e+09
212,indirect,0,1.34185e+09
214,indirect,0,1.34185e+09
216,indirect,0,1.34185e+09
218,indirect,0,1.34185e+09
220,indirect,0,1.34185e+09
222,indirect,0,1.34185e+09
224,indirect,0,1.34185e+09
226,indirect,0,1.34185e+09
228,indirect,0,1.34185e+09
FrameID,Type,Chi2,Timestamp
30,indirect,0,1.34185e+09
32,indirect,0,1.34185e+09
34,indirect,0,1.34185e+09
36,indirect,0,1.34185e+09
38,indirect,0,1.34185e+09
40,indirect,0,1.34185e+09
42,indirect,0,1.34185e+09
44,indirect,0,1.34185e+09
46,indirect,0,1.34185e+09
48,indirect,0,1.34185e+09
50,indirect,0,1.34185e+09
52,indirect,0,1.34185e+09
54,indirect,0,1.34185e+09
56,indirect,0,1.34185e+09
58,indirect,0,1.34185e+09
60,indirect,0,1.34185e+09
62,indirect,0,1.34185e+09
64,indirect,0,1.34185e+09
66,indirect,0,1.34185e+09
68,indirect,0,1.34185e+09
70,indirect,0,1.34185e+09
72,indirect,0,1.34185e+09
74,indirect,0,1.34185e+09
76,indirect,0,1.34185e+09
78,indirect,0,1.34185e+09
80,indirect,0,1.34185e+09
82,indirect,0,1.34185e+09
84,indirect,0,1.34185e+09
86,indirect,0,1.34185e+09
88,indirect,0,1.34185e+09
90,indirect,0,1.34185e+09
92,indirect,0,1.34185e+09
94,indirect,0,1.34185e+09
96,indirect,0,1.34185e+09
98,indirect,0,1.34185e+09
100,indirect,0,1.34185e+09
102,indirect,0,1.34185e+09
104,indirect,0,1.34185e+09
106,indirect,0,1.34185e+09
108,indirect,0,1.34185e+09
110,indirect,0,1.34185e+09
FrameID,Type,Chi2,Timestamp
30,indirect,0,1.34185e+09
32,indirect,0,1.34185e+09
34,indirect,0,1.34185e+09
36,indirect,0,1.34185e+09
38,indirect,0,1.34185e+09
40,indirect,0,1.34185e+09
42,indirect,0,1.34185e+09
44,indirect,0,1.34185e+09
46,indirect,0,1.34185e+09
48,indirect,0,1.34185e+09
50,indirect,0,1.34185e+09
52,indirect,0,1.34185e+09
54,indirect,0,1.34185e+09
56,indirect,0,1.34185e+09
58,indirect,0,1.34185e+09
60,indirect,0,1.34185e+09
62,indirect,0,1.34185e+09
64,indirect,0,1.34185e+09
66,indirect,0,1.34185e+09
68,indirect,0,1.34185e+09
70,indirect,0,1.34185e+09
FrameID,Type,Chi2,Timestamp
25,indirect,0,1.34185e+09
27,indirect,0,1.34185e+09
29,indirect,0,1.34185e+09
31,indirect,0,1.34185e+09
33,indirect,0,1.34185e+09
35,indirect,0,1.34185e+09
37,indirect,0,1.34185e+09
39,indirect,0,1.34185e+09
41,indirect,0,1.34185e+09
43,indirect,0,1.34185e+09
45,indirect,0,1.34185e+09
47,indirect,0,1.34185e+09
49,indirect,0,1.34185e+09
51,indirect,0,1.34185e+09
53,indirect,0,1.34185e+09
55,indirect,0,1.34185e+09
57,indirect,0,1.34185e+09
59,indirect,0,1.34185e+09
61,indirect,0,1.34185e+09
63,indirect,0,1.34185e+09
65,indirect,0,1.34185e+09
67,indirect,0,1.34185e+09
69,indirect,0,1.34185e+09
71,indirect,0,1.34185e+09
73,indirect,0,1.34185e+09
75,indirect,0,1.34185e+09
77,indirect,0,1.34185e+09
79,indirect,0,1.34185e+09
81,indirect,0,1.34185e+09
83,indirect,0,1.34185e+09
85,indirect,0,1.34185e+09
87,indirect,0,1.34185e+09
89,indirect,0,1.34185e+09
91,indirect,0,1.34185e+09
93,indirect,0,1.34185e+09
95,indirect,0,1.34185e+09
97,indirect,0,1.34185e+09
99,indirect,0,1.34185e+09
101,indirect,0,1.34185e+09
103,indirect,0,1.34185e+09
105,indirect,0,1.34185e+09
107,indirect,0,1.34185e+09
109,indirect,0,1.34185e+09
111,indirect,0,1.34185e+09
113,indirect,0,1.34185e+09
115,indirect,0,1.34185e+09
117,indirect,0,1.34185e+09
119,indirect,0,1.34185e+09
121,indirect,0,1.34185e+09
123,indirect,0,1.34185e+09
FrameID,Type,Chi2,Timestamp
31,indirect,0,1.34185e+09
FrameID,Type,Chi2,Timestamp
30,indirect,0,1.34185e+09
FrameID,Type,Chi2,Timestamp
30,indirect,0,1.34185e+09
FrameID,Type,Chi2,Timestamp
30,indirect,0,1.34185e+09
FrameID,Type,Chi2,Timestamp
29,indirect,0,1.34185e+09
FrameID,Type,Chi2,Timestamp
30,indirect,0,1.34185e+09
32,indirect,0,1.34185e+09
34,indirect,0,1.34185e+09
36,indirect,0,1.34185e+09
38,indirect,0,1.34185e+09
40,indirect,0,1.34185e+09
42,indirect,0,1.34185e+09
44,indirect,0,1.34185e+09
46,indirect,0,1.34185e+09
48,indirect,0,1.34185e+09
49,direct,0.00121195,1.34185e+09
FrameID,Type,Chi2,Timestamp
30,indirect,0,1.34185e+09
32,indirect,0,1.34185e+09
34,indirect,0,1.34185e+09
36,indirect,0,1.34185e+09
38,indirect,0,1.34185e+09
40,indirect,0,1.34185e+09
42,indirect,0,1.34185e+09
44,indirect,0,1.34185e+09
46,indirect,0,1.34185e+09
48,indirect,0,1.34185e+09
49,direct,0.00120035,1.34185e+09
FrameID,Type,Chi2,Timestamp
30,indirect,0,1.34185e+09
32,indirect,0,1.34185e+09
34,indirect,0,1.34185e+09
36,indirect,0,1.34185e+09
38,indirect,0,1.34185e+09
40,indirect,0,1.34185e+09
42,indirect,0,1.34185e+09
44,indirect,0,1.34185e+09
46,indirect,0,1.34185e+09
48,indirect,0,1.34185e+09
49,direct,0.00119267,1.34185e+09
FrameID,Type,Chi2,Timestamp
30,indirect,0,1.34185e+09
32,indirect,0,1.34185e+09
34,indirect,0,1.34185e+09
36,indirect,0,1.34185e+09
38,indirect,0,1.34185e+09
40,indirect,0,1.34185e+09
42,indirect,0,1.34185e+09
44,indirect,0,1.34185e+09
46,indirect,0,1.34185e+09
48,indirect,0,1.34185e+09
FrameID,Type,Chi2,Timestamp
30,indirect,0,1.34185e+09
32,indirect,0,1.34185e+09
34,indirect,0,1.34185e+09
36,indirect,0,1.34185e+09
38,indirect,0,1.34185e+09
40,indirect,0,1.34185e+09
42,indirect,0,1.34185e+09
44,indirect,0,1.34185e+09
46,indirect,0,1.34185e+09
48,indirect,0,1.34185e+09
FrameID,Type,Chi2,Timestamp
30,indirect,0,1.34185e+09
32,indirect,0,1.34185e+09
34,indirect,0,1.34185e+09
36,indirect,0,1.34185e+09
38,indirect,0,1.34185e+09
40,indirect,0,1.34185e+09
42,indirect,0,1.34185e+09
44,indirect,0,1.34185e+09
46,indirect,0,1.34185e+09
48,indirect,0,1.34185e+09
49,direct,0.00119005,1.34185e+09
50,direct,0.00119326,1.34185e+09
51,direct,0.000901453,1.34185e+09
52,direct,0.00281585,1.34185e+09
53,direct,0.0012618,1.34185e+09
49,indirect,0.0020057,1.34185e+09
50,indirect,0.0020057,1.34185e+09
51,indirect,0.0020057,1.34185e+09
52,indirect,0.0020057,1.34185e+09
53,indirect,0.0020057,1.34185e+09
FrameID,Type,Chi2,Timestamp
30,indirect,0,1.34185e+09
32,indirect,0,1.34185e+09
34,indirect,0,1.34185e+09
36,indirect,0,1.34185e+09
38,indirect,0,1.34185e+09
40,indirect,0,1.34185e+09
42,indirect,0,1.34185e+09
44,indirect,0,1.34185e+09
46,indirect,0,1.34185e+09
48,indirect,0,1.34185e+09
FrameID,Type,Chi2,Timestamp
30,indirect,0,1.34185e+09
32,indirect,0,1.34185e+09
34,indirect,0,1.34185e+09
36,indirect,0,1.34185e+09
38,indirect,0,1.34185e+09
40,indirect,0,1.34185e+09
42,indirect,0,1.34185e+09
44,indirect,0,1.34185e+09
46,indirect,0,1.34185e+09
48,indirect,0,1.34185e+09
49,direct,0.00119352,1.34185e+09
50,direct,0.00119078,1.34185e+09
51,direct,0.000903488,1.34185e+09
FrameID,Type,Chi2,Timestamp
30,indirect,0,1.34185e+09
32,indirect,0,1.34185e+09
34,indirect,0,1.34185e+09
36,indirect,0,1.34185e+09
38,indirect,0,1.34185e+09
40,indirect,0,1.34185e+09
42,indirect,0,1.34185e+09
44,indirect,0,1.34185e+09
46,indirect,0,1.34185e+09
48,indirect,0,1.34185e+09
49,direct,0.00119504,1.34185e+09
50,direct,0.00120409,1.34185e+09
51,direct,0.000903942,1.34185e+09
52,direct,0.0028156,1.34185e+09
53,direct,0.00126234,1.34185e+09
54,direct,0.00201681,1.34185e+09
55,direct,0.00176918,1.34185e+09
56,direct,0.00184499,1.34185e+09
57,direct,0.00195386,1.34185e+09
FrameID,Type,Chi2,Timestamp
29,indirect,0,1.34185e+09
31,indirect,0,1.34185e+09
33,indirect,0,1.34185e+09
35,indirect,0,1.34185e+09
37,indirect,0,1.34185e+09
39,indirect,0,1.34185e+09
41,indirect,0,1.34185e+09
43,indirect,0,1.34185e+09
45,indirect,0,1.34185e+09
47,indirect,0,1.34185e+09
48,direct,0.000977108,1.34185e+09
49,direct,0.00118098,1.34185e+09
50,direct,0.0014455,1.34185e+09
51,direct,0.00127088,1.34185e+09
52,direct,0.0032596,1.34185e+09
53,direct,0.00145933,1.34185e+09
54,direct,0.00194319,1.34185e+09
55,direct,0.00176045,1.34185e+09
56,direct,0.00190291,1.34185e+09
48,indirect,0.00205815,1.34185e+09
57,direct,0.00205815,1.34185e+09
57,direct,0.00205815,1.34185e+09
57,direct,0.00205815,1.34185e+09
49,direct,0.00112873,1.34185e+09
50,direct,0.00131304,1.34185e+09
51,direct,0.00168657,1.34185e+09
52,direct,0.00174768,1.34185e+09
53,direct,0.00244119,1.34185e+09
54,direct,0.00196735,1.34185e+09
55,direct,0.00173531,1.34185e+09
56,direct,0.00203494,1.34185e+09
57,direct,0.00219175,1.34185e+09
FrameID,Type,Chi2,Timestamp
30,indirect,0,1.34185e+09
32,indirect,0,1.34185e+09
34,indirect,0,1.34185e+09
36,indirect,0,1.34185e+09
38,indirect,0,1.34185e+09
40,indirect,0,1.34185e+09
42,indirect,0,1.34185e+09
44,indirect,0,1.34185e+09
46,indirect,0,1.34185e+09
48,indirect,0,1.34185e+09
49,direct,0.00117277,1.34185e+09
50,direct,0.00117317,1.34185e+09
51,direct,0.000886654,1.34185e+09
52,direct,0.00282758,1.34185e+09
53,direct,0.00125558,1.34185e+09
54,direct,0.00215081,1.34185e+09
55,direct,0.0017337,1.34185e+09
56,direct,0.00185333,1.34185e+09
57,direct,0.00193319,1.34185e+09
FrameID,Type,Chi2,Timestamp
30,indirect,0,1.34185e+09
32,indirect,0,1.34185e+09
34,indirect,0,1.34185e+09
36,indirect,0,1.34185e+09
38,indirect,0,1.34185e+09
40,indirect,0,1.34185e+09
42,indirect,0,1.34185e+09
44,indirect,0,1.34185e+09
46,indirect,0,1.34185e+09
48,indirect,0,1.34185e+09
49,direct,0.00120488,1.34185e+09
50,direct,0.00119268,1.34185e+09
51,direct,0.00089511,1.34185e+09
52,direct,0.00279785,1.34185e+09
53,direct,0.0012568,1.34185e+09
54,direct,0.00200591,1.34185e+09
55,direct,0.00177357,1.34185e+09
56,direct,0.00187757,1.34185e+09
57,direct,0.00196539,1.34185e+09
FrameID,Type,Chi2,Timestamp
30,indirect,0,1.34185e+09
32,indirect,0,1.34185e+09
34,indirect,0,1.34185e+09
36,indirect,0,1.34185e+09
38,indirect,0,1.34185e+09
40,indirect,0,1.34185e+09
42,indirect,0,1.34185e+09
44,indirect,0,1.34185e+09
46,indirect,0,1.34185e+09
48,indirect,0,1.34185e+09
49,direct,0.00121357,1.34185e+09
50,direct,0.0012131,1.34185e+09
51,direct,0.000911286,1.34185e+09
52,direct,0.0028005,1.34185e+09
53,direct,0.0012759,1.34185e+09
54,direct,0.00200934,1.34185e+09
55,direct,0.00174854,1.34185e+09
56,direct,0.00184603,1.34185e+09
57,direct,0.00192302,1.34185e+09
FrameID,Type,Chi2,Timestamp
29,indirect,0,1.34185e+09
31,indirect,0,1.34185e+09
33,indirect,0,1.34185e+09
35,indirect,0,1.34185e+09
37,indirect,0,1.34185e+09
39,indirect,0,1.34185e+09
41,indirect,0,1.34185e+09
43,indirect,0,1.34185e+09
45,indirect,0,1.34185e+09
47,indirect,0,1.34185e+09
48,direct,0.00099276,1.34185e+09
49,direct,0.00117625,1.34185e+09
50,direct,0.00143782,1.34185e+09
51,direct,0.0012931,1.34185e+09
52,direct,0.00327115,1.34185e+09
53,direct,0.00146589,1.34185e+09
54,direct,0.00194408,1.34185e+09
55,direct,0.00174859,1.34185e+09
56,direct,0.00187835,1.34185e+09
48,indirect,0.00201869,1.34185e+09
57,direct,0.00201869,1.34185e+09
57,direct,0.00201869,1.34185e+09
57,direct,0.00201869,1.34185e+09
49,direct,0.00112494,1.34185e+09
50,direct,0.0012895,1.34185e+09
51,direct,0.00168439,1.34185e+09
52,direct,0.00175201,1.34185e+09
53,direct,0.00242058,1.34185e+09
54,direct,0.00188775,1.34185e+09
55,direct,0.00175128,1.34185e+09
56,direct,0.00201998,1.34185e+09
57,direct,0.00223188,1.34185e+09
49,indirect,0.00182307,1.34185e+09
58,direct,0.00182307,1.34185e+09
58,direct,0.00182307,1.34185e+09
FrameID,Type,Chi2,Timestamp
29,indirect,0,1.34185e+09
31,indirect,0,1.34185e+09
33,indirect,0,1.34185e+09
35,indirect,0,1.34185e+09
37,indirect,0,1.34185e+09
39,indirect,0,1.34185e+09
41,indirect,0,1.34185e+09
43,indirect,0,1.34185e+09
45,indirect,0,1.34185e+09
47,indirect,0,1.34185e+09
48,direct,0.000985421,1.34185e+09
49,direct,0.00117853,1.34185e+09
50,direct,0.00144085,1.34185e+09
51,direct,0.00128669,1.34185e+09
52,direct,0.00326141,1.34185e+09
53,direct,0.00148597,1.34185e+09
54,direct,0.00191749,1.34185e+09
55,direct,0.00179647,1.34185e+09
56,direct,0.00191475,1.34185e+09
48,indirect,0.0020868,1.34185e+09
57,direct,0.0020868,1.34185e+09
57,direct,0.0020868,1.34185e+09
49,direct,0.00184754,1.34185e+09
50,direct,0.00115966,1.34185e+09
51,direct,0.0013155,1.34185e+09
52,direct,0.00160355,1.34185e+09
53,direct,0.00169943,1.34185e+09
54,direct,0.00244731,1.34185e+09
55,direct,0.00188206,1.34185e+09
56,direct,0.00177065,1.34185e+09
57,direct,0.0019987,1.34185e+09
49,indirect,0.00219629,1.34185e+09
58,direct,0.00219629,1.34185e+09
58,direct,0.00219629,1.34185e+09
50,direct,0.00210447,1.34185e+09
51,direct,0.00241717,1.34185e+09
52,direct,0.00253096,1.34185e+09
53,direct,0.00250724,1.34185e+09
54,direct,0.0027934,1.34185e+09
55,direct,0.00249671,1.34185e+09
56,direct,0.00235798,1.34185e+09
57,direct,0.00261178,1.34185e+09
58,direct,0.002754,1.34185e+09
50,indirect,0.00271865,1.34185e+09
59,direct,0.00271865,1.34185e+09
59,direct,0.00271865,1.34185e+09
51,direct,0.00129621,1.34185e+09
52,direct,0.001354,1.34185e+09
53,direct,0.00192581,1.34185e+09
54,direct,0.00183087,1.34185e+09
55,direct,0.00185889,1.34185e+09
56,direct,0.00206285,1.34185e+09
57,direct,0.00171338,1.34185e+09
58,direct,0.00227206,1.34185e+09
59,direct,0.00229718,1.34185e+09
FrameID,Type,Chi2,Timestamp
30,indirect,0,1.34185e+09
32,indirect,0,1.34185e+09
34,indirect,0,1.34185e+09
36,indirect,0,1.34185e+09
38,indirect,0,1.34185e+09
40,indirect,0,1.34185e+09
42,indirect,0,1.34185e+09
44,indirect,0,1.34185e+09
46,indirect,0,1.34185e+09
48,indirect,0,1.34185e+09
49,direct,0.00119659,1.34185e+09
50,direct,0.00121473,1.34185e+09
51,direct,0.000895322,1.34185e+09
52,direct,0.00284273,1.34185e+09
53,direct,0.00128948,1.34185e+09
54,direct,0.00203336,1.34185e+09
55,direct,0.00179473,1.34185e+09
56,direct,0.00184595,1.34185e+09
57,direct,0.00193317,1.34185e+09
49,indirect,0.00206809,1.34185e+09
58,direct,0.00206809,1.34185e+09
58,direct,0.00206809,1.34185e+09
50,direct,0.0017101,1.34185e+09
51,direct,0.00215076,1.34185e+09
52,direct,0.00211428,1.34185e+09
53,direct,0.00199183,1.34185e+09
54,direct,0.00251195,1.34185e+09
55,direct,0.00231873,1.34185e+09
56,direct,0.00222193,1.34185e+09
57,direct,0.00237527,1.34185e+09
58,direct,0.00266183,1.34185e+09
50,indirect,0.00243855,1.34185e+09
59,direct,0.00243855,1.34185e+09
59,direct,0.00243855,1.34185e+09
51,direct,0.0018639,1.34185e+09
52,direct,0.00227009,1.34185e+09
53,direct,0.00209448,1.34185e+09
54,direct,0.00253766,1.34185e+09
55,direct,0.00194266,1.34185e+09
56,direct,0.0020395,1.34185e+09
57,direct,0.00212159,1.34185e+09
58,direct,0.00233338,1.34185e+09
59,direct,0.00244588,1.34185e+09
51,indirect,0.00249668,1.34185e+09
60,direct,0.00249668,1.34185e+09
60,direct,0.00249668,1.34185e+09
52,direct,0.00157777,1.34185e+09
53,direct,0.00201855,1.34185e+09
54,direct,0.00195158,1.34185e+09
55,direct,0.00190871,1.34185e+09
56,direct,0.00200102,1.34185e+09
57,direct,0.00174258,1.34185e+09
58,direct,0.00216384,1.34185e+09
59,direct,0.00220031,1.34185e+09
60,direct,0.00257427,1.34185e+09
52,indirect,0.00231869,1.34185e+09
61,direct,0.00231869,1.34185e+09
61,direct,0.00231869,1.34185e+09
53,direct,0.00125126,1.34185e+09
54,direct,0.00220194,1.34185e+09
55,direct,0.00195616,1.34185e+09
56,direct,0.00183408,1.34185e+09
57,direct,0.00188327,1.34185e+09
58,direct,0.00244636,1.34185e+09
59,direct,0.00277467,1.34185e+09
60,direct,0.00278905,1.34185e+09
61,direct,0.0027094,1.34185e+09
53,indirect,0.00244799,1.34185e+09
62,direct,0.00244799,1.34185e+09
62,direct,0.00244799,1.34185e+09
54,direct,0.00124913,1.34185e+09
55,direct,0.00182075,1.34185e+09
56,direct,0.00142002,1.34185e+09
57,direct,0.00143627,1.34185e+09
58,direct,0.00251889,1.34185e+09
59,direct,0.00165566,1.34185e+09
60,direct,0.00208359,1.34185e+09
61,direct,0.00199167,1.34185e+09
62,direct,0.00182132,1.34185e+09
54,indirect,0.00215291,1.34185e+09
63,direct,0.00215291,1.34185e+09
63,direct,0.00215291,1.34185e+09
55,direct,0.00296207,1.34185e+09
56,direct,0.00150846,1.34185e+09
57,direct,0.00188263,1.34185e+09
58,direct,0.00217146,1.34185e+09
59,direct,0.00203951,1.34185e+09
60,direct,0.00266258,1.34185e+09
61,direct,0.00214156,1.34185e+09
62,direct,0.00218838,1.34185e+09
63,direct,0.00283834,1.34185e+09
55,indirect,0.00269362,1.34185e+09
64,direct,0.00269362,1.34185e+09
64,direct,0.00269362,1.34185e+09
56,direct,0.00109377,1.34185e+09
57,direct,0.00166167,1.34185e+09
58,direct,0.00191593,1.34185e+09
59,direct,0.00210029,1.34185e+09
60,direct,0.00202722,1.34185e+09
61,direct,0.00205802,1.34185e+09
62,direct,0.00212486,1.34185e+09
63,direct,0.00233007,1.34185e+09
64,direct,0.0023004,1.34185e+09
56,indirect,0.00240508,1.34185e+09
65,direct,0.00240508,1.34185e+09
65,direct,0.00240508,1.34185e+09
57,direct,0.000967144,1.34185e+09
58,direct,0.00120493,1.34185e+09
59,direct,0.00183772,1.34185e+09
60,direct,0.00142838,1.34185e+09
61,direct,0.00148502,1.34185e+09
62,direct,0.00150828,1.34185e+09
63,direct,0.00160384,1.34185e+09
64,direct,0.00169541,1.34185e+09
65,direct,0.00169545,1.34185e+09
57,indirect,0.00172033,1.34185e+09
66,direct,0.00172033,1.34185e+09
66,direct,0.00172033,1.34185e+09
58,direct,0.00143151,1.34185e+09
59,direct,0.00148044,1.34185e+09
60,direct,0.00229941,1.34185e+09
61,direct,0.00176545,1.34185e+09
62,direct,0.00274034,1.34185e+09
58,indirect,0.00417553,1.34185e+09
63,direct,0.00417553,1.34185e+09
63,direct,0.00417553,1.34185e+09
59,indirect,0.00356201,1.34185e+09
59,direct,0.00356201,1.34185e+09
59,direct,0.00356201,1.34185e+09
60,direct,0.00142047,1.34185e+09
61,direct,0.00160053,1.34185e+09
62,direct,0.00167205,1.34185e+09
63,direct,0.00118984,1.34185e+09
64,direct,0.00136243,1.34185e+09
65,direct,0.00213031,1.34185e+09
66,direct,0.0021462,1.34185e+09
67,direct,0.00196198,1.34185e+09
68,direct,0.00246241,1.34185e+09
60,indirect,0.00269306,1.34185e+09
69,direct,0.00269306,1.34185e+09
69,direct,0.00269306,1.34185e+09
61,direct,0.00168855,1.34185e+09
62,direct,0.00228907,1.34185e+09
63,direct,0.00183602,1.34185e+09
64,direct,0.00214058,1.34185e+09
65,direct,0.00225795,1.34185e+09
66,direct,0.00197669,1.34185e+09
67,direct,0.00150747,1.34185e+09
68,direct,0.00244224,1.34185e+09
69,direct,0.00243343,1.34185e+09
61,indirect,0.00240725,1.34185e+09
70,direct,0.00240725,1.34185e+09
70,direct,0.00240725,1.34185e+09
62,direct,0.00156033,1.34185e+09
63,direct,0.00113051,1.34185e+09
64,direct,0.00146001,1.34185e+09
65,direct,0.00149426,1.34185e+09
66,direct,0.00180688,1.34185e+09
67,direct,0.0018779,1.34185e+09
68,direct,0.0018077,1.34185e+09
69,direct,0.00168759,1.34185e+09
70,direct,0.0020115,1.34185e+09
62,indirect,0.00230232,1.34185e+09
71,direct,0.00230232,1.34185e+09
71,direct,0.00230232,1.34185e+09
63,direct,0.00149798,1.34185e+09
64,direct,0.00117879,1.34185e+09
65,direct,0.00154187,1.34185e+09
66,direct,0.00179405,1.34185e+09
67,direct,0.00267131,1.34185e+09
68,direct,0.00259201,1.34185e+09
69,direct,0.00256782,1.34185e+09
70,direct,0.00264727,1.34185e+09
71,direct,0.00261781,1.34185e+09
63,indirect,0.00284543,1.34185e+09
72,direct,0.00284543,1.34185e+09
72,direct,0.00284543,1.34185e+09
64,direct,0.00138795,1.34185e+09
65,direct,0.00218015,1.34185e+09
66,direct,0.00224875,1.34185e+09
67,direct,0.00236141,1.34185e+09
68,direct,0.00237595,1.34185e+09
69,direct,0.00256611,1.34185e+09
70,direct,0.00280751,1.34185e+09
71,direct,0.00280021,1.34185e+09
72,direct,0.00300801,1.34185e+09
64,indirect,0.00307337,1.34185e+09
73,direct,0.00307337,1.34185e+09
73,direct,0.00307337,1.34185e+09
65,direct,0.0021607,1.34185e+09
66,direct,0.00191876,1.34185e+09
67,direct,0.00232497,1.34185e+09
68,direct,0.0025066,1.34185e+09
69,direct,0.00212098,1.34185e+09
70,direct,0.00295741,1.34185e+09
71,direct,0.0025416,1.34185e+09
72,direct,0.0025704,1.34185e+09
73,direct,0.00272009,1.34185e+09
65,indirect,0.003194,1.34185e+09
74,direct,0.003194,1.34185e+09
74,direct,0.003194,1.34185e+09
66,direct,0.00201529,1.34185e+09
67,direct,0.00204734,1.34185e+09
68,direct,0.00201369,1.34185e+09
69,direct,0.0011259,1.34185e+09
70,direct,0.00144264,1.34185e+09
71,direct,0.00198788,1.34185e+09
72,direct,0.00220483,1.34185e+09
73,direct,0.00240539,1.34185e+09
74,direct,0.00213049,1.34185e+09
66,indirect,0.0023355,1.34185e+09
75,direct,0.0023355,1.34185e+09
75,direct,0.0023355,1.34185e+09
67,direct,0.0014512,1.34185e+09
68,direct,0.00134967,1.34185e+09
69,direct,0.00146476,1.34185e+09
70,direct,0.00120591,1.34185e+09
71,direct,0.00253454,1.34185e+09
72,direct,0.00278343,1.34185e+09
73,direct,0.00295032,1.34185e+09
67,indirect,0.00352032,1.34185e+09
74,direct,0.00352032,1.34185e+09
74,direct,0.00352032,1.34185e+09
68,direct,0.00178231,1.34185e+09
69,direct,0.00169668,1.34185e+09
70,direct,0.00137971,1.34185e+09
71,direct,0.00179823,1.34185e+09
72,direct,0.00228741,1.34185e+09
73,direct,0.00234351,1.34185e+09
74,direct,0.00207508,1.34185e+09
75,direct,0.00142502,1.34185e+09
76,direct,0.00260419,1.34185e+09
68,indirect,0.00274294,1.34185e+09
77,direct,0.00274294,1.34185e+09
77,direct,0.00274294,1.34185e+09
69,direct,0.00150231,1.34185e+09
70,direct,0.00198083,1.34185e+09
71,direct,0.00119664,1.34185e+09
72,direct,0.00121571,1.34185e+09
73,direct,0.00134927,1.34185e+09
74,direct,0.00134516,1.34185e+09
75,direct,0.00137506,1.34185e+09
76,direct,0.00135306,1.34185e+09
77,direct,0.00190458,1.34185e+09
69,indirect,0.00174639,1.34185e+09
78,direct,0.00174639,1.34185e+09
78,direct,0.00174639,1.34185e+09
70,direct,0.00121761,1.34185e+09
71,direct,0.00117879,1.34185e+09
72,direct,0.00128374,1.34185e+09
73,direct,0.00114244,1.34185e+09
74,direct,0.00133089,1.34185e+09
75,direct,0.00208746,1.34185e+09
76,direct,0.00202499,1.34185e+09
77,direct,0.00155062,1.34185e+09
78,direct,0.0022906,1.34185e+09
70,indirect,0.00181643,1.34185e+09
79,direct,0.00181643,1.34185e+09
79,direct,0.00181643,1.34185e+09
71,direct,0.00158187,1.34185e+09
72,direct,0.00147713,1.34185e+09
73,direct,0.00133106,1.34185e+09
74,direct,0.00167115,1.34185e+09
75,direct,0.00173201,1.34185e+09
76,direct,0.00118833,1.34185e+09
77,direct,0.00163902,1.34185e+09
78,direct,0.00305863,1.34185e+09
79,direct,0.00329767,1.34185e+09
71,indirect,0.00404705,1.34185e+09
80,direct,0.00404705,1.34185e+09
80,direct,0.00404705,1.34185e+09
72,direct,0.00313739,1.34185e+09
73,direct,0.00176825,1.34185e+09
74,direct,0.00205591,1.34185e+09
75,direct,0.00198208,1.34185e+09
76,direct,0.00237665,1.34185e+09
77,direct,0.00246092,1.34185e+09
78,direct,0.00166219,1.34185e+09
79,direct,0.00244184,1.34185e+09
80,direct,0.00238657,1.34185e+09
72,indirect,0.0023256,1.34185e+09
81,direct,0.0023256,1.34185e+09
81,direct,0.0023256,1.34185e+09
73,direct,0.00125267,1.34185e+09
74,direct,0.00160678,1.34185e+09
75,direct,0.00220952,1.34185e+09
76,direct,0.0023844,1.34185e+09
77,direct,0.00314793,1.34185e+09
78,direct,0.00291013,1.34185e+09
79,direct,0.00245759,1.34185e+09
80,direct,0.00278105,1.34185e+09
73,indirect,0.00427843,1.34185e+09
81,direct,0.00427843,1.34185e+09
81,direct,0.00427843,1.34185e+09
74,indirect,0.00522497,1.34185e+09
74,direct,0.00522497,1.34185e+09
74,direct,0.00522497,1.34185e+09
75,indirect,0.00565545,1.34185e+09
75,direct,0.00565545,1.34185e+09
75,direct,0.00565545,1.34185e+09
76,indirect,0.0055142,1.34185e+09
76,direct,0.0055142,1.34185e+09
76,direct,0.0055142,1.34185e+09
77,indirect,0.00641316,1.34185e+09
77,direct,0.00641316,1.34185e+09
77,direct,0.00641316,1.34185e+09
78,direct,0.00345296,1.34185e+09
78,indirect,0.00461004,1.34185e+09
79,direct,0.00461004,1.34185e+09
79,direct,0.00461004,1.34185e+09
79,indirect,0.0043717,1.34185e+09
79,direct,0.0043717,1.34185e+09
79,direct,0.0043717,1.34185e+09
80,indirect,0.00486288,1.34185e+09
80,direct,0.00486288,1.34185e+09
80,direct,0.00486288,1.34185e+09
81,indirect,0.00437705,1.34185e+09
81,direct,0.00437705,1.34185e+09
81,direct,0.00437705,1.34185e+09
82,indirect,0.00747383,1.34185e+09
82,direct,0.00747383,1.34185e+09
82,direct,0.00747383,1.34185e+09
83,indirect,0.00805427,1.34185e+09
83,direct,0.00805427,1.34185e+09
83,direct,0.00805427,1.34185e+09
84,indirect,0.00933742,1.34185e+09
84,direct,0.00933742,1.34185e+09
84,direct,0.00933742,1.34185e+09
85,indirect,0.00486318,1.34185e+09
85,direct,0.00486318,1.34185e+09
85,direct,0.00486318,1.34185e+09
86,direct,0.00260273,1.34185e+09
86,indirect,0.00358535,1.34185e+09
87,direct,0.00358535,1.34185e+09
87,direct,0.00358535,1.34185e+09
87,indirect,0.00496458,1.34185e+09
87,direct,0.00496458,1.34185e+09
87,direct,0.00496458,1.34185e+09
88,indirect,0.00554335,1.34185e+09
88,direct,0.00554335,1.34185e+09
88,direct,0.00554335,1.34185e+09
89,indirect,0.00355336,1.34185e+09
89,direct,0.00355336,1.34185e+09
89,direct,0.00355336,1.34185e+09
90,direct,0.00346222,1.34185e+09
90,indirect,0.00391453,1.34185e+09
91,direct,0.00391453,1.34185e+09
91,direct,0.00391453,1.34185e+09
91,indirect,0.00441367,1.34185e+09
91,direct,0.00441367,1.34185e+09
91,direct,0.00441367,1.34185e+09
92,direct,0.00349705,1.34185e+09
93,direct,0.00286318,1.34185e+09
92,indirect,0.003971,1.34185e+09
94,direct,0.003971,1.34185e+09
94,direct,0.003971,1.34185e+09
93,indirect,0.00418696,1.34185e+09
93,direct,0.00418696,1.34185e+09
93,direct,0.00418696,1.34185e+09
94,indirect,0.00485666,1.34185e+09
94,direct,0.00485666,1.34185e+09
94,direct,0.00485666,1.34185e+09
95,indirect,0.00501357,1.34185e+09
95,direct,0.00501357,1.34185e+09
95,direct,0.00501357,1.34185e+09
96,indirect,0.00404881,1.34185e+09
96,direct,0.00404881,1.34185e+09
96,direct,0.00404881,1.34185e+09
97,direct,0.003468,1.34185e+09
97,indirect,0.00378038,1.34185e+09
98,direct,0.00378038,1.34185e+09
98,direct,0.00378038,1.34185e+09
98,indirect,0.00514767,1.34185e+09
98,direct,0.00514767,1.34185e+09
98,direct,0.00514767,1.34185e+09
99,indirect,0.00580073,1.34185e+09
99,direct,0.00580073,1.34185e+09
99,direct,0.00580073,1.34185e+09
100,indirect,0.00677076,1.34185e+09
100,direct,0.00677076,1.34185e+09
100,direct,0.00677076,1.34185e+09
101,indirect,0.00616703,1.34185e+09
101,direct,0.00616703,1.34185e+09
101,direct,0.00616703,1.34185e+09
102,indirect,0.00589838,1.34185e+09
102,direct,0.00589838,1.34185e+09
102,direct,0.00589838,1.34185e+09
103,indirect,0.00501595,1.34185e+09
103,direct,0.00501595,1.34185e+09
103,direct,0.00501595,1.34185e+09
104,indirect,0.00523304,1.34185e+09
104,direct,0.00523304,1.34185e+09
104,direct,0.00523304,1.34185e+09
105,indirect,0.00476145,1.34185e+09
105,direct,0.00476145,1.34185e+09
105,direct,0.00476145,1.34185e+09
106,indirect,0.00524734,1.34185e+09
106,direct,0.00524734,1.34185e+09
106,direct,0.00524734,1.34185e+09
107,indirect,0.00542177,1.34185e+09
107,direct,0.00542177,1.34185e+09
107,direct,0.00542177,1.34185e+09
108,indirect,0.00550619,1.34185e+09
108,direct,0.00550619,1.34185e+09
108,direct,0.00550619,1.34185e+09
109,indirect,0.00564144,1.34185e+09
109,direct,0.00564144,1.34185e+09
109,direct,0.00564144,1.34185e+09
110,indirect,0.0051736,1.34185e+09
110,direct,0.0051736,1.34185e+09
110,direct,0.0051736,1.34185e+09
111,indirect,0.00537279,1.34185e+09
111,direct,0.00537279,1.34185e+09
111,direct,0.00537279,1.34185e+09
112,indirect,0.00625251,1.34185e+09
112,direct,0.00625251,1.34185e+09
112,direct,0.00625251,1.34185e+09
FrameID,Type,Chi2,Timestamp
30,indirect,0,1.34185e+09
32,indirect,0,1.34185e+09
34,indirect,0,1.34185e+09
36,indirect,0,1.34185e+09
38,indirect,0,1.34185e+09
40,indirect,0,1.34185e+09
42,indirect,0,1.34185e+09
44,indirect,0,1.34185e+09
46,indirect,0,1.34185e+09
48,indirect,0,1.34185e+09
49,direct,0.00120282,1.34185e+09
50,direct,0.00120617,1.34185e+09
51,direct,0.000914004,1.34185e+09
52,direct,0.00282202,1.34185e+09
53,direct,0.00127066,1.34185e+09
54,direct,0.00204709,1.34185e+09
55,direct,0.00179923,1.34185e+09
56,direct,0.00187029,1.34185e+09
57,direct,0.00198176,1.34185e+09
49,indirect,0.00209185,1.34185e+09
58,direct,0.00209185,1.34185e+09
58,direct,0.00209185,1.34185e+09
50,direct,0.00171474,1.34185e+09
51,direct,0.00214272,1.34185e+09
52,direct,0.00209412,1.34185e+09
53,direct,0.00198281,1.34185e+09
54,direct,0.00251627,1.34185e+09
55,direct,0.0023105,1.34185e+09
56,direct,0.00225949,1.34185e+09
57,direct,0.00236202,1.34185e+09
58,direct,0.00265777,1.34185e+09
50,indirect,0.00244921,1.34185e+09
59,direct,0.00244921,1.34185e+09
59,direct,0.00244921,1.34185e+09
51,direct,0.00188486,1.34185e+09
52,direct,0.0022783,1.34185e+09
53,direct,0.00213209,1.34185e+09
54,direct,0.00265152,1.34185e+09
55,direct,0.00199138,1.34185e+09
56,direct,0.00210148,1.34185e+09
57,direct,0.00218133,1.34185e+09
58,direct,0.00239551,1.34185e+09
59,direct,0.00239551,1.34185e+09
51,indirect,0.00243639,1.34185e+09
60,direct,0.00243639,1.34185e+09
60,direct,0.00243639,1.34185e+09
52,direct,0.00153966,1.34185e+09
53,direct,0.0020151,1.34185e+09
54,direct,0.0019098,1.34185e+09
55,direct,0.00189498,1.34185e+09
56,direct,0.00200748,1.34185e+09
57,direct,0.00170701,1.34185e+09
58,direct,0.00214391,1.34185e+09
59,direct,0.00218251,1.34185e+09
60,direct,0.00255459,1.34185e+09
52,indirect,0.00233458,1.34185e+09
61,direct,0.00233458,1.34185e+09
61,direct,0.00233458,1.34185e+09
53,direct,0.00123198,1.34185e+09
54,direct,0.00211478,1.34185e+09
55,direct,0.00184205,1.34185e+09
56,direct,0.0017152,1.34185e+09
57,direct,0.00184742,1.34185e+09
58,direct,0.00238012,1.34185e+09
59,direct,0.00263286,1.34185e+09
60,direct,0.00273257,1.34185e+09
61,direct,0.00262667,1.34185e+09
53,indirect,0.00240151,1.34185e+09
62,direct,0.00240151,1.34185e+09
62,direct,0.00240151,1.34185e+09
54,direct,0.00131556,1.34185e+09
55,direct,0.00189575,1.34185e+09
56,direct,0.00158367,1.34185e+09
57,direct,0.00151261,1.34185e+09
58,direct,0.0026143,1.34185e+09
59,direct,0.00172245,1.34185e+09
60,direct,0.00211944,1.34185e+09
61,direct,0.00203135,1.34185e+09
62,direct,0.00190042,1.34185e+09
54,indirect,0.00221759,1.34185e+09
63,direct,0.00221759,1.34185e+09
63,direct,0.00221759,1.34185e+09
55,indirect,0.00380721,1.34185e+09
55,direct,0.00380721,1.34185e+09
55,direct,0.00380721,1.34185e+09
56,direct,0.00134186,1.34185e+09
57,direct,0.00119938,1.34185e+09
58,direct,0.00233795,1.34185e+09
59,direct,0.00144251,1.34185e+09
60,direct,0.00141891,1.34185e+09
61,direct,0.00245908,1.34185e+09
62,direct,0.00187156,1.34185e+09
63,direct,0.00179507,1.34185e+09
64,direct,0.00204834,1.34185e+09
56,indirect,0.00250386,1.34185e+09
65,direct,0.00250386,1.34185e+09
65,direct,0.00250386,1.34185e+09
57,direct,0.0022897,1.34185e+09
58,direct,0.00218698,1.34185e+09
59,direct,0.0022221,1.34185e+09
60,direct,0.00224823,1.34185e+09
61,direct,0.00245915,1.34185e+09
62,direct,0.0024797,1.34185e+09
63,direct,0.00249982,1.34185e+09
64,direct,0.00234831,1.34185e+09
65,direct,0.00194319,1.34185e+09
57,indirect,0.00267318,1.34185e+09
66,direct,0.00267318,1.34185e+09
66,direct,0.00267318,1.34185e+09
58,direct,0.00124115,1.34185e+09
59,direct,0.00111515,1.34185e+09
60,direct,0.00124651,1.34185e+09
61,direct,0.00158001,1.34185e+09
62,direct,0.00161246,1.34185e+09
63,direct,0.00155548,1.34185e+09
64,direct,0.00150768,1.34185e+09
65,direct,0.00182096,1.34185e+09
66,direct,0.00180609,1.34185e+09
58,indirect,0.00218254,1.34185e+09
67,direct,0.00218254,1.34185e+09
67,direct,0.00218254,1.34185e+09
59,direct,0.000957146,1.34185e+09
60,direct,0.00175832,1.34185e+09
59,indirect,0.00356507,1.34185e+09
61,direct,0.00356507,1.34185e+09
61,direct,0.00356507,1.34185e+09
60,direct,0.00319896,1.34185e+09
61,direct,0.00328691,1.34185e+09
62,direct,0.00326382,1.34185e+09
60,indirect,0.00361596,1.34185e+09
63,direct,0.00361596,1.34185e+09
63,direct,0.00361596,1.34185e+09
61,direct,0.00138573,1.34185e+09
62,direct,0.00180509,1.34185e+09
63,direct,0.00178523,1.34185e+09
64,direct,0.00158344,1.34185e+09
65,direct,0.00155465,1.34185e+09
66,direct,0.00208619,1.34185e+09
67,direct,0.00239277,1.34185e+09
68,direct,0.00203593,1.34185e+09
69,direct,0.00191535,1.34185e+09
61,indirect,0.00203333,1.34185e+09
70,direct,0.00203333,1.34185e+09
70,direct,0.00203333,1.34185e+09
62,direct,0.00112962,1.34185e+09
FrameID,Type,Chi2,Timestamp
30,indirect,0,1.34185e+09
32,indirect,0,1.34185e+09
34,indirect,0,1.34185e+09
36,indirect,0,1.34185e+09
38,indirect,0,1.34185e+09
40,indirect,0,1.34185e+09
42,indirect,0,1.34185e+09
44,indirect,0,1.34185e+09
46,indirect,0,1.34185e+09
48,indirect,0,1.34185e+09
49,direct,0.00120698,1.34185e+09
50,direct,0.00120438,1.34185e+09
51,direct,0.000907637,1.34185e+09
52,direct,0.00283221,1.34185e+09
53,direct,0.00127482,1.34185e+09
54,direct,0.00202499,1.34185e+09
55,direct,0.0017919,1.34185e+09
56,direct,0.00186129,1.34185e+09
57,direct,0.00194007,1.34185e+09
49,indirect,0.0020667,1.34185e+09
58,direct,0.0020667,1.34185e+09
58,direct,0.0020667,1.34185e+09
50,direct,0.00172421,1.34185e+09
51,direct,0.00216334,1.34185e+09
52,direct,0.00213002,1.34185e+09
53,direct,0.00201907,1.34185e+09
54,direct,0.00252454,1.34185e+09
55,direct,0.00232139,1.34185e+09
56,direct,0.00225956,1.34185e+09
57,direct,0.00238458,1.34185e+09
58,direct,0.0026842,1.34185e+09
50,indirect,0.0024707,1.34185e+09
59,direct,0.0024707,1.34185e+09
59,direct,0.0024707,1.34185e+09
51,direct,0.00184875,1.34185e+09
52,direct,0.00225855,1.34185e+09
53,direct,0.00210386,1.34185e+09
54,direct,0.00256265,1.34185e+09
55,direct,0.00195852,1.34185e+09
56,direct,0.00206143,1.34185e+09
57,direct,0.00209646,1.34185e+09
58,direct,0.0023686,1.34185e+09
59,direct,0.00244005,1.34185e+09
51,indirect,0.0025523,1.34185e+09
60,direct,0.0025523,1.34185e+09
60,direct,0.0025523,1.34185e+09
52,direct,0.00156138,1.34185e+09
53,direct,0.0020128,1.34185e+09
54,direct,0.00192241,1.34185e+09
55,direct,0.00189097,1.34185e+09
56,direct,0.00200336,1.34185e+09
57,direct,0.00174302,1.34185e+09
58,direct,0.00216513,1.34185e+09
59,direct,0.00220021,1.34185e+09
60,direct,0.00254612,1.34185e+09
52,indirect,0.00233929,1.34185e+09
61,direct,0.00233929,1.34185e+09
61,direct,0.00233929,1.34185e+09
53,direct,0.00120872,1.34185e+09
54,direct,0.00213029,1.34185e+09
55,direct,0.00190211,1.34185e+09
56,direct,0.00178008,1.34185e+09
57,direct,0.00184422,1.34185e+09
58,direct,0.0024031,1.34185e+09
59,direct,0.00272273,1.34185e+09
60,direct,0.00278277,1.34185e+09
61,direct,0.00269517,1.34185e+09
53,indirect,0.00246757,1.34185e+09
62,direct,0.00246757,1.34185e+09
62,direct,0.00246757,1.34185e+09
54,direct,0.00128636,1.34185e+09
55,direct,0.00185048,1.34185e+09
56,direct,0.0014678,1.34185e+09
57,direct,0.00146202,1.34185e+09
58,direct,0.00260828,1.34185e+09
59,direct,0.00169388,1.34185e+09
60,direct,0.00210753,1.34185e+09
61,direct,0.00206092,1.34185e+09
62,direct,0.00193476,1.34185e+09
54,indirect,0.00219846,1.34185e+09
63,direct,0.00219846,1.34185e+09
63,direct,0.00219846,1.34185e+09
55,direct,0.00313809,1.34185e+09
56,direct,0.00151772,1.34185e+09
57,direct,0.00190048,1.34185e+09
58,direct,0.0021559,1.34185e+09
59,direct,0.00202095,1.34185e+09
60,direct,0.00266575,1.34185e+09
61,direct,0.00217754,1.34185e+09
62,direct,0.0022091,1.34185e+09
63,direct,0.0029031,1.34185e+09
55,indirect,0.00268697,1.34185e+09
64,direct,0.00268697,1.34185e+09
64,direct,0.00268697,1.34185e+09
56,direct,0.00109469,1.34185e+09
57,direct,0.00158741,1.34185e+09
58,direct,0.00189834,1.34185e+09
59,direct,0.00216479,1.34185e+09
60,direct,0.00203749,1.34185e+09
61,direct,0.00209635,1.34185e+09
62,direct,0.00210213,1.34185e+09
63,direct,0.00223619,1.34185e+09
64,direct,0.00228363,1.34185e+09
56,indirect,0.0024276,1.34185e+09
65,direct,0.0024276,1.34185e+09
65,direct,0.0024276,1.34185e+09
57,direct,0.00101281,1.34185e+09
58,direct,0.00122706,1.34185e+09
59,direct,0.00180458,1.34185e+09
60,direct,0.00143746,1.34185e+09
61,direct,0.00147742,1.34185e+09
62,direct,0.00152726,1.34185e+09
63,direct,0.00156513,1.34185e+09
64,direct,0.00170606,1.34185e+09
65,direct,0.00171054,1.34185e+09
57,indirect,0.00173883,1.34185e+09
66,direct,0.00173883,1.34185e+09
66,direct,0.00173883,1.34185e+09
58,direct,0.0014959,1.34185e+09
59,direct,0.0015409,1.34185e+09
60,direct,0.00224361,1.34185e+09
61,direct,0.00173014,1.34185e+09
62,direct,0.00274523,1.34185e+09
58,indirect,0.00402672,1.34185e+09
63,direct,0.00402672,1.34185e+09
63,direct,0.00402672,1.34185e+09
59,direct,0.00329868,1.34185e+09
60,direct,0.00338867,1.34185e+09
61,direct,0.00344156,1.34185e+09
59,indirect,0.00367349,1.34185e+09
62,direct,0.00367349,1.34185e+09
62,direct,0.00367349,1.34185e+09
60,direct,0.00152699,1.34185e+09
61,direct,0.00186823,1.34185e+09
62,direct,0.00186715,1.34185e+09
63,direct,0.00170608,1.34185e+09
64,direct,0.00162925,1.34185e+09
65,direct,0.00222162,1.34185e+09
66,direct,0.00254906,1.34185e+09
67,direct,0.00212124,1.34185e+09
68,direct,0.00192111,1.34185e+09
60,indirect,0.00214895,1.34185e+09
69,direct,0.00214895,1.34185e+09
69,direct,0.00214895,1.34185e+09
61,direct,0.00123119,1.34185e+09
62,direct,0.001227,1.34185e+09
63,direct,0.00127087,1.34185e+09
64,direct,0.00179545,1.34185e+09
65,direct,0.00161939,1.34185e+09
66,direct,0.00188967,1.34185e+09
67,direct,0.00197494,1.34185e+09
68,direct,0.00223836,1.34185e+09
69,direct,0.00237769,1.34185e+09
61,indirect,0.00207323,1.34185e+09
70,direct,0.00207323,1.34185e+09
70,direct,0.00207323,1.34185e+09
62,direct,0.00139041,1.34185e+09
63,direct,0.00109004,1.34185e+09
64,direct,0.00120119,1.34185e+09
65,direct,0.00131896,1.34185e+09
66,direct,0.00178228,1.34185e+09
67,direct,0.00152635,1.34185e+09
68,direct,0.00202355,1.34185e+09
69,direct,0.00214251,1.34185e+09
70,direct,0.00187038,1.34185e+09
62,indirect,0.0015927,1.34185e+09
71,direct,0.0015927,1.34185e+09
71,direct,0.0015927,1.34185e+09
63,direct,0.00270585,1.34185e+09
64,direct,0.00302765,1.34185e+09
65,direct,0.0030407,1.34185e+09
66,direct,0.00304776,1.34185e+09
67,direct,0.00260582,1.34185e+09
68,direct,0.00234197,1.34185e+09
69,direct,0.00245929,1.34185e+09
70,direct,0.00277343,1.34185e+09
71,direct,0.00230443,1.34185e+09
63,indirect,0.00232561,1.34185e+09
72,direct,0.00232561,1.34185e+09
72,direct,0.00232561,1.34185e+09
64,direct,0.00173387,1.34185e+09
65,direct,0.00143951,1.34185e+09
66,direct,0.00201628,1.34185e+09
67,direct,0.00228828,1.34185e+09
68,direct,0.00223351,1.34185e+09
69,direct,0.00255044,1.34185e+09
70,direct,0.00273436,1.34185e+09
71,direct,0.00246853,1.34185e+09
72,direct,0.00251018,1.34185e+09
64,indirect,0.0030194,1.34185e+09
73,direct,0.0030194,1.34185e+09
73,direct,0.0030194,1.34185e+09
65,direct,0.00153472,1.34185e+09
66,direct,0.0025178,1.34185e+09
67,direct,0.00301821,1.34185e+09
68,direct,0.00250558,1.34185e+09
69,direct,0.00260053,1.34185e+09
FrameID,Type,Chi2,Timestamp
29,indirect,0,1.34185e+09
31,indirect,0,1.34185e+09
33,indirect,0,1.34185e+09
35,indirect,0,1.34185e+09
37,indirect,0,1.34185e+09
39,indirect,0,1.34185e+09
41,indirect,0,1.34185e+09
43,indirect,0,1.34185e+09
45,indirect,0,1.34185e+09
47,indirect,0,1.34185e+09
48,direct,0.000987679,1.34185e+09
49,direct,0.00117589,1.34185e+09
50,direct,0.00143429,1.34185e+09
51,direct,0.00129314,1.34185e+09
52,direct,0.00327294,1.34185e+09
53,direct,0.00145331,1.34185e+09
54,direct,0.00193891,1.34185e+09
55,direct,0.00175377,1.34185e+09
56,direct,0.00188083,1.34185e+09
48,indirect,0.00202107,1.34185e+09
57,direct,0.00202107,1.34185e+09
57,direct,0.00202107,1.34185e+09
49,direct,0.00186029,1.34185e+09
50,direct,0.00113172,1.34185e+09
51,direct,0.00129048,1.34185e+09
52,direct,0.00167973,1.34185e+09
53,direct,0.00172972,1.34185e+09
54,direct,0.00242538,1.34185e+09
55,direct,0.00189673,1.34185e+09
56,direct,0.00173594,1.34185e+09
57,direct,0.00201355,1.34185e+09
49,indirect,0.00223028,1.34185e+09
58,direct,0.00223028,1.34185e+09
58,direct,0.00223028,1.34185e+09
50,direct,0.00212323,1.34185e+09
51,direct,0.00241791,1.34185e+09
52,direct,0.00253226,1.34185e+09
53,direct,0.00245204,1.34185e+09
54,direct,0.00275035,1.34185e+09
55,direct,0.00252128,1.34185e+09
56,direct,0.00242365,1.34185e+09
57,direct,0.00268387,1.34185e+09
58,direct,0.00281033,1.34185e+09
50,indirect,0.00270672,1.34185e+09
59,direct,0.00270672,1.34185e+09
59,direct,0.00270672,1.34185e+09
51,direct,0.00130223,1.34185e+09
52,direct,0.00144186,1.34185e+09
53,direct,0.00201193,1.34185e+09
54,direct,0.00189249,1.34185e+09
55,direct,0.00192777,1.34185e+09
56,direct,0.00212051,1.34185e+09
57,direct,0.00177272,1.34185e+09
58,direct,0.00238092,1.34185e+09
59,direct,0.0023326,1.34185e+09
51,indirect,0.00255445,1.34185e+09
60,direct,0.00255445,1.34185e+09
60,direct,0.00255445,1.34185e+09
52,direct,0.00209782,1.34185e+09
53,direct,0.00194429,1.34185e+09
54,direct,0.00224903,1.34185e+09
55,direct,0.00229623,1.34185e+09
56,direct,0.00239085,1.34185e+09
57,direct,0.00239079,1.34185e+09
58,direct,0.00236875,1.34185e+09
59,direct,0.00284058,1.34185e+09
60,direct,0.00286777,1.34185e+09
52,indirect,0.00309361,1.34185e+09
61,direct,0.00309361,1.34185e+09
61,direct,0.00309361,1.34185e+09
53,direct,0.00244031,1.34185e+09
54,direct,0.00240604,1.34185e+09
55,direct,0.00295927,1.34185e+09
56,direct,0.00265918,1.34185e+09
57,direct,0.0022591,1.34185e+09
58,direct,0.00327091,1.34185e+09
59,direct,0.00237461,1.34185e+09
60,direct,0.00207266,1.34185e+09
61,direct,0.00276811,1.34185e+09
53,indirect,0.00273266,1.34185e+09
62,direct,0.00273266,1.34185e+09
62,direct,0.00273266,1.34185e+09
54,direct,0.0029394,1.34185e+09
55,direct,0.00152266,1.34185e+09
56,direct,0.001686,1.34185e+09
57,direct,0.00193121,1.34185e+09
58,direct,0.00194731,1.34185e+09
59,direct,0.00186587,1.34185e+09
60,direct,0.00272181,1.34185e+09
61,direct,0.00224576,1.34185e+09
62,direct,0.00230594,1.34185e+09
54,indirect,0.00290207,1.34185e+09
63,direct,0.00290207,1.34185e+09
63,direct,0.00290207,1.34185e+09
55,direct,0.00153765,1.34185e+09
56,direct,0.00126597,1.34185e+09
57,direct,0.00239051,1.34185e+09
58,direct,0.00237637,1.34185e+09
59,direct,0.00232431,1.34185e+09
60,direct,0.00253237,1.34185e+09
61,direct,0.00282788,1.34185e+09
62,direct,0.00269116,1.34185e+09
63,direct,0.00297982,1.34185e+09
55,indirect,0.00302591,1.34185e+09
64,direct,0.00302591,1.34185e+09
64,direct,0.00302591,1.34185e+09
56,direct,0.0016643,1.34185e+09
57,direct,0.00123004,1.34185e+09
58,direct,0.00153987,1.34185e+09
59,direct,0.00208487,1.34185e+09
60,direct,0.00168436,1.34185e+09
61,direct,0.00144715,1.34185e+09
62,direct,0.00165556,1.34185e+09
63,direct,0.00182996,1.34185e+09
64,direct,0.0018943,1.34185e+09
56,indirect,0.00181174,1.34185e+09
65,direct,0.00181174,1.34185e+09
65,direct,0.00181174,1.34185e+09
57,direct,0.00119112,1.34185e+09
58,direct,0.0017653,1.34185e+09
59,direct,0.00162432,1.34185e+09
60,direct,0.00162432,1.34185e+09
61,direct,0.0020233,1.34185e+09
62,direct,0.00293367,1.34185e+09
57,indirect,0.00402529,1.34185e+09
63,direct,0.00402529,1.34185e+09
63,direct,0.00402529,1.34185e+09
58,direct,0.00339027,1.34185e+09
59,direct,0.00337847,1.34185e+09
60,direct,0.00322015,1.34185e+09
58,indirect,0.00382744,1.34185e+09
61,direct,0.00382744,1.34185e+09
61,direct,0.00382744,1.34185e+09
59,direct,0.00148954,1.34185e+09
60,direct,0.00187912,1.34185e+09
61,direct,0.00181428,1.34185e+09
62,direct,0.00175758,1.34185e+09
63,direct,0.00167696,1.34185e+09
64,direct,0.00207522,1.34185e+09
65,direct,0.00232534,1.34185e+09
66,direct,0.00213335,1.34185e+09
67,direct,0.0018708,1.34185e+09
59,indirect,0.00212602,1.34185e+09
68,direct,0.00212602,1.34185e+09
68,direct,0.00212602,1.34185e+09
60,direct,0.0010233,1.34185e+09
61,direct,0.00110669,1.34185e+09
62,direct,0.00116119,1.34185e+09
63,direct,0.001652,1.34185e+09
64,direct,0.00144872,1.34185e+09
65,direct,0.0017534,1.34185e+09
66,direct,0.00194896,1.34185e+09
67,direct,0.00206943,1.34185e+09
68,direct,0.00220119,1.34185e+09
60,indirect,0.00189502,1.34185e+09
69,direct,0.00189502,1.34185e+09
69,direct,0.00189502,1.34185e+09
61,direct,0.00150105,1.34185e+09
62,direct,0.00115308,1.34185e+09
63,direct,0.00129355,1.34185e+09
64,direct,0.00135859,1.34185e+09
65,direct,0.00170857,1.34185e+09
66,direct,0.00141667,1.34185e+09
67,direct,0.00191971,1.34185e+09
68,direct,0.00210017,1.34185e+09
69,direct,0.00177496,1.34185e+09
61,indirect,0.00150922,1.34185e+09
70,direct,0.00150922,1.34185e+09
70,direct,0.00150922,1.34185e+09
62,direct,0.00308443,1.34185e+09
63,direct,0.00295054,1.34185e+09
64,direct,0.0033342,1.34185e+09
65,direct,0.00335138,1.34185e+09
66,direct,0.0026341,1.34185e+09
67,direct,0.00229885,1.34185e+09
68,direct,0.00250946,1.34185e+09
69,direct,0.00274929,1.34185e+09
70,direct,0.00223063,1.34185e+09
62,indirect,0.00229491,1.34185e+09
71,direct,0.00229491,1.34185e+09
71,direct,0.00229491,1.34185e+09
63,direct,0.00157293,1.34185e+09
64,direct,0.00144153,1.34185e+09
65,direct,0.00188967,1.34185e+09
66,direct,0.00228934,1.34185e+09
67,direct,0.0021696,1.34185e+09
68,direct,0.00249001,1.34185e+09
69,direct,0.00264824,1.34185e+09
70,direct,0.00246757,1.34185e+09
71,direct,0.00255019,1.34185e+09
63,indirect,0.0027854,1.34185e+09
72,direct,0.0027854,1.34185e+09
72,direct,0.0027854,1.34185e+09
64,direct,0.00294312,1.34185e+09
65,direct,0.00226788,1.34185e+09
66,direct,0.00249965,1.34185e+09
67,direct,0.00216218,1.34185e+09
68,direct,0.00232484,1.34185e+09
69,direct,0.00225802,1.34185e+09
70,direct,0.00221901,1.34185e+09
71,direct,0.00240687,1.34185e+09
72,direct,0.00256812,1.34185e+09
64,indirect,0.00241547,1.34185e+09
73,direct,0.00241547,1.34185e+09
73,direct,0.00241547,1.34185e+09
65,direct,0.00232017,1.34185e+09
66,direct,0.00147795,1.34185e+09
67,direct,0.00149702,1.34185e+09
68,direct,0.0014071,1.34185e+09
69,direct,0.00118865,1.34185e+09
70,direct,0.00123064,1.34185e+09
71,direct,0.00144697,1.34185e+09
72,direct,0.00136013,1.34185e+09
73,direct,0.00146496,1.34185e+09
65,indirect,0.00173895,1.34185e+09
74,direct,0.00173895,1.34185e+09
74,direct,0.00173895,1.34185e+09
66,direct,0.00315326,1.34185e+09
67,direct,0.00268966,1.34185e+09
68,direct,0.00275942,1.34185e+09
69,direct,0.00310803,1.34185e+09
70,direct,0.00304858,1.34185e+09
71,direct,0.00304142,1.34185e+09
72,direct,0.002944,1.34185e+09
66,indirect,0.00366508,1.34185e+09
73,direct,0.00366508,1.34185e+09
73,direct,0.00366508,1.34185e+09
67,direct,0.0027291,1.34185e+09
68,direct,0.00148222,1.34185e+09
69,direct,0.00227795,1.34185e+09
70,direct,0.0024488,1.34185e+09
71,direct,0.00189453,1.34185e+09
72,direct,0.00273393,1.34185e+09
73,direct,0.00271314,1.34185e+09
74,direct,0.00192987,1.34185e+09
75,direct,0.0027548,1.34185e+09
67,indirect,0.00306508,1.34185e+09
76,direct,0.00306508,1.34185e+09
76,direct,0.00306508,1.34185e+09
68,direct,0.00142391,1.34185e+09
69,direct,0.00123492,1.34185e+09
70,direct,0.00142007,1.34185e+09
71,direct,0.00161427,1.34185e+09
72,direct,0.00154706,1.34185e+09
73,direct,0.00141864,1.34185e+09
74,direct,0.00184056,1.34185e+09
75,direct,0.00186426,1.34185e+09
76,direct,0.00194942,1.34185e+09
68,indirect,0.00183932,1.34185e+09
77,direct,0.00183932,1.34185e+09
77,direct,0.00183932,1.34185e+09
69,direct,0.00120965,1.34185e+09
70,direct,0.00137551,1.34185e+09
71,direct,0.00179657,1.34185e+09
72,direct,0.00219949,1.34185e+09
73,direct,0.00167602,1.34185e+09
74,direct,0.00197448,1.34185e+09
75,direct,0.00189083,1.34185e+09
76,direct,0.00191024,1.34185e+09
77,direct,0.00238584,1.34185e+09
69,indirect,0.00276835,1.34185e+09
78,direct,0.00276835,1.34185e+09
78,direct,0.00276835,1.34185e+09
70,direct,0.00292748,1.34185e+09
71,direct,0.0014576,1.34185e+09
72,direct,0.00209274,1.34185e+09
73,direct,0.00233522,1.34185e+09
70,indirect,0.0036503,1.34185e+09
74,direct,0.0036503,1.34185e+09
74,direct,0.0036503,1.34185e+09
71,indirect,0.00430865,1.34185e+09
71,direct,0.00430865,1.34185e+09
71,direct,0.00430865,1.34185e+09
72,direct,0.0015503,1.34185e+09
73,direct,0.00201742,1.34185e+09
74,direct,0.00200536,1.34185e+09
75,direct,0.00192267,1.34185e+09
76,direct,0.00208406,1.34185e+09
77,direct,0.00223932,1.34185e+09
78,direct,0.00205521,1.34185e+09
79,direct,0.00247317,1.34185e+09
80,direct,0.00248765,1.34185e+09
72,indirect,0.00232865,1.34185e+09
81,direct,0.00232865,1.34185e+09
81,direct,0.00232865,1.34185e+09
73,direct,0.00255251,1.34185e+09
74,direct,0.00209596,1.34185e+09
75,direct,0.00279807,1.34185e+09
73,indirect,0.00368473,1.34185e+09
76,direct,0.00368473,1.34185e+09
76,direct,0.00368473,1.34185e+09
74,indirect,0.00469313,1.34185e+09
74,direct,0.00469313,1.34185e+09
74,direct,0.00469313,1.34185e+09
75,indirect,0.00373882,1.34185e+09
75,direct,0.00373882,1.34185e+09
75,direct,0.00373882,1.34185e+09
76,indirect,0.004116,1.34185e+09
76,direct,0.004116,1.34185e+09
76,direct,0.004116,1.34185e+09
77,indirect,0.00552858,1.34185e+09
77,direct,0.00552858,1.34185e+09
77,direct,0.00552858,1.34185e+09
78,indirect,0.00408026,1.34185e+09
78,direct,0.00408026,1.34185e+09
78,direct,0.00408026,1.34185e+09
79,indirect,0.00368933,1.34185e+09
79,direct,0.00368933,1.34185e+09
79,direct,0.00368933,1.34185e+09
80,direct,0.00347972,1.34185e+09
80,indirect,0.00389146,1.34185e+09
81,direct,0.00389146,1.34185e+09
81,direct,0.00389146,1.34185e+09
81,direct,0.00346079,1.34185e+09
81,indirect,0.00386531,1.34185e+09
82,direct,0.00386531,1.34185e+09
82,direct,0.00386531,1.34185e+09
82,indirect,0.00585067,1.34185e+09
82,direct,0.00585067,1.34185e+09
82,direct,0.00585067,1.34185e+09
83,indirect,0.00385502,1.34185e+09
83,direct,0.00385502,1.34185e+09
83,direct,0.00385502,1.34185e+09
84,direct,0.00291202,1.34185e+09
84,indirect,0.00358708,1.34185e+09
85,direct,0.00358708,1.34185e+09
85,direct,0.00358708,1.34185e+09
85,indirect,0.00468312,1.34185e+09
85,direct,0.00468312,1.34185e+09
85,direct,0.00468312,1.34185e+09
86,indirect,0.00528354,1.34185e+09
86,direct,0.00528354,1.34185e+09
86,direct,0.00528354,1.34185e+09
87,indirect,0.00406091,1.34185e+09
87,direct,0.00406091,1.34185e+09
87,direct,0.00406091,1.34185e+09
88,indirect,0.00379257,1.34185e+09
88,direct,0.00379257,1.34185e+09
88,direct,0.00379257,1.34185e+09
89,indirect,0.0047917,1.34185e+09
89,direct,0.0047917,1.34185e+09
89,direct,0.0047917,1.34185e+09
90,indirect,0.00529555,1.34185e+09
90,direct,0.00529555,1.34185e+09
90,direct,0.00529555,1.34185e+09
91,indirect,0.00518827,1.34185e+09
91,direct,0.00518827,1.34185e+09
91,direct,0.00518827,1.34185e+09
92,indirect,0.00513062,1.34185e+09
92,direct,0.00513062,1.34185e+09
92,direct,0.00513062,1.34185e+09
93,indirect,0.00526662,1.34185e+09
93,direct,0.00526662,1.34185e+09
93,direct,0.00526662,1.34185e+09
94,indirect,0.00502123,1.34185e+09
94,direct,0.00502123,1.34185e+09
94,direct,0.00502123,1.34185e+09
95,indirect,0.00522326,1.34185e+09
95,direct,0.00522326,1.34185e+09
95,direct,0.00522326,1.34185e+09
96,indirect,0.00560997,1.34185e+09
96,direct,0.00560997,1.34185e+09
96,direct,0.00560997,1.34185e+09
FrameID,Type,Chi2,Timestamp
30,indirect,0,1.34185e+09
32,indirect,0,1.34185e+09
34,indirect,0,1.34185e+09
36,indirect,0,1.34185e+09
38,indirect,0,1.34185e+09
40,indirect,0,1.34185e+09
42,indirect,0,1.34185e+09
44,indirect,0,1.34185e+09
46,indirect,0,1.34185e+09
48,indirect,0,1.34185e+09
49,direct,0.00119584,1.34185e+09
50,direct,0.00120204,1.34185e+09
51,direct,0.000905482,1.34185e+09
52,direct,0.002803,1.34185e+09
53,direct,0.00125998,1.34185e+09
54,direct,0.0020334,1.34185e+09
55,direct,0.00177295,1.34185e+09
56,direct,0.00185345,1.34185e+09
57,direct,0.00195679,1.34185e+09
49,indirect,0.00208368,1.34185e+09
58,direct,0.00208368,1.34185e+09
58,direct,0.00208368,1.34185e+09
50,direct,0.00171036,1.34185e+09
51,direct,0.00213712,1.34185e+09
52,direct,0.00209273,1.34185e+09
53,direct,0.00199245,1.34185e+09
54,direct,0.00251887,1.34185e+09
55,direct,0.00230154,1.34185e+09
56,direct,0.00223734,1.34185e+09
57,direct,0.00235833,1.34185e+09
58,direct,0.00265927,1.34185e+09
50,indirect,0.00242372,1.34185e+09
59,direct,0.00242372,1.34185e+09
59,direct,0.00242372,1.34185e+09
51,direct,0.00189211,1.34185e+09
52,direct,0.00228635,1.34185e+09
53,direct,0.00212005,1.34185e+09
54,direct,0.0026515,1.34185e+09
55,direct,0.00198862,1.34185e+09
56,direct,0.00208946,1.34185e+09
57,direct,0.00213956,1.34185e+09
58,direct,0.00237694,1.34185e+09
59,direct,0.00242935,1.34185e+09
51,indirect,0.00250134,1.34185e+09
60,direct,0.00250134,1.34185e+09
60,direct,0.00250134,1.34185e+09
52,direct,0.00154439,1.34185e+09
53,direct,0.00206194,1.34185e+09
54,direct,0.00194249,1.34185e+09
55,direct,0.00190289,1.34185e+09
56,direct,0.00199189,1.34185e+09
57,direct,0.00175652,1.34185e+09
58,direct,0.00217003,1.34185e+09
59,direct,0.00218666,1.34185e+09
60,direct,0.00256632,1.34185e+09
FrameID,Type,Chi2,Timestamp
30,indirect,0,1.34185e+09
32,indirect,0,1.34185e+09
34,indirect,0,1.34185e+09
36,indirect,0,1.34185e+09
38,indirect,0,1.34185e+09
40,indirect,0,1.34185e+09
42,indirect,0,1.34185e+09
44,indirect,0,1.34185e+09
46,indirect,0,1.34185e+09
48,indirect,0,1.34185e+09
49,direct,0.00118738,1.34185e+09
50,direct,0.00119574,1.34185e+09
51,direct,0.000903521,1.34185e+09
52,direct,0.00280028,1.34185e+09
53,direct,0.0012609,1.34185e+09
54,direct,0.0020191,1.34185e+09
55,direct,0.00176495,1.34185e+09
56,direct,0.00184336,1.34185e+09
57,direct,0.00193941,1.34185e+09
49,indirect,0.00207803,1.34185e+09
58,direct,0.00207803,1.34185e+09
58,direct,0.00207803,1.34185e+09
50,direct,0.00168854,1.34185e+09
51,direct,0.00213711,1.34185e+09
52,direct,0.00208215,1.34185e+09
53,direct,0.00197673,1.34185e+09
54,direct,0.00248985,1.34185e+09
55,direct,0.00227334,1.34185e+09
56,direct,0.00223198,1.34185e+09
57,direct,0.00234093,1.34185e+09
58,direct,0.002635,1.34185e+09
50,indirect,0.00241616,1.34185e+09
59,direct,0.00241616,1.34185e+09
59,direct,0.00241616,1.34185e+09
51,direct,0.00186529,1.34185e+09
52,direct,0.00227415,1.34185e+09
53,direct,0.00211227,1.34185e+09
54,direct,0.00265712,1.34185e+09
55,direct,0.00198867,1.34185e+09
56,direct,0.00210337,1.34185e+09
57,direct,0.00213844,1.34185e+09
58,direct,0.00234068,1.34185e+09
59,direct,0.00239486,1.34185e+09
51,indirect,0.00249352,1.34185e+09
60,direct,0.00249352,1.34185e+09
60,direct,0.00249352,1.34185e+09
52,direct,0.00151106,1.34185e+09
53,direct,0.00201017,1.34185e+09
54,direct,0.00187457,1.34185e+09
55,direct,0.00186158,1.34185e+09
56,direct,0.00199228,1.34185e+09
57,direct,0.00173367,1.34185e+09
58,direct,0.00215411,1.34185e+09
59,direct,0.00215816,1.34185e+09
60,direct,0.00252237,1.34185e+09
52,indirect,0.00233899,1.34185e+09
61,direct,0.00233899,1.34185e+09
61,direct,0.00233899,1.34185e+09
53,direct,0.00123182,1.34185e+09
54,direct,0.00213726,1.34185e+09
55,direct,0.00190265,1.34185e+09
56,direct,0.00177432,1.34185e+09
57,direct,0.00186285,1.34185e+09
58,direct,0.00240511,1.34185e+09
59,direct,0.00271498,1.34185e+09
60,direct,0.00272571,1.34185e+09
61,direct,0.00260534,1.34185e+09
53,indirect,0.00242668,1.34185e+09
62,direct,0.00242668,1.34185e+09
62,direct,0.00242668,1.34185e+09
54,direct,0.00130489,1.34185e+09
55,direct,0.00201883,1.34185e+09
56,direct,0.00154114,1.34185e+09
57,direct,0.0015804,1.34185e+09
58,direct,0.0026378,1.34185e+09
59,direct,0.00175563,1.34185e+09
60,direct,0.00215303,1.34185e+09
61,direct,0.00206576,1.34185e+09
62,direct,0.0019221,1.34185e+09
54,indirect,0.00225065,1.34185e+09
63,direct,0.00225065,1.34185e+09
63,direct,0.00225065,1.34185e+09
55,direct,0.00280229,1.34185e+09
56,direct,0.00144408,1.34185e+09
57,direct,0.00181156,1.34185e+09
58,direct,0.0020799,1.34185e+09
59,direct,0.00191192,1.34185e+09
60,direct,0.00254377,1.34185e+09
61,direct,0.00203161,1.34185e+09
62,direct,0.00206473,1.34185e+09
63,direct,0.00272721,1.34185e+09
55,indirect,0.00248004,1.34185e+09
64,direct,0.00248004,1.34185e+09
64,direct,0.00248004,1.34185e+09
56,direct,0.00108957,1.34185e+09
57,direct,0.0015426,1.34185e+09
58,direct,0.00184521,1.34185e+09
59,direct,0.002139,1.34185e+09
60,direct,0.00199671,1.34185e+09
61,direct,0.00197591,1.34185e+09
62,direct,0.00212243,1.34185e+09
63,direct,0.00233435,1.34185e+09
64,direct,0.00240371,1.34185e+09
56,indirect,0.00245063,1.34185e+09
65,direct,0.00245063,1.34185e+09
65,direct,0.00245063,1.34185e+09
57,direct,0.000953668,1.34185e+09
58,direct,0.00123737,1.34185e+09
59,direct,0.00188841,1.34185e+09
60,direct,0.00145897,1.34185e+09
61,direct,0.00146556,1.34185e+09
62,direct,0.00157484,1.34185e+09
63,direct,0.00163877,1.34185e+09
64,direct,0.00171559,1.34185e+09
65,direct,0.00169653,1.34185e+09
57,indirect,0.00177192,1.34185e+09
66,direct,0.00177192,1.34185e+09
66,direct,0.00177192,1.34185e+09
58,direct,0.00146187,1.34185e+09
59,direct,0.00155173,1.34185e+09
60,direct,0.00238076,1.34185e+09
61,direct,0.00180813,1.34185e+09
62,direct,0.0027494,1.34185e+09
58,indirect,0.00411124,1.34185e+09
63,direct,0.00411124,1.34185e+09
63,direct,0.00411124,1.34185e+09
59,direct,0.00328237,1.34185e+09
60,direct,0.0032312,1.34185e+09
61,direct,0.00324197,1.34185e+09
62,direct,0.00348797,1.34185e+09
63,direct,0.0034037,1.34185e+09
59,indirect,0.00358348,1.34185e+09
64,direct,0.00358348,1.34185e+09
64,direct,0.00358348,1.34185e+09
60,direct,0.00175119,1.34185e+09
61,direct,0.00164059,1.34185e+09
62,direct,0.00165962,1.34185e+09
63,direct,0.00214315,1.34185e+09
64,direct,0.0025109,1.34185e+09
65,direct,0.0021035,1.34185e+09
66,direct,0.00202829,1.34185e+09
67,direct,0.00211562,1.34185e+09
68,direct,0.00286741,1.34185e+09
60,indirect,0.00230432,1.34185e+09
69,direct,0.00230432,1.34185e+09
69,direct,0.00230432,1.34185e+09
61,direct,0.00116228,1.34185e+09
62,direct,0.0013421,1.34185e+09
63,direct,0.00134417,1.34185e+09
64,direct,0.0015661,1.34185e+09
65,direct,0.00178098,1.34185e+09
66,direct,0.00209432,1.34185e+09
67,direct,0.00241151,1.34185e+09
68,direct,0.00191698,1.34185e+09
69,direct,0.00213346,1.34185e+09
61,indirect,0.00240871,1.34185e+09
70,direct,0.00240871,1.34185e+09
70,direct,0.00240871,1.34185e+09
62,direct,0.00167064,1.34185e+09
63,direct,0.0016028,1.34185e+09
64,direct,0.0010032,1.34185e+09
65,direct,0.00153636,1.34185e+09
66,direct,0.00182616,1.34185e+09
67,direct,0.0020849,1.34185e+09
68,direct,0.00214911,1.34185e+09
69,direct,0.00197283,1.34185e+09
70,direct,0.00222303,1.34185e+09
62,indirect,0.00265381,1.34185e+09
71,direct,0.00265381,1.34185e+09
71,direct,0.00265381,1.34185e+09
63,indirect,0.00445101,1.34185e+09
63,direct,0.00445101,1.34185e+09
63,direct,0.00445101,1.34185e+09
64,indirect,0.00375121,1.34185e+09
64,direct,0.00375121,1.34185e+09
64,direct,0.00375121,1.34185e+09
65,indirect,0.00443344,1.34185e+09
65,direct,0.00443344,1.34185e+09
65,direct,0.00443344,1.34185e+09
66,indirect,0.00422404,1.34185e+09
66,direct,0.00422404,1.34185e+09
66,direct,0.00422404,1.34185e+09
67,indirect,0.00355373,1.34185e+09
67,direct,0.00355373,1.34185e+09
67,direct,0.00355373,1.34185e+09
68,indirect,0.00382528,1.34185e+09
68,direct,0.00382528,1.34185e+09
68,direct,0.00382528,1.34185e+09
69,indirect,0.00436115,1.34185e+09
69,direct,0.00436115,1.34185e+09
69,direct,0.00436115,1.34185e+09
70,indirect,0.00479235,1.34185e+09
70,direct,0.00479235,1.34185e+09
70,direct,0.00479235,1.34185e+09
71,indirect,0.00496044,1.34185e+09
71,direct,0.00496044,1.34185e+09
71,direct,0.00496044,1.34185e+09
72,indirect,0.00482745,1.34185e+09
72,direct,0.00482745,1.34185e+09
72,direct,0.00482745,1.34185e+09
73,indirect,0.00462553,1.34185e+09
73,direct,0.00462553,1.34185e+09
73,direct,0.00462553,1.34185e+09
74,indirect,0.00508578,1.34185e+09
74,direct,0.00508578,1.34185e+09
74,direct,0.00508578,1.34185e+09
75,indirect,0.00381445,1.34185e+09
75,direct,0.00381445,1.34185e+09
75,direct,0.00381445,1.34185e+09
76,indirect,0.00362641,1.34185e+09
76,direct,0.00362641,1.34185e+09
76,direct,0.00362641,1.34185e+09
77,indirect,0.0036306,1.34185e+09
77,direct,0.0036306,1.34185e+09
77,direct,0.0036306,1.34185e+09
78,indirect,0.00361547,1.34185e+09
78,direct,0.00361547,1.34185e+09
78,direct,0.00361547,1.34185e+09
79,indirect,0.00515232,1.34185e+09
79,direct,0.00515232,1.34185e+09
79,direct,0.00515232,1.34185e+09
80,indirect,0.00423054,1.34185e+09
80,direct,0.00423054,1.34185e+09
80,direct,0.00423054,1.34185e+09
81,indirect,0.00455315,1.34185e+09
81,direct,0.00455315,1.34185e+09
81,direct,0.00455315,1.34185e+09
82,indirect,0.00476185,1.34185e+09
82,direct,0.00476185,1.34185e+09
82,direct,0.00476185,1.34185e+09
83,indirect,0.00547591,1.34185e+09
83,direct,0.00547591,1.34185e+09
83,direct,0.00547591,1.34185e+09
84,indirect,0.00540348,1.34185e+09
84,direct,0.00540348,1.34185e+09
84,direct,0.00540348,1.34185e+09
85,indirect,0.00524709,1.34185e+09
85,direct,0.00524709,1.34185e+09
85,direct,0.00524709,1.34185e+09
86,indirect,0.00613892,1.34185e+09
86,direct,0.00613892,1.34185e+09
86,direct,0.00613892,1.34185e+09
87,indirect,0.00497768,1.34185e+09
87,direct,0.00497768,1.34185e+09
87,direct,0.00497768,1.34185e+09
88,indirect,0.00523438,1.34185e+09
88,direct,0.00523438,1.34185e+09
88,direct,0.00523438,1.34185e+09
89,indirect,0.00561583,1.34185e+09
89,direct,0.00561583,1.34185e+09
89,direct,0.00561583,1.34185e+09
90,indirect,0.00426287,1.34185e+09
90,direct,0.00426287,1.34185e+09
90,direct,0.00426287,1.34185e+09
91,indirect,0.00577442,1.34185e+09
91,direct,0.00577442,1.34185e+09
91,direct,0.00577442,1.34185e+09
92,indirect,0.00602488,1.34185e+09
92,direct,0.00602488,1.34185e+09
92,direct,0.00602488,1.34185e+09
93,indirect,0.00443871,1.34185e+09
93,direct,0.00443871,1.34185e+09
93,direct,0.00443871,1.34185e+09
94,indirect,0.00489709,1.34185e+09
94,direct,0.00489709,1.34185e+09
94,direct,0.00489709,1.34185e+09
95,indirect,0.00477913,1.34185e+09
95,direct,0.00477913,1.34185e+09
95,direct,0.00477913,1.34185e+09
96,indirect,0.00484707,1.34185e+09
96,direct,0.00484707,1.34185e+09
96,direct,0.00484707,1.34185e+09
97,indirect,0.00491306,1.34185e+09
97,direct,0.00491306,1.34185e+09
97,direct,0.00491306,1.34185e+09
98,indirect,0.00433814,1.34185e+09
98,direct,0.00433814,1.34185e+09
98,direct,0.00433814,1.34185e+09
99,indirect,0.00509963,1.34185e+09
99,direct,0.00509963,1.34185e+09
99,direct,0.00509963,1.34185e+09
100,indirect,0.004349,1.34185e+09
100,direct,0.004349,1.34185e+09
100,direct,0.004349,1.34185e+09
101,indirect,0.0048289,1.34185e+09
101,direct,0.0048289,1.34185e+09
101,direct,0.0048289,1.34185e+09
102,indirect,0.00594372,1.34185e+09
102,direct,0.00594372,1.34185e+09
102,direct,0.00594372,1.34185e+09
103,indirect,0.00486034,1.34185e+09
103,direct,0.00486034,1.34185e+09
103,direct,0.00486034,1.34185e+09
104,indirect,0.00461864,1.34185e+09
104,direct,0.00461864,1.34185e+09
104,direct,0.00461864,1.34185e+09
105,indirect,0.00617423,1.34185e+09
105,direct,0.00617423,1.34185e+09
105,direct,0.00617423,1.34185e+09
106,indirect,0.00611724,1.34185e+09
106,direct,0.00611724,1.34185e+09
106,direct,0.00611724,1.34185e+09
107,indirect,0.00552813,1.34185e+09
107,direct,0.00552813,1.34185e+09
107,direct,0.00552813,1.34185e+09
108,indirect,0.00482023,1.34185e+09
108,direct,0.00482023,1.34185e+09
108,direct,0.00482023,1.34185e+09
109,indirect,0.00620974,1.34185e+09
109,direct,0.00620974,1.34185e+09
109,direct,0.00620974,1.34185e+09
110,indirect,0.00425353,1.34185e+09
110,direct,0.00425353,1.34185e+09
110,direct,0.00425353,1.34185e+09
111,indirect,0.00519042,1.34185e+09
111,direct,0.00519042,1.34185e+09
111,direct,0.00519042,1.34185e+09
112,indirect,0.00638825,1.34185e+09
112,direct,0.00638825,1.34185e+09
112,direct,0.00638825,1.34185e+09
113,indirect,0.00539459,1.34185e+09
113,direct,0.00539459,1.34185e+09
113,direct,0.00539459,1.34185e+09
114,indirect,0.00465078,1.34185e+09
114,direct,0.00465078,1.34185e+09
114,direct,0.00465078,1.34185e+09
115,indirect,0.00500561,1.34185e+09
FrameID,Type,Chi2,Timestamp
30,indirect,0,1.34185e+09
32,indirect,0,1.34185e+09
34,indirect,0,1.34185e+09
36,indirect,0,1.34185e+09
38,indirect,0,1.34185e+09
40,indirect,0,1.34185e+09
42,indirect,0,1.34185e+09
44,indirect,0,1.34185e+09
46,indirect,0,1.34185e+09
48,indirect,0,1.34185e+09
49,direct,0.00121074,1.34185e+09
50,direct,0.00121208,1.34185e+09
51,direct,0.000901139,1.34185e+09
52,direct,0.00281427,1.34185e+09
53,direct,0.00127593,1.34185e+09
54,direct,0.0019968,1.34185e+09
55,direct,0.00174941,1.34185e+09
56,direct,0.00183903,1.34185e+09
57,direct,0.00191476,1.34185e+09
49,indirect,0.00205314,1.34185e+09
58,direct,0.00205314,1.34185e+09
58,direct,0.00205314,1.34185e+09
50,direct,0.001702,1.34185e+09
51,direct,0.00214238,1.34185e+09
52,direct,0.00208533,1.34185e+09
53,direct,0.00197885,1.34185e+09
54,direct,0.00253906,1.34185e+09
55,direct,0.00230951,1.34185e+09
56,direct,0.00220415,1.34185e+09
57,direct,0.00237855,1.34185e+09
58,direct,0.0026565,1.34185e+09
50,indirect,0.00243773,1.34185e+09
59,direct,0.00243773,1.34185e+09
59,direct,0.00243773,1.34185e+09
51,direct,0.00186248,1.34185e+09
52,direct,0.00222925,1.34185e+09
53,direct,0.00209585,1.34185e+09
54,direct,0.00252388,1.34185e+09
55,direct,0.00193287,1.34185e+09
56,direct,0.00204759,1.34185e+09
57,direct,0.00207921,1.34185e+09
58,direct,0.00230637,1.34185e+09
59,direct,0.00243106,1.34185e+09
51,indirect,0.00248951,1.34185e+09
60,direct,0.00248951,1.34185e+09
60,direct,0.00248951,1.34185e+09
52,direct,0.00152544,1.34185e+09
53,direct,0.00201029,1.34185e+09
54,direct,0.00193636,1.34185e+09
55,direct,0.00191996,1.34185e+09
56,direct,0.00196638,1.34185e+09
57,direct,0.00175067,1.34185e+09
58,direct,0.00213435,1.34185e+09
59,direct,0.0021959,1.34185e+09
60,direct,0.00255504,1.34185e+09
52,indirect,0.00238957,1.34185e+09
61,direct,0.00238957,1.34185e+09
61,direct,0.00238957,1.34185e+09
53,direct,0.0012392,1.34185e+09
54,direct,0.00216304,1.34185e+09
55,direct,0.00189896,1.34185e+09
56,direct,0.00177995,1.34185e+09
57,direct,0.00180787,1.34185e+09
58,direct,0.00242373,1.34185e+09
59,direct,0.0026998,1.34185e+09
60,direct,0.00271604,1.34185e+09
61,direct,0.00268233,1.34185e+09
53,indirect,0.00238542,1.34185e+09
62,direct,0.00238542,1.34185e+09
62,direct,0.00238542,1.34185e+09
54,direct,0.00130711,1.34185e+09
55,direct,0.00194805,1.34185e+09
56,direct,0.00153765,1.34185e+09
57,direct,0.00151391,1.34185e+09
58,direct,0.00260679,1.34185e+09
59,direct,0.00170845,1.34185e+09
60,direct,0.00208347,1.34185e+09
61,direct,0.00201379,1.34185e+09
62,direct,0.00187852,1.34185e+09
54,indirect,0.00211622,1.34185e+09
63,direct,0.00211622,1.34185e+09
63,direct,0.00211622,1.34185e+09
55,indirect,0.00354768,1.34185e+09
55,direct,0.00354768,1.34185e+09
55,direct,0.00354768,1.34185e+09
56,direct,0.0013361,1.34185e+09
57,direct,0.00123401,1.34185e+09
58,direct,0.00240182,1.34185e+09
59,direct,0.00150372,1.34185e+09
60,direct,0.00155048,1.34185e+09
61,direct,0.00247152,1.34185e+09
62,direct,0.00206116,1.34185e+09
63,direct,0.00208355,1.34185e+09
64,direct,0.00226243,1.34185e+09
56,indirect,0.0027342,1.34185e+09
65,direct,0.0027342,1.34185e+09
65,direct,0.0027342,1.34185e+09
57,direct,0.0022903,1.34185e+09
58,direct,0.00217915,1.34185e+09
59,direct,0.00207146,1.34185e+09
60,direct,0.00223641,1.34185e+09
61,direct,0.00241907,1.34185e+09
62,direct,0.00235868,1.34185e+09
63,direct,0.00247303,1.34185e+09
64,direct,0.00226906,1.34185e+09
65,direct,0.00192609,1.34185e+09
57,indirect,0.00264429,1.34185e+09
66,direct,0.00264429,1.34185e+09
66,direct,0.00264429,1.34185e+09
58,direct,0.0011939,1.34185e+09
59,direct,0.00123615,1.34185e+09
60,direct,0.00127824,1.34185e+09
61,direct,0.00160143,1.34185e+09
62,direct,0.00163272,1.34185e+09
63,direct,0.00168822,1.34185e+09
64,direct,0.0015347,1.34185e+09
65,direct,0.00189323,1.34185e+09
66,direct,0.00184538,1.34185e+09
58,indirect,0.00215658,1.34185e+09
67,direct,0.00215658,1.34185e+09
67,direct,0.00215658,1.34185e+09
59,direct,0.000913181,1.34185e+09
60,direct,0.00170163,1.34185e+09
61,direct,0.0034895,1.34185e+09
62,direct,0.00194981,1.34185e+09
63,direct,0.00251932,1.34185e+09
64,direct,0.00268049,1.34185e+09
65,direct,0.00255988,1.34185e+09
66,direct,0.0023026,1.34185e+09
67,direct,0.00271321,1.34185e+09
59,indirect,0.00274021,1.34185e+09
68,direct,0.00274021,1.34185e+09
68,direct,0.00274021,1.34185e+09
60,direct,0.00191889,1.34185e+09
61,direct,0.00185261,1.34185e+09
62,direct,0.0016668,1.34185e+09
63,direct,0.00158569,1.34185e+09
64,direct,0.00211299,1.34185e+09
65,direct,0.00247716,1.34185e+09
66,direct,0.00209745,1.34185e+09
67,direct,0.00193671,1.34185e+09
68,direct,0.00199742,1.34185e+09
60,indirect,0.00250424,1.34185e+09
69,direct,0.00250424,1.34185e+09
69,direct,0.00250424,1.34185e+09
61,direct,0.00123094,1.34185e+09
62,direct,0.00137235,1.34185e+09
63,direct,0.00203051,1.34185e+09
64,direct,0.00179214,1.34185e+09
65,direct,0.00189136,1.34185e+09
66,direct,0.00210993,1.34185e+09
67,direct,0.00217621,1.34185e+09
68,direct,0.00214439,1.34185e+09
69,direct,0.00210333,1.34185e+09
61,indirect,0.00243531,1.34185e+09
70,direct,0.00243531,1.34185e+09
70,direct,0.00243531,1.34185e+09
62,direct,0.00117021,1.34185e+09
63,direct,0.00129252,1.34185e+09
64,direct,0.00125832,1.34185e+09
65,direct,0.0013732,1.34185e+09
66,direct,0.00155187,1.34185e+09
67,direct,0.00175354,1.34185e+09
68,direct,0.00212762,1.34185e+09
69,direct,0.00189335,1.34185e+09
70,direct,0.00183467,1.34185e+09
62,indirect,0.00202398,1.34185e+09
71,direct,0.00202398,1.34185e+09
71,direct,0.00202398,1.34185e+09
63,direct,0.00339731,1.34185e+09
64,direct,0.00314646,1.34185e+09
63,indirect,0.00355598,1.34185e+09
65,direct,0.00355598,1.34185e+09
65,direct,0.00355598,1.34185e+09
64,indirect,0.00404824,1.34185e+09
64,direct,0.00404824,1.34185e+09
64,direct,0.00404824,1.34185e+09
65,direct,0.00345427,1.34185e+09
66,direct,0.00330256,1.34185e+09
67,direct,0.00310005,1.34185e+09
68,direct,0.00241684,1.34185e+09
69,direct,0.00225224,1.34185e+09
70,direct,0.00239399,1.34185e+09
71,direct,0.00244309,1.34185e+09
72,direct,0.00263069,1.34185e+09
73,direct,0.00269215,1.34185e+09
65,indirect,0.00274446,1.34185e+09
74,direct,0.00274446,1.34185e+09
74,direct,0.00274446,1.34185e+09
66,direct,0.00181241,1.34185e+09
67,direct,0.00157629,1.34185e+09
68,direct,0.00204114,1.34185e+09
69,direct,0.00215965,1.34185e+09
70,direct,0.00213516,1.34185e+09
71,direct,0.0027429,1.34185e+09
72,direct,0.00232287,1.34185e+09
73,direct,0.00237933,1.34185e+09
74,direct,0.00257396,1.34185e+09
66,indirect,0.00297901,1.34185e+09
75,direct,0.00297901,1.34185e+09
75,direct,0.00297901,1.34185e+09
67,direct,0.00212294,1.34185e+09
68,direct,0.00214592,1.34185e+09
69,direct,0.00212385,1.34185e+09
70,direct,0.00115439,1.34185e+09
71,direct,0.00150652,1.34185e+09
72,direct,0.00220168,1.34185e+09
73,direct,0.0022614,1.34185e+09
74,direct,0.00256479,1.34185e+09
75,direct,0.00206665,1.34185e+09
67,indirect,0.00231707,1.34185e+09
76,direct,0.00231707,1.34185e+09
76,direct,0.00231707,1.34185e+09
68,direct,0.00137628,1.34185e+09
69,direct,0.00140502,1.34185e+09
70,direct,0.00142432,1.34185e+09
71,direct,0.00125982,1.34185e+09
72,direct,0.00238494,1.34185e+09
73,direct,0.00261336,1.34185e+09
74,direct,0.00281523,1.34185e+09
75,direct,0.00339854,1.34185e+09
76,direct,0.00316668,1.34185e+09
68,indirect,0.00338686,1.34185e+09
77,direct,0.00338686,1.34185e+09
77,direct,0.00338686,1.34185e+09
69,direct,0.00293239,1.34185e+09
70,direct,0.00141689,1.34185e+09
71,direct,0.00154759,1.34185e+09
72,direct,0.00163486,1.34185e+09
73,direct,0.00173706,1.34185e+09
74,direct,0.00155628,1.34185e+09
75,direct,0.00195004,1.34185e+09
76,direct,0.00203686,1.34185e+09
77,direct,0.00156281,1.34185e+09
69,indirect,0.00193568,1.34185e+09
78,direct,0.00193568,1.34185e+09
78,direct,0.00193568,1.34185e+09
70,direct,0.00096014,1.34185e+09
71,direct,0.00101504,1.34185e+09
72,direct,0.00126167,1.34185e+09
73,direct,0.00117893,1.34185e+09
74,direct,0.00124975,1.34185e+09
75,direct,0.00119561,1.34185e+09
76,direct,0.00208877,1.34185e+09
77,direct,0.00180139,1.34185e+09
78,direct,0.0022481,1.34185e+09
70,indirect,0.00175702,1.34185e+09
79,direct,0.00175702,1.34185e+09
79,direct,0.00175702,1.34185e+09
71,direct,0.000779969,1.34185e+09
72,direct,0.00131045,1.34185e+09
73,direct,0.00103842,1.34185e+09
74,direct,0.0015481,1.34185e+09
75,direct,0.0015493,1.34185e+09
76,direct,0.00151616,1.34185e+09
77,direct,0.00176852,1.34185e+09
78,direct,0.00144324,1.34185e+09
79,direct,0.0017248,1.34185e+09
71,indirect,0.0017262,1.34185e+09
80,direct,0.0017262,1.34185e+09
80,direct,0.0017262,1.34185e+09
72,direct,0.00180983,1.34185e+09
73,direct,0.00190156,1.34185e+09
74,direct,0.00208455,1.34185e+09
75,direct,0.00147272,1.34185e+09
76,direct,0.00180849,1.34185e+09
77,direct,0.00297762,1.34185e+09
78,direct,0.00329146,1.34185e+09
72,indirect,0.00439295,1.34185e+09
79,direct,0.00439295,1.34185e+09
79,direct,0.00439295,1.34185e+09
73,direct,0.00189714,1.34185e+09
74,direct,0.0018489,1.34185e+09
75,direct,0.00206802,1.34185e+09
76,direct,0.00183124,1.34185e+09
77,direct,0.00182892,1.34185e+09
78,direct,0.00150081,1.34185e+09
79,direct,0.00155262,1.34185e+09
80,direct,0.00158631,1.34185e+09
81,direct,0.00157029,1.34185e+09
73,indirect,0.00154865,1.34185e+09
82,direct,0.00154865,1.34185e+09
82,direct,0.00154865,1.34185e+09
74,direct,0.00250772,1.34185e+09
75,direct,0.00230174,1.34185e+09
76,direct,0.00298057,1.34185e+09
77,direct,0.00292388,1.34185e+09
74,indirect,0.00364725,1.34185e+09
78,direct,0.00364725,1.34185e+09
78,direct,0.00364725,1.34185e+09
75,indirect,0.00368056,1.34185e+09
75,direct,0.00368056,1.34185e+09
75,direct,0.00368056,1.34185e+09
76,indirect,0.00400448,1.34185e+09
76,direct,0.00400448,1.34185e+09
76,direct,0.00400448,1.34185e+09
77,indirect,0.00501658,1.34185e+09
77,direct,0.00501658,1.34185e+09
77,direct,0.00501658,1.34185e+09
78,indirect,0.00653974,1.34185e+09
78,direct,0.00653974,1.34185e+09
78,direct,0.00653974,1.34185e+09
79,indirect,0.00561127,1.34185e+09
79,direct,0.00561127,1.34185e+09
79,direct,0.00561127,1.34185e+09
80,indirect,0.00543934,1.34185e+09
80,direct,0.00543934,1.34185e+09
80,direct,0.00543934,1.34185e+09
81,indirect,0.0054025,1.34185e+09
81,direct,0.0054025,1.34185e+09
81,direct,0.0054025,1.34185e+09
82,indirect,0.00611468,1.34185e+09
82,direct,0.00611468,1.34185e+09
82,direct,0.00611468,1.34185e+09
83,indirect,0.0048395,1.34185e+09
83,direct,0.0048395,1.34185e+09
83,direct,0.0048395,1.34185e+09
84,indirect,0.0045386,1.34185e+09
84,direct,0.0045386,1.34185e+09
84,direct,0.0045386,1.34185e+09
85,indirect,0.00407022,1.34185e+09
85,direct,0.00407022,1.34185e+09
85,direct,0.00407022,1.34185e+09
86,direct,0.00335882,1.34185e+09
86,indirect,0.00420523,1.34185e+09
87,direct,0.00420523,1.34185e+09
87,direct,0.00420523,1.34185e+09
87,indirect,0.0044546,1.34185e+09
87,direct,0.0044546,1.34185e+09
87,direct,0.0044546,1.34185e+09
88,indirect,0.00509244,1.34185e+09
88,direct,0.00509244,1.34185e+09
88,direct,0.00509244,1.34185e+09
89,indirect,0.00410677,1.34185e+09
89,direct,0.00410677,1.34185e+09
89,direct,0.00410677,1.34185e+09
90,indirect,0.0048755,1.34185e+09
90,direct,0.0048755,1.34185e+09
90,direct,0.0048755,1.34185e+09
91,indirect,0.00590351,1.34185e+09
91,direct,0.00590351,1.34185e+09
91,direct,0.00590351,1.34185e+09
92,indirect,0.00589749,1.34185e+09
92,direct,0.00589749,1.34185e+09
92,direct,0.00589749,1.34185e+09
93,indirect,0.00570993,1.34185e+09
93,direct,0.00570993,1.34185e+09
93,direct,0.00570993,1.34185e+09
94,indirect,0.00746837,1.34185e+09
94,direct,0.00746837,1.34185e+09
94,direct,0.00746837,1.34185e+09
95,indirect,0.00667106,1.34185e+09
95,direct,0.00667106,1.34185e+09
95,direct,0.00667106,1.34185e+09
96,indirect,0.00523403,1.34185e+09
96,direct,0.00523403,1.34185e+09
96,direct,0.00523403,1.34185e+09
97,indirect,0.00521299,1.34185e+09
97,direct,0.00521299,1.34185e+09
97,direct,0.00521299,1.34185e+09
FrameID,Type,Chi2,Timestamp
30,indirect,0,1.34185e+09
32,indirect,0,1.34185e+09
34,indirect,0,1.34185e+09
36,indirect,0,1.34185e+09
38,indirect,0,1.34185e+09
40,indirect,0,1.34185e+09
42,indirect,0,1.34185e+09
44,indirect,0,1.34185e+09
46,indirect,0,1.34185e+09
FrameID,Type,Chi2,Timestamp
30,indirect,0,1.34185e+09
32,indirect,0,1.34185e+09
34,indirect,0,1.34185e+09
36,indirect,0,1.34185e+09
38,indirect,0,1.34185e+09
40,indirect,0,1.34185e+09
42,indirect,0,1.34185e+09
44,indirect,0,1.34185e+09
46,indirect,0,1.34185e+09
48,indirect,0,1.34185e+09
49,direct,0.00121553,1.34185e+09
50,direct,0.00121345,1.34185e+09
51,direct,0.000914905,1.34185e+09
52,direct,0.00281007,1.34185e+09
53,direct,0.00128065,1.34185e+09
54,direct,0.00202059,1.34185e+09
55,direct,0.00177866,1.34185e+09
56,direct,0.001844,1.34185e+09
57,direct,0.00194082,1.34185e+09
49,indirect,0.00206657,1.34185e+09
58,direct,0.00206657,1.34185e+09
58,direct,0.00206657,1.34185e+09
50,direct,0.001711,1.34185e+09
51,direct,0.00212114,1.34185e+09
52,direct,0.00208071,1.34185e+09
53,direct,0.00198601,1.34185e+09
54,direct,0.00252211,1.34185e+09
55,direct,0.00232726,1.34185e+09
56,direct,0.00220553,1.34185e+09
57,direct,0.0023782,1.34185e+09
58,direct,0.00267559,1.34185e+09
50,indirect,0.00243764,1.34185e+09
59,direct,0.00243764,1.34185e+09
59,direct,0.00243764,1.34185e+09
51,direct,0.0018516,1.34185e+09
52,direct,0.00222198,1.34185e+09
53,direct,0.00206876,1.34185e+09
54,direct,0.00251964,1.34185e+09
55,direct,0.00192251,1.34185e+09
56,direct,0.00204334,1.34185e+09
57,direct,0.00209233,1.34185e+09
58,direct,0.00229571,1.34185e+09
59,direct,0.00239553,1.34185e+09
51,indirect,0.00248017,1.34185e+09
60,direct,0.00248017,1.34185e+09
60,direct,0.00248017,1.34185e+09
52,direct,0.00153082,1.34185e+09
53,direct,0.00202567,1.34185e+09
54,direct,0.00193066,1.34185e+09
55,direct,0.00190884,1.34185e+09
56,direct,0.0019889,1.34185e+09
57,direct,0.0017327,1.34185e+09
58,direct,0.0021604,1.34185e+09
59,direct,0.00222432,1.34185e+09
60,direct,0.0025704,1.34185e+09
52,indirect,0.00240604,1.34185e+09
61,direct,0.00240604,1.34185e+09
61,direct,0.00240604,1.34185e+09
53,direct,0.00124603,1.34185e+09
54,direct,0.00216782,1.34185e+09
55,direct,0.00186163,1.34185e+09
56,direct,0.00179077,1.34185e+09
57,direct,0.00180693,1.34185e+09
58,direct,0.00241006,1.34185e+09
59,direct,0.00273521,1.34185e+09
60,direct,0.00277417,1.34185e+09
61,direct,0.00271535,1.34185e+09
53,indirect,0.00244121,1.34185e+09
62,direct,0.00244121,1.34185e+09
62,direct,0.00244121,1.34185e+09
54,direct,0.00131137,1.34185e+09
55,direct,0.00193751,1.34185e+09
56,direct,0.00149162,1.34185e+09
57,direct,0.00151167,1.34185e+09
58,direct,0.00256214,1.34185e+09
59,direct,0.00170381,1.34185e+09
60,direct,0.00210203,1.34185e+09
61,direct,0.00197609,1.34185e+09
62,direct,0.00186709,1.34185e+09
FrameID,Type,Chi2,Timestamp
29,indirect,0,1.34185e+09
31,indirect,0,1.34185e+09
33,indirect,0,1.34185e+09
35,indirect,0,1.34185e+09
37,indirect,0,1.34185e+09
39,indirect,0,1.34185e+09
41,indirect,0,1.34185e+09
43,indirect,0,1.34185e+09
45,indirect,0,1.34185e+09
47,indirect,0,1.34185e+09
48,direct,0.0010103,1.34185e+09
49,direct,0.0011447,1.34185e+09
50,direct,0.00140802,1.34185e+09
51,direct,0.00126077,1.34185e+09
52,direct,0.00312803,1.34185e+09
53,direct,0.00140877,1.34185e+09
54,direct,0.00193949,1.34185e+09
55,direct,0.00179294,1.34185e+09
56,direct,0.00195149,1.34185e+09
48,indirect,0.00209419,1.34185e+09
57,direct,0.00209419,1.34185e+09
57,direct,0.00209419,1.34185e+09
49,direct,0.00179407,1.34185e+09
50,direct,0.0010858,1.34185e+09
51,direct,0.00122068,1.34185e+09
52,direct,0.00157257,1.34185e+09
53,direct,0.00158291,1.34185e+09
54,direct,0.00236294,1.34185e+09
55,direct,0.00179129,1.34185e+09
56,direct,0.0016509,1.34185e+09
57,direct,0.00190619,1.34185e+09
49,indirect,0.00208004,1.34185e+09
58,direct,0.00208004,1.34185e+09
58,direct,0.00208004,1.34185e+09
50,direct,0.00215908,1.34185e+09
51,direct,0.00241945,1.34185e+09
52,direct,0.00258944,1.34185e+09
53,direct,0.0024588,1.34185e+09
54,direct,0.0027311,1.34185e+09
55,direct,0.0025022,1.34185e+09
56,direct,0.0024617,1.34185e+09
57,direct,0.00270812,1.34185e+09
58,direct,0.00276774,1.34185e+09
50,indirect,0.00279795,1.34185e+09
59,direct,0.00279795,1.34185e+09
59,direct,0.00279795,1.34185e+09
51,direct,0.00128252,1.34185e+09
52,direct,0.00135869,1.34185e+09
53,direct,0.00201919,1.34185e+09
54,direct,0.0019034,1.34185e+09
55,direct,0.00200993,1.34185e+09
56,direct,0.00217414,1.34185e+09
57,direct,0.00171598,1.34185e+09
58,direct,0.00223371,1.34185e+09
59,direct,0.00241274,1.34185e+09
51,indirect,0.00255168,1.34185e+09
60,direct,0.00255168,1.34185e+09
60,direct,0.00255168,1.34185e+09
52,direct,0.00194165,1.34185e+09
53,direct,0.00185595,1.34185e+09
54,direct,0.0020714,1.34185e+09
55,direct,0.0022108,1.34185e+09
56,direct,0.00225474,1.34185e+09
57,direct,0.00225304,1.34185e+09
58,direct,0.0022372,1.34185e+09
59,direct,0.00259234,1.34185e+09
60,direct,0.00259361,1.34185e+09
52,indirect,0.00278854,1.34185e+09
61,direct,0.00278854,1.34185e+09
61,direct,0.00278854,1.34185e+09
53,direct,0.00232404,1.34185e+09
54,direct,0.00241124,1.34185e+09
55,direct,0.00285128,1.34185e+09
56,direct,0.00264922,1.34185e+09
57,direct,0.00225965,1.34185e+09
58,direct,0.00317752,1.34185e+09
59,direct,0.00242548,1.34185e+09
60,direct,0.00208017,1.34185e+09
61,direct,0.00290417,1.34185e+09
53,indirect,0.00276999,1.34185e+09
62,direct,0.00276999,1.34185e+09
62,direct,0.00276999,1.34185e+09
54,direct,0.00285538,1.34185e+09
55,direct,0.00155392,1.34185e+09
56,direct,0.00171357,1.34185e+09
57,direct,0.00196199,1.34185e+09
58,direct,0.00205706,1.34185e+09
59,direct,0.00196932,1.34185e+09
60,direct,0.00299874,1.34185e+09
61,direct,0.00260067,1.34185e+09
62,direct,0.0026247,1.34185e+09
54,indirect,0.00314332,1.34185e+09
63,direct,0.00314332,1.34185e+09
63,direct,0.00314332,1.34185e+09
55,direct,0.00159756,1.34185e+09
56,direct,0.00140026,1.34185e+09
57,direct,0.00240312,1.34185e+09
58,direct,0.00241286,1.34185e+09
59,direct,0.00228054,1.34185e+09
60,direct,0.00254739,1.34185e+09
61,direct,0.00267353,1.34185e+09
62,direct,0.00267747,1.34185e+09
63,direct,0.00293518,1.34185e+09
55,indirect,0.00286666,1.34185e+09
64,direct,0.00286666,1.34185e+09
64,direct,0.00286666,1.34185e+09
56,direct,0.00152484,1.34185e+09
57,direct,0.00121191,1.34185e+09
58,direct,0.00138958,1.34185e+09
59,direct,0.0019632,1.34185e+09
60,direct,0.00157458,1.34185e+09
61,direct,0.00139044,1.34185e+09
62,direct,0.00158717,1.34185e+09
63,direct,0.00177862,1.34185e+09
64,direct,0.00186291,1.34185e+09
56,indirect,0.00171132,1.34185e+09
65,direct,0.00171132,1.34185e+09
65,direct,0.00171132,1.34185e+09
57,direct,0.00124993,1.34185e+09
58,direct,0.0018247,1.34185e+09
59,direct,0.00177025,1.34185e+09
60,direct,0.00252025,1.34185e+09
61,direct,0.00203367,1.34185e+09
62,direct,0.00287544,1.34185e+09
57,indirect,0.00379283,1.34185e+09
63,direct,0.00379283,1.34185e+09
63,direct,0.00379283,1.34185e+09
58,direct,0.00315575,1.34185e+09
59,direct,0.00323329,1.34185e+09
60,direct,0.00319837,1.34185e+09
61,direct,0.00349296,1.34185e+09
62,direct,0.00340112,1.34185e+09
58,indirect,0.0035783,1.34185e+09
63,direct,0.0035783,1.34185e+09
63,direct,0.0035783,1.34185e+09
59,direct,0.00140557,1.34185e+09
60,direct,0.00140687,1.34185e+09
61,direct,0.00137543,1.34185e+09
62,direct,0.00178278,1.34185e+09
63,direct,0.00207604,1.34185e+09
64,direct,0.00184178,1.34185e+09
65,direct,0.00172007,1.34185e+09
66,direct,0.00183449,1.34185e+09
67,direct,0.00233799,1.34185e+09
59,indirect,0.00196457,1.34185e+09
68,direct,0.00196457,1.34185e+09
68,direct,0.00196457,1.34185e+09
60,direct,0.00109632,1.34185e+09
61,direct,0.00136061,1.34185e+09
62,direct,0.00149308,1.34185e+09
63,direct,0.00158917,1.34185e+09
64,direct,0.00189554,1.34185e+09
65,direct,0.00221128,1.34185e+09
66,direct,0.00253338,1.34185e+09
67,direct,0.00208226,1.34185e+09
68,direct,0.00230817,1.34185e+09
60,indirect,0.00266319,1.34185e+09
69,direct,0.00266319,1.34185e+09
69,direct,0.00266319,1.34185e+09
61,direct,0.00165391,1.34185e+09
62,direct,0.00158556,1.34185e+09
63,direct,0.000997958,1.34185e+09
64,direct,0.00159089,1.34185e+09
65,direct,0.00186417,1.34185e+09
66,direct,0.00233096,1.34185e+09
67,direct,0.00209351,1.34185e+09
68,direct,0.00196496,1.34185e+09
69,direct,0.00216543,1.34185e+09
61,indirect,0.00247109,1.34185e+09
70,direct,0.00247109,1.34185e+09
70,direct,0.00247109,1.34185e+09
62,direct,0.0029379,1.34185e+09
63,direct,0.0033069,1.34185e+09
62,indirect,0.00370781,1.34185e+09
64,direct,0.00370781,1.34185e+09
64,direct,0.00370781,1.34185e+09
63,indirect,0.00396722,1.34185e+09
63,direct,0.00396722,1.34185e+09
63,direct,0.00396722,1.34185e+09
64,indirect,0.00396237,1.34185e+09
64,direct,0.00396237,1.34185e+09
64,direct,0.00396237,1.34185e+09
65,direct,0.00296045,1.34185e+09
66,direct,0.00179621,1.34185e+09
67,direct,0.00193418,1.34185e+09
68,direct,0.0018192,1.34185e+09
69,direct,0.00239317,1.34185e+09
70,direct,0.00265557,1.34185e+09
71,direct,0.0027107,1.34185e+09
72,direct,0.00230503,1.34185e+09
73,direct,0.00312873,1.34185e+09
65,indirect,0.00351712,1.34185e+09
74,direct,0.00351712,1.34185e+09
74,direct,0.00351712,1.34185e+09
66,direct,0.00265991,1.34185e+09
67,direct,0.00303911,1.34185e+09
68,direct,0.00288901,1.34185e+09
69,direct,0.00306791,1.34185e+09
70,direct,0.00300106,1.34185e+09
71,direct,0.00276671,1.34185e+09
72,direct,0.00308646,1.34185e+09
73,direct,0.00302748,1.34185e+09
74,direct,0.0030023,1.34185e+09
66,indirect,0.00303283,1.34185e+09
75,direct,0.00303283,1.34185e+09
75,direct,0.00303283,1.34185e+09
67,direct,0.00148597,1.34185e+09
68,direct,0.00149642,1.34185e+09
69,direct,0.00144789,1.34185e+09
70,direct,0.00165641,1.34185e+09
71,direct,0.00139662,1.34185e+09
72,direct,0.00161901,1.34185e+09
73,direct,0.00178727,1.34185e+09
74,direct,0.00185465,1.34185e+09
75,direct,0.00191331,1.34185e+09
67,indirect,0.00180408,1.34185e+09
76,direct,0.00180408,1.34185e+09
76,direct,0.00180408,1.34185e+09
68,direct,0.00264715,1.34185e+09
69,direct,0.00284787,1.34185e+09
70,direct,0.00275138,1.34185e+09
68,indirect,0.00363611,1.34185e+09
71,direct,0.00363611,1.34185e+09
71,direct,0.00363611,1.34185e+09
69,indirect,0.0040455,1.34185e+09
69,direct,0.0040455,1.34185e+09
69,direct,0.0040455,1.34185e+09
70,indirect,0.00455739,1.34185e+09
70,direct,0.00455739,1.34185e+09
70,direct,0.00455739,1.34185e+09
71,indirect,0.00522914,1.34185e+09
71,direct,0.00522914,1.34185e+09
71,direct,0.00522914,1.34185e+09
72,indirect,0.00521747,1.34185e+09
72,direct,0.00521747,1.34185e+09
72,direct,0.00521747,1.34185e+09
73,indirect,0.00489265,1.34185e+09
73,direct,0.00489265,1.34185e+09
73,direct,0.00489265,1.34185e+09
74,indirect,0.00503619,1.34185e+09
74,direct,0.00503619,1.34185e+09
74,direct,0.00503619,1.34185e+09
75,indirect,0.00505057,1.34185e+09
75,direct,0.00505057,1.34185e+09
75,direct,0.00505057,1.34185e+09
76,indirect,0.00473929,1.34185e+09
76,direct,0.00473929,1.34185e+09
76,direct,0.00473929,1.34185e+09
77,indirect,0.00503709,1.34185e+09
77,direct,0.00503709,1.34185e+09
77,direct,0.00503709,1.34185e+09
78,indirect,0.0059522,1.34185e+09
78,direct,0.0059522,1.34185e+09
FrameID,Type,Chi2,Timestamp
30,indirect,0,1.34185e+09
32,indirect,0,1.34185e+09
34,indirect,0,1.34185e+09
36,indirect,0,1.34185e+09
38,indirect,0,1.34185e+09
40,indirect,0,1.34185e+09
42,indirect,0,1.34185e+09
44,indirect,0,1.34185e+09
46,indirect,0,1.34185e+09
48,indirect,0,1.34185e+09
49,direct,0.00118743,1.34185e+09
50,direct,0.00117535,1.34185e+09
51,direct,0.00089747,1.34185e+09
52,direct,0.00289275,1.34185e+09
53,direct,0.00128015,1.34185e+09
54,direct,0.00214845,1.34185e+09
55,direct,0.00177252,1.34185e+09
56,direct,0.00184777,1.34185e+09
57,direct,0.00195668,1.34185e+09
49,indirect,0.0020616,1.34185e+09
50,indirect,0.0020616,1.34185e+09
51,indirect,0.0020616,1.34185e+09
52,indirect,0.0020616,1.34185e+09
53,indirect,0.0020616,1.34185e+09
54,indirect,0.0020616,1.34185e+09
55,indirect,0.0020616,1.34185e+09
56,indirect,0.0020616,1.34185e+09
57,indirect,0.0020616,1.34185e+09
58,indirect,0.0020616,1.34185e+09
59,indirect,0.0020616,1.34185e+09
60,indirect,0.0020616,1.34185e+09
61,indirect,0.0020616,1.34185e+09
62,indirect,0.0020616,1.34185e+09
63,indirect,0.0020616,1.34185e+09
FrameID,Type,Chi2,Timestamp
30,indirect,0,1.34185e+09
31,indirect,0,1.34185e+09
32,indirect,0,1.34185e+09
33,direct,0.00126978,1.34185e+09
34,direct,0.00107841,1.34185e+09
35,direct,0.0015451,1.34185e+09
36,direct,0.00191701,1.34185e+09
37,direct,0.00135691,1.34185e+09
38,direct,0.00172116,1.34185e+09
39,direct,0.00175685,1.34185e+09
40,direct,0.00214911,1.34185e+09
41,direct,0.00220523,1.34185e+09
33,indirect,0.00185172,1.34185e+09
34,indirect,0.00185172,1.34185e+09
35,indirect,0.00185172,1.34185e+09
36,direct,0.00189695,1.34185e+09
37,direct,0.00181317,1.34185e+09
38,direct,0.00173942,1.34185e+09
39,direct,0.00194118,1.34185e+09
40,direct,0.00172311,1.34185e+09
41,direct,0.00160793,1.34185e+09
42,direct,0.00133692,1.34185e+09
43,direct,0.00193575,1.34185e+09
44,direct,0.00216207,1.34185e+09
36,indirect,0.0020675,1.34185e+09
37,indirect,0.0020675,1.34185e+09
38,indirect,0.0020675,1.34185e+09
39,direct,0.00124053,1.34185e+09
40,direct,0.0016072,1.34185e+09
41,direct,0.00130266,1.34185e+09
42,direct,0.0014905,1.34185e+09
43,direct,0.00213027,1.34185e+09
44,direct,0.0024762,1.34185e+09
45,direct,0.00254116,1.34185e+09
46,direct,0.00255784,1.34185e+09
47,direct,0.00251183,1.34185e+09
39,indirect,0.00260475,1.34185e+09
40,indirect,0.00260475,1.34185e+09
41,indirect,0.00260475,1.34185e+09
42,direct,0.00121682,1.34185e+09
43,direct,0.000960852,1.34185e+09
44,direct,0.00115021,1.34185e+09
45,direct,0.00143311,1.34185e+09
46,direct,0.00184866,1.34185e+09
47,direct,0.00190147,1.34185e+09
48,direct,0.00170566,1.34185e+09
49,direct,0.00168357,1.34185e+09
50,direct,0.00195337,1.34185e+09
42,indirect,0.00194479,1.34185e+09
43,indirect,0.00194479,1.34185e+09
44,indirect,0.00194479,1.34185e+09
45,direct,0.001688,1.34185e+09
46,direct,0.00216225,1.34185e+09
47,direct,0.00100851,1.34185e+09
48,direct,0.00164099,1.34185e+09
49,direct,0.00162673,1.34185e+09
50,direct,0.00181863,1.34185e+09
51,direct,0.00161841,1.34185e+09
52,direct,0.00161212,1.34185e+09
53,direct,0.00182756,1.34185e+09
45,indirect,0.00227977,1.34185e+09
46,indirect,0.00227977,1.34185e+09
47,indirect,0.00227977,1.34185e+09
48,direct,0.00142902,1.34185e+09
49,direct,0.00155388,1.34185e+09
50,direct,0.00217046,1.34185e+09
51,direct,0.00203941,1.34185e+09
52,direct,0.00177117,1.34185e+09
53,direct,0.00183948,1.34185e+09
54,direct,0.00196721,1.34185e+09
55,direct,0.00209785,1.34185e+09
56,direct,0.00284546,1.34185e+09
48,indirect,0.00240754,1.34185e+09
49,indirect,0.00240754,1.34185e+09
50,indirect,0.00240754,1.34185e+09
51,direct,0.00208088,1.34185e+09
52,direct,0.00271648,1.34185e+09
53,direct,0.00174538,1.34185e+09
54,direct,0.00226807,1.34185e+09
55,direct,0.002754,1.34185e+09
56,direct,0.0025144,1.34185e+09
57,direct,0.0023498,1.34185e+09
58,direct,0.00316587,1.34185e+09
59,direct,0.00333165,1.34185e+09
51,indirect,0.00347208,1.34185e+09
52,indirect,0.00347208,1.34185e+09
53,indirect,0.00347208,1.34185e+09
54,direct,0.00252555,1.34185e+09
55,direct,0.0014796,1.34185e+09
56,direct,0.00125834,1.34185e+09
57,direct,0.00262546,1.34185e+09
58,direct,0.00178762,1.34185e+09
59,direct,0.00172845,1.34185e+09
60,direct,0.00195195,1.34185e+09
61,direct,0.00240056,1.34185e+09
62,direct,0.00218199,1.34185e+09
54,indirect,0.00238742,1.34185e+09
55,indirect,0.00238742,1.34185e+09
56,indirect,0.00238742,1.34185e+09
57,direct,0.00164625,1.34185e+09
58,direct,0.00188709,1.34185e+09
59,direct,0.00183402,1.34185e+09
60,direct,0.0020695,1.34185e+09
61,direct,0.00212834,1.34185e+09
62,direct,0.00219001,1.34185e+09
63,direct,0.00216189,1.34185e+09
64,direct,0.00223143,1.34185e+09
65,direct,0.00224994,1.34185e+09
57,indirect,0.00228317,1.34185e+09
58,indirect,0.00228317,1.34185e+09
59,indirect,0.00228317,1.34185e+09
60,direct,0.00130444,1.34185e+09
61,direct,0.00127343,1.34185e+09
62,direct,0.00123234,1.34185e+09
63,direct,0.0011208,1.34185e+09
64,direct,0.00123253,1.34185e+09
65,direct,0.00174709,1.34185e+09
66,direct,0.00167291,1.34185e+09
67,direct,0.00206712,1.34185e+09
68,direct,0.00207518,1.34185e+09
60,indirect,0.00261221,1.34185e+09
61,indirect,0.00261221,1.34185e+09
62,indirect,0.00261221,1.34185e+09
63,direct,0.00273253,1.34185e+09
64,direct,0.00248414,1.34185e+09
65,direct,0.00264301,1.34185e+09
66,direct,0.0031801,1.34185e+09
67,direct,0.00309589,1.34185e+09
68,direct,0.00305206,1.34185e+09
69,direct,0.00338878,1.34185e+09
70,direct,0.0033371,1.34185e+09
71,direct,0.00334148,1.34185e+09
63,indirect,0.00342411,1.34185e+09
64,indirect,0.00342411,1.34185e+09
65,indirect,0.00342411,1.34185e+09
66,direct,0.00110333,1.34185e+09
67,direct,0.00125399,1.34185e+09
68,direct,0.000907911,1.34185e+09
69,direct,0.00111395,1.34185e+09
70,direct,0.00165285,1.34185e+09
71,direct,0.00203691,1.34185e+09
72,direct,0.00192666,1.34185e+09
73,direct,0.00258503,1.34185e+09
74,direct,0.00207573,1.34185e+09
66,indirect,0.00223267,1.34185e+09
67,indirect,0.00223267,1.34185e+09
68,indirect,0.00223267,1.34185e+09
69,direct,0.00135132,1.34185e+09
70,direct,0.00129512,1.34185e+09
71,direct,0.00153476,1.34185e+09
72,direct,0.00166741,1.34185e+09
73,direct,0.00178028,1.34185e+09
74,direct,0.00204227,1.34185e+09
75,direct,0.00157728,1.34185e+09
76,direct,0.00191912,1.34185e+09
77,direct,0.00227379,1.34185e+09
69,indirect,0.00222306,1.34185e+09
70,indirect,0.00222306,1.34185e+09
71,indirect,0.00222306,1.34185e+09
72,direct,0.00087247,1.34185e+09
73,direct,0.00112488,1.34185e+09
74,direct,0.000990047,1.34185e+09
75,direct,0.00148033,1.34185e+09
76,direct,0.00198803,1.34185e+09
77,direct,0.00149116,1.34185e+09
78,direct,0.00124532,1.34185e+09
79,direct,0.00146249,1.34185e+09
80,direct,0.00247228,1.34185e+09
72,indirect,0.0028948,1.34185e+09
73,indirect,0.0028948,1.34185e+09
74,indirect,0.0028948,1.34185e+09
75,direct,0.000727733,1.34185e+09
76,direct,0.00140304,1.34185e+09
77,direct,0.00220928,1.34185e+09
78,direct,0.00263947,1.34185e+09
79,direct,0.00154643,1.34185e+09
80,direct,0.00255135,1.34185e+09
81,direct,0.00295524,1.34185e+09
82,direct,0.00334375,1.34185e+09
83,direct,0.00309881,1.34185e+09
75,indirect,0.00316845,1.34185e+09
76,indirect,0.00316845,1.34185e+09
77,indirect,0.00316845,1.34185e+09
78,direct,0.000730615,1.34185e+09
79,direct,0.0009896,1.34185e+09
80,direct,0.00140376,1.34185e+09
81,direct,0.00216162,1.34185e+09
82,direct,0.00214022,1.34185e+09
83,direct,0.00196695,1.34185e+09
84,direct,0.0025516,1.34185e+09
85,direct,0.00292862,1.34185e+09
86,direct,0.0025887,1.34185e+09
78,indirect,0.00230677,1.34185e+09
79,indirect,0.00230677,1.34185e+09
80,indirect,0.00230677,1.34185e+09
81,direct,0.00229623,1.34185e+09
82,direct,0.00299577,1.34185e+09
83,direct,0.00234899,1.34185e+09
84,direct,0.00160884,1.34185e+09
85,direct,0.00294998,1.34185e+09
86,direct,0.0018827,1.34185e+09
87,direct,0.00282678,1.34185e+09
88,direct,0.00300345,1.34185e+09
89,direct,0.00301307,1.34185e+09
81,indirect,0.00135232,1.34185e+09
82,indirect,0.00135232,1.34185e+09
83,indirect,0.00135232,1.34185e+09
84,direct,0.000770667,1.34185e+09
85,direct,0.000900037,1.34185e+09
86,direct,0.000850532,1.34185e+09
87,direct,0.00123548,1.34185e+09
88,direct,0.00137216,1.34185e+09
89,direct,0.00122153,1.34185e+09
90,direct,0.00113068,1.34185e+09
91,direct,0.00152746,1.34185e+09
92,direct,0.00168264,1.34185e+09
84,indirect,0.00180159,1.34185e+09
85,indirect,0.00180159,1.34185e+09
86,indirect,0.00180159,1.34185e+09
87,direct,0.00166523,1.34185e+09
88,direct,0.00228238,1.34185e+09
89,direct,0.00220372,1.34185e+09
90,direct,0.00233907,1.34185e+09
91,direct,0.00314025,1.34185e+09
92,direct,0.00314473,1.34185e+09
93,direct,0.00300395,1.34185e+09
94,direct,0.00306149,1.34185e+09
95,direct,0.00279996,1.34185e+09
87,indirect,0.0025982,1.34185e+09
88,indirect,0.0025982,1.34185e+09
89,indirect,0.0025982,1.34185e+09
90,direct,0.00243691,1.34185e+09
91,direct,0.00252449,1.34185e+09
92,direct,0.00161263,1.34185e+09
93,direct,0.00256027,1.34185e+09
94,direct,0.00229464,1.34185e+09
95,direct,0.00253838,1.34185e+09
96,direct,0.00254964,1.34185e+09
97,direct,0.00266964,1.34185e+09
98,direct,0.0026359,1.34185e+09
90,indirect,0.00260104,1.34185e+09
91,indirect,0.00260104,1.34185e+09
92,indirect,0.00260104,1.34185e+09
93,direct,0.00158611,1.34185e+09
94,direct,0.0011069,1.34185e+09
95,direct,0.00215114,1.34185e+09
96,direct,0.0014243,1.34185e+09
97,direct,0.00110232,1.34185e+09
98,direct,0.00140164,1.34185e+09
99,direct,0.00152852,1.34185e+09
100,direct,0.00137255,1.34185e+09
101,direct,0.00160766,1.34185e+09
93,indirect,0.00230742,1.34185e+09
94,indirect,0.00230742,1.34185e+09
95,indirect,0.00230742,1.34185e+09
96,direct,0.00177217,1.34185e+09
97,direct,0.000989215,1.34185e+09
98,direct,0.00106944,1.34185e+09
99,direct,0.00144094,1.34185e+09
100,direct,0.00166162,1.34185e+09
101,direct,0.00132499,1.34185e+09
102,direct,0.00150214,1.34185e+09
103,direct,0.00155492,1.34185e+09
104,direct,0.00163732,1.34185e+09
96,indirect,0.00144804,1.34185e+09
97,indirect,0.00144804,1.34185e+09
98,indirect,0.00144804,1.34185e+09
99,direct,0.00150057,1.34185e+09
100,direct,0.00264661,1.34185e+09
99,indirect,0.00394299,1.34185e+09
100,indirect,0.00394299,1.34185e+09
101,indirect,0.00394299,1.34185e+09
102,direct,0.0012751,1.34185e+09
103,direct,0.00108349,1.34185e+09
104,direct,0.00088794,1.34185e+09
105,direct,0.00143748,1.34185e+09
106,direct,0.00102658,1.34185e+09
107,direct,0.0011802,1.34185e+09
108,direct,0.00282043,1.34185e+09
109,direct,0.00111436,1.34185e+09
110,direct,0.00129629,1.34185e+09
102,indirect,0.00142477,1.34185e+09
103,indirect,0.00142477,1.34185e+09
104,indirect,0.00142477,1.34185e+09
105,direct,0.00138938,1.34185e+09
106,direct,0.00199003,1.34185e+09
107,direct,0.00195597,1.34185e+09
105,indirect,0.00411693,1.34185e+09
106,indirect,0.00411693,1.34185e+09
107,indirect,0.00411693,1.34185e+09
108,direct,0.00189501,1.34185e+09
109,direct,0.00277344,1.34185e+09
110,direct,0.00251291,1.34185e+09
111,direct,0.00135786,1.34185e+09
112,direct,0.00253031,1.34185e+09
108,indirect,0.00360992,1.34185e+09
109,indirect,0.00360992,1.34185e+09
110,indirect,0.00360992,1.34185e+09
111,direct,0.00214059,1.34185e+09
112,direct,0.00306146,1.34185e+09
113,direct,0.00345394,1.34185e+09
114,direct,0.00274582,1.34185e+09
115,direct,0.00215168,1.34185e+09
116,direct,0.00338586,1.34185e+09
111,indirect,0.00375326,1.34185e+09
112,indirect,0.00375326,1.34185e+09
113,indirect,0.00375326,1.34185e+09
114,direct,0.00264537,1.34185e+09
115,direct,0.00314426,1.34185e+09
116,direct,0.00263099,1.34185e+09
117,direct,0.00272472,1.34185e+09
118,direct,0.00339828,1.34185e+09
119,direct,0.00339227,1.34185e+09
120,direct,0.00322402,1.34185e+09
121,direct,0.0031319,1.34185e+09
122,direct,0.00329562,1.34185e+09
114,indirect,0.00410937,1.34185e+09
115,indirect,0.00410937,1.34185e+09
116,indirect,0.00410937,1.34185e+09
117,direct,0.00276744,1.34185e+09
118,direct,0.00298659,1.34185e+09
119,direct,0.00287217,1.34185e+09
120,direct,0.00272419,1.34185e+09
121,direct,0.00341987,1.34185e+09
122,direct,0.00330004,1.34185e+09
123,direct,0.00299761,1.34185e+09
124,direct,0.00300469,1.34185e+09
125,direct,0.00328481,1.34185e+09
117,indirect,0.0032594,1.34185e+09
118,indirect,0.0032594,1.34185e+09
119,indirect,0.0032594,1.34185e+09
120,direct,0.00314989,1.34185e+09
121,direct,0.00287681,1.34185e+09
122,direct,0.00314249,1.34185e+09
123,direct,0.00252773,1.34185e+09
124,direct,0.00268623,1.34185e+09
125,direct,0.00298784,1.34185e+09
126,direct,0.00337735,1.34185e+09
127,direct,0.00347456,1.34185e+09
128,direct,0.00340466,1.34185e+09
120,indirect,0.00340207,1.34185e+09
121,indirect,0.00340207,1.34185e+09
122,indirect,0.00340207,1.34185e+09
123,direct,0.00297271,1.34185e+09
124,direct,0.00277957,1.34185e+09
125,direct,0.00333096,1.34185e+09
126,direct,0.00342349,1.34185e+09
127,direct,0.00303969,1.34185e+09
128,direct,0.00331824,1.34185e+09
129,direct,0.00319994,1.34185e+09
130,direct,0.00327923,1.34185e+09
131,direct,0.00325204,1.34185e+09
123,indirect,0.00361311,1.34185e+09
124,indirect,0.00361311,1.34185e+09
125,indirect,0.00361311,1.34185e+09
126,direct,0.00291919,1.34185e+09
126,indirect,0.00395949,1.34185e+09
127,indirect,0.00395949,1.34185e+09
128,indirect,0.00395949,1.34185e+09
129,direct,0.00273753,1.34185e+09
130,direct,0.00274387,1.34185e+09
131,direct,0.0023278,1.34185e+09
132,direct,0.00278099,1.34185e+09
133,direct,0.00272005,1.34185e+09
134,direct,0.00253415,1.34185e+09
135,direct,0.00256343,1.34185e+09
136,direct,0.00299425,1.34185e+09
137,direct,0.00309923,1.34185e+09
129,indirect,0.00279245,1.34185e+09
130,indirect,0.00279245,1.34185e+09
131,indirect,0.00279245,1.34185e+09
132,direct,0.00328661,1.34185e+09
133,direct,0.00292534,1.34185e+09
134,direct,0.00334358,1.34185e+09
135,direct,0.00291852,1.34185e+09
136,direct,0.00298796,1.34185e+09
137,direct,0.00335098,1.34185e+09
132,indirect,0.00438306,1.34185e+09
133,indirect,0.00438306,1.34185e+09
134,indirect,0.00438306,1.34185e+09
135,direct,0.00314965,1.34185e+09
136,direct,0.00251777,1.34185e+09
137,direct,0.00201337,1.34185e+09
135,indirect,0.00375568,1.34185e+09
136,indirect,0.00375568,1.34185e+09
137,indirect,0.00375568,1.34185e+09
138,direct,0.00273814,1.34185e+09
139,direct,0.00336704,1.34185e+09
140,direct,0.00277881,1.34185e+09
138,indirect,0.00377217,1.34185e+09
139,indirect,0.00377217,1.34185e+09
140,indirect,0.00377217,1.34185e+09
141,direct,0.00279117,1.34185e+09
142,direct,0.00302762,1.34185e+09
143,direct,0.00339772,1.34185e+09
144,direct,0.00310487,1.34185e+09
141,indirect,0.00370522,1.34185e+09
142,indirect,0.00370522,1.34185e+09
143,indirect,0.00370522,1.34185e+09
144,direct,0.00286966,1.34185e+09
144,indirect,0.00352459,1.34185e+09
145,indirect,0.00352459,1.34185e+09
146,indirect,0.00352459,1.34185e+09
147,direct,0.00245979,1.34185e+09
148,direct,0.00292202,1.34185e+09
149,direct,0.00315995,1.34185e+09
150,direct,0.00339675,1.34185e+09
151,direct,0.00318673,1.34185e+09
152,direct,0.00313134,1.34185e+09
147,indirect,0.00362002,1.34185e+09
148,indirect,0.00362002,1.34185e+09
149,indirect,0.00362002,1.34185e+09
150,indirect,0.00355753,1.34185e+09
151,indirect,0.00355753,1.34185e+09
152,indirect,0.00355753,1.34185e+09
153,direct,0.00269205,1.34185e+09
154,direct,0.00286827,1.34185e+09
155,direct,0.00295973,1.34185e+09
156,direct,0.00323307,1.34185e+09
157,direct,0.00334935,1.34185e+09
153,indirect,0.00350477,1.34185e+09
154,indirect,0.00350477,1.34185e+09
155,indirect,0.00350477,1.34185e+09
156,direct,0.0030625,1.34185e+09
157,direct,0.00275854,1.34185e+09
156,indirect,0.00372335,1.34185e+09
157,indirect,0.00372335,1.34185e+09
158,indirect,0.00372335,1.34185e+09
159,direct,0.00312669,1.34185e+09
159,indirect,0.00401812,1.34185e+09
160,indirect,0.00401812,1.34185e+09
161,indirect,0.00401812,1.34185e+09
162,direct,0.00273385,1.34185e+09
163,direct,0.00340695,1.34185e+09
164,direct,0.00333731,1.34185e+09
165,direct,0.00302685,1.34185e+09
162,indirect,0.0038872,1.34185e+09
163,indirect,0.0038872,1.34185e+09
164,indirect,0.0038872,1.34185e+09
165,direct,0.0019861,1.34185e+09
166,direct,0.00257923,1.34185e+09
167,direct,0.00314397,1.34185e+09
165,indirect,0.00376854,1.34185e+09
166,indirect,0.00376854,1.34185e+09
167,indirect,0.00376854,1.34185e+09
168,direct,0.00307733,1.34185e+09
169,direct,0.00339455,1.34185e+09
168,indirect,0.0046331,1.34185e+09
169,indirect,0.0046331,1.34185e+09
170,indirect,0.0046331,1.34185e+09
171,direct,0.00237429,1.34185e+09
172,direct,0.00275282,1.34185e+09
173,direct,0.00306567,1.34185e+09
171,indirect,0.00373035,1.34185e+09
172,indirect,0.00373035,1.34185e+09
173,indirect,0.00373035,1.34185e+09
174,direct,0.00293091,1.34185e+09
175,direct,0.00338644,1.34185e+09
174,indirect,0.00392547,1.34185e+09
175,indirect,0.00392547,1.34185e+09
176,indirect,0.00392547,1.34185e+09
177,direct,0.00296591,1.34185e+09
178,direct,0.00306819,1.34185e+09
177,indirect,0.00489263,1.34185e+09
178,indirect,0.00489263,1.34185e+09
179,indirect,0.00489263,1.34185e+09
180,direct,0.00261067,1.34185e+09
181,direct,0.00233668,1.34185e+09
180,indirect,0.00380286,1.34185e+09
181,indirect,0.00380286,1.34185e+09
182,indirect,0.00380286,1.34185e+09
183,direct,0.00240172,1.34185e+09
184,direct,0.00311165,1.34185e+09
183,indirect,0.00404916,1.34185e+09
184,indirect,0.00404916,1.34185e+09
185,indirect,0.00404916,1.34185e+09
186,direct,0.00262085,1.34185e+09
187,direct,0.00333572,1.34185e+09
188,direct,0.00322807,1.34185e+09
186,indirect,0.00376109,1.34185e+09
187,indirect,0.00376109,1.34185e+09
188,indirect,0.00376109,1.34185e+09
189,direct,0.00281555,1.34185e+09
189,indirect,0.00380328,1.34185e+09
190,indirect,0.00380328,1.34185e+09
191,indirect,0.00380328,1.34185e+09
192,direct,0.00277704,1.34185e+09
193,direct,0.00306566,1.34185e+09
192,indirect,0.0043005,1.34185e+09
193,indirect,0.0043005,1.34185e+09
194,indirect,0.0043005,1.34185e+09
195,direct,0.00341125,1.34185e+09
195,indirect,0.00420159,1.34185e+09
196,indirect,0.00420159,1.34185e+09
197,indirect,0.00420159,1.34185e+09
198,indirect,0.00470434,1.34185e+09
199,indirect,0.00470434,1.34185e+09
200,indirect,0.00470434,1.34185e+09
201,indirect,0.00441889,1.34185e+09
202,indirect,0.00441889,1.34185e+09
203,indirect,0.00441889,1.34185e+09
204,direct,0.00297852,1.34185e+09
204,indirect,0.00427956,1.34185e+09
205,indirect,0.00427956,1.34185e+09
206,indirect,0.00427956,1.34185e+09
207,direct,0.00254146,1.34185e+09
207,indirect,0.00385259,1.34185e+09
208,indirect,0.00385259,1.34185e+09
209,indirect,0.00385259,1.34185e+09
210,direct,0.00290916,1.34185e+09
210,indirect,0.00368195,1.34185e+09
211,indirect,0.00368195,1.34185e+09
212,indirect,0.00368195,1.34185e+09
213,indirect,0.00434768,1.34185e+09
214,indirect,0.00434768,1.34185e+09
215,indirect,0.00434768,1.34185e+09
216,indirect,0.00463381,1.34185e+09
217,indirect,0.00463381,1.34185e+09
218,indirect,0.00463381,1.34185e+09
219,direct,0.00287648,1.34185e+09
220,direct,0.00332602,1.34185e+09
219,indirect,0.00371844,1.34185e+09
220,indirect,0.00371844,1.34185e+09
221,indirect,0.00371844,1.34185e+09
222,direct,0.00307273,1.34185e+09
222,indirect,0.00452912,1.34185e+09
223,indirect,0.00452912,1.34185e+09
224,indirect,0.00452912,1.34185e+09
225,indirect,0.00473547,1.34185e+09
226,indirect,0.00473547,1.34185e+09
227,indirect,0.00473547,1.34185e+09
228,direct,0.00276429,1.34185e+09
228,indirect,0.00350466,1.34185e+09
229,indirect,0.00350466,1.34185e+09
230,indirect,0.00350466,1.34185e+09
231,direct,0.00304291,1.34185e+09
232,direct,0.00341011,1.34185e+09
