function,frame,time_ms
imagePyramid,0,1.194207
preCompute,0,1.308857
imagePyramid,0,0.490809
preCompute,0,1.243217
imagePyramid,0,0.512068
preCompute,0,1.505237
imagePyramid,0,0.544049
preCompute,0,1.347937
imagePyramid,0,0.488709
preCompute,0,1.243938
imagePyramid,0,0.521859
preCompute,0,1.350417
imagePyramid,0,0.471429
preCompute,0,1.358517
imagePyramid,0,0.568658
preCompute,0,1.366697
imagePyramid,0,0.455319
preCompute,0,1.233447
imagePyramid,0,0.575979
preCompute,0,1.303758
imagePyramid,0,0.446829
preCompute,0,1.336467
imagePyramid,0,0.449839
preCompute,0,1.357157
imagePyramid,0,0.536889
preCompute,0,1.294927
imagePyramid,0,0.446779
preCompute,0,1.523277
imagePyramid,0,0.461839
preCompute,0,1.339337
imagePyramid,0,0.375999
preCompute,0,1.265037
imagePyramid,0,0.455869
preCompute,0,1.413487
imagePyramid,48,0.398219
track,48,2.500334,0.001012,1
imagePyramid,49,0.900948
track,49,1.959266,0.001196,1
imagePyramid,50,0.467099
track,50,2.084085,0.001433,1
imagePyramid,51,0.400779
track,51,2.437125,0.001246,1
imagePyramid,52,0.389679
track,52,2.129955,0.003245,1
imagePyramid,52,0.387149
preCompute,52,1.332487
imagePyramid,52,0.315139
preCompute,52,1.231177
imagePyramid,52,0.492458
preCompute,52,1.244998
imagePyramid,49,0.394990
track,49,1.844286,0.000000,1
imagePyramid,50,0.452969
track,50,1.924516,0.001302,1
imagePyramid,51,0.536659
track,51,2.241305,0.001265,1
imagePyramid,52,0.397410
track,52,2.148396,0.001201,1
imagePyramid,53,0.392340
track,53,1.935536,0.001364,1
imagePyramid,53,0.484909
preCompute,53,1.347287
imagePyramid,53,0.612019
preCompute,53,1.465437
imagePyramid,50,0.357370
track,50,1.782646,0.000000,1
imagePyramid,51,0.516129
track,51,2.069635,0.001175,1
imagePyramid,52,0.420049
track,52,2.410595,0.001224,1
imagePyramid,53,0.439849
track,53,1.919566,0.001591,1
imagePyramid,54,0.522249
track,54,2.065396,0.001937,1
imagePyramid,54,1.105138
preCompute,54,1.283838
imagePyramid,54,0.329990
preCompute,54,1.297707
imagePyramid,54,0.401099
preCompute,54,1.254957
imagePyramid,51,0.311449
track,51,1.756026,0.000000,1
imagePyramid,52,0.454809
track,52,1.943876,0.001220,1
imagePyramid,53,0.579059
track,53,1.984786,0.001151,1
imagePyramid,54,0.501139
track,54,1.800206,0.000948,1
imagePyramid,55,0.405729
track,55,1.865936,0.001006,1
imagePyramid,55,0.448539
preCompute,55,1.291567
imagePyramid,55,0.342970
preCompute,55,1.309577
imagePyramid,55,0.428769
preCompute,55,1.298688
imagePyramid,52,0.352909
track,52,1.814966,0.000000,1
imagePyramid,53,0.455469
track,53,1.847846,0.000954,1
imagePyramid,54,0.478559
track,54,1.896215,0.000961,1
imagePyramid,55,0.833638
track,55,2.165745,0.001351,1
imagePyramid,56,0.544679
track,56,1.889606,0.001580,1
imagePyramid,56,0.688589
preCompute,56,1.279727
imagePyramid,56,0.361690
preCompute,56,1.254397
imagePyramid,56,0.371059
preCompute,56,1.340517
imagePyramid,53,0.335619
track,53,1.783726,0.000000,1
imagePyramid,54,0.467549
track,54,1.951016,0.001233,1
imagePyramid,55,0.488409
track,55,2.251395,0.001894,1
imagePyramid,56,0.452319
track,56,1.984276,0.002473,1
imagePyramid,57,0.378309
track,57,1.958055,0.001885,1
imagePyramid,57,0.422559
preCompute,57,1.313977
imagePyramid,57,0.374479
preCompute,57,1.247397
imagePyramid,57,0.608889
preCompute,57,1.334488
imagePyramid,54,0.335670
track,54,2.752394,0.000000,1
imagePyramid,55,0.601449
track,55,2.080985,0.001073,1
imagePyramid,56,0.518469
track,56,2.029875,0.001766,1
imagePyramid,57,0.483059
track,57,1.824036,0.001573,1
imagePyramid,58,0.397619
track,58,2.324715,0.001932,1
imagePyramid,58,0.354340
preCompute,58,1.265757
imagePyramid,58,0.350189
preCompute,58,1.176117
imagePyramid,58,0.985017
preCompute,58,1.318987
imagePyramid,55,0.355559
track,55,2.252995,0.000000,1
imagePyramid,56,0.390279
track,56,2.123755,0.000812,1
imagePyramid,57,0.519109
track,57,2.051195,0.001242,1
imagePyramid,58,0.437939
track,58,1.929006,0.001609,1
imagePyramid,59,0.428729
track,59,1.863616,0.001633,1
imagePyramid,59,0.468129
preCompute,59,1.304267
imagePyramid,59,0.346140
preCompute,59,1.267527
imagePyramid,59,0.428719
preCompute,59,1.302537
imagePyramid,56,0.360819
track,56,2.319415,0.000000,1
imagePyramid,57,0.599699
track,57,1.826016,0.001621,1
imagePyramid,58,0.408999
track,58,1.806256,0.001731,1
imagePyramid,59,0.406609
track,59,1.870796,0.002211,1
imagePyramid,60,0.538349
track,60,2.071396,0.001634,1
imagePyramid,60,0.379859
preCompute,60,1.263927
imagePyramid,60,0.335939
preCompute,60,1.163687
imagePyramid,60,0.433030
preCompute,60,1.297048
imagePyramid,57,0.464149
track,57,2.277205,0.000000,1
imagePyramid,58,0.446339
track,58,2.321765,0.001221,1
imagePyramid,59,0.458509
track,59,2.125095,0.001715,1
imagePyramid,60,0.432769
track,60,1.935166,0.001785,1
imagePyramid,61,0.350059
track,61,1.848516,0.001588,1
imagePyramid,61,0.397619
preCompute,61,1.275587
imagePyramid,61,0.331240
preCompute,61,1.253867
imagePyramid,61,0.458009
preCompute,61,1.272068
imagePyramid,58,0.329370
track,58,1.746797,0.000000,1
imagePyramid,59,0.427980
track,59,1.976936,0.001372,1
imagePyramid,60,0.454679
track,60,2.424094,0.001764,1
imagePyramid,61,0.420659
track,61,1.999035,0.001461,1
imagePyramid,62,0.382599
track,62,1.847126,0.000969,1
imagePyramid,62,0.433459
preCompute,62,1.297137
imagePyramid,62,0.379809
preCompute,62,1.245077
imagePyramid,62,0.433149
preCompute,62,1.249287
imagePyramid,59,0.343609
track,59,1.712026,0.000000,1
imagePyramid,60,0.452029
track,60,2.343325,0.001625,1
imagePyramid,61,0.436659
track,61,2.616285,0.001472,1
imagePyramid,62,0.411869
track,62,2.162106,0.001708,1
imagePyramid,63,0.529359
track,63,1.985615,0.001779,1
imagePyramid,63,0.540048
preCompute,63,1.321217
imagePyramid,63,0.381710
preCompute,63,1.275527
imagePyramid,63,0.594449
preCompute,63,1.316287
imagePyramid,60,0.331399
track,60,1.779247,0.000000,1
imagePyramid,61,0.450289
track,61,1.966226,0.000775,1
imagePyramid,62,0.384839
track,62,1.965746,0.002201,1
imagePyramid,63,0.639259
track,63,2.037255,0.001504,1
imagePyramid,64,0.369739
track,64,2.260285,0.001425,1
imagePyramid,64,0.355439
preCompute,64,1.267537
imagePyramid,64,0.312339
preCompute,64,1.158698
imagePyramid,64,0.381159
preCompute,64,1.425427
imagePyramid,61,0.470619
track,61,1.956186,0.000000,1
imagePyramid,62,0.456149
track,62,2.019935,0.001797,1
imagePyramid,63,0.404310
track,63,1.892986,0.002531,1
imagePyramid,64,0.694259
track,64,1.951235,0.001618,1
imagePyramid,65,0.545309
track,65,2.204395,0.002017,1
imagePyramid,65,0.487589
preCompute,65,1.276867
imagePyramid,65,0.839008
preCompute,65,1.246027
imagePyramid,65,0.435419
preCompute,65,1.247657
imagePyramid,62,0.328339
track,62,1.810576,0.000000,1
imagePyramid,63,0.540788
track,63,2.084896,0.001185,1
imagePyramid,64,0.442729
track,64,1.930796,0.000901,1
imagePyramid,65,0.576709
track,65,2.757444,0.001174,1
imagePyramid,66,0.493069
track,66,2.195785,0.001300,1
imagePyramid,66,0.451349
preCompute,66,1.358577
imagePyramid,66,0.338349
preCompute,66,1.290817
imagePyramid,66,2.327105
preCompute,66,2.057915
imagePyramid,63,0.607338
track,63,2.720174,0.000000,1
imagePyramid,64,0.571089
track,64,2.586604,0.001017,1
imagePyramid,65,0.466409
track,65,2.137826,0.000924,1
imagePyramid,66,0.383429
track,66,1.950156,0.002660,1
imagePyramid,67,0.445789
track,67,2.025815,0.001567,1
imagePyramid,67,0.456979
preCompute,67,1.292027
imagePyramid,67,0.399529
preCompute,67,1.278567
imagePyramid,64,0.349699
track,64,1.669837,0.000000,1
imagePyramid,65,0.490539
track,65,2.097356,0.002039,1
imagePyramid,66,0.510079
track,66,2.137775,0.001212,1
imagePyramid,67,0.442759
track,67,2.396775,0.000977,1
imagePyramid,68,0.385839
track,68,1.906866,0.001300,1
imagePyramid,68,0.396379
preCompute,68,1.229058
imagePyramid,68,0.341059
preCompute,68,1.191128
imagePyramid,68,0.364309
preCompute,68,1.364107
imagePyramid,65,0.310199
track,65,1.722426,0.000000,1
imagePyramid,66,0.390549
track,66,1.915326,0.001330,1
imagePyramid,67,0.404649
track,67,1.900166,0.001771,1
imagePyramid,68,0.408970
track,68,1.934876,0.001998,1
imagePyramid,69,0.377090
track,69,2.680904,0.001860,1
imagePyramid,69,0.465649
preCompute,69,1.330707
imagePyramid,69,0.332579
preCompute,69,1.280577
imagePyramid,69,0.395579
preCompute,69,1.186807
imagePyramid,66,0.332679
track,66,1.714116,0.000000,1
imagePyramid,67,0.394059
track,67,1.829146,0.001113,1
imagePyramid,68,0.387529
track,68,1.874306,0.001260,1
imagePyramid,69,0.354569
track,69,1.984536,0.001225,1
imagePyramid,70,0.436149
track,70,2.140336,0.001565,1
imagePyramid,70,0.392089
preCompute,70,1.276287
imagePyramid,70,0.349069
preCompute,70,1.283277
imagePyramid,70,0.453819
preCompute,70,1.334167
imagePyramid,67,1.779906
track,67,1.611557,0.000000,1
imagePyramid,68,0.416759
track,68,1.969806,0.001157,1
imagePyramid,69,0.370089
track,69,1.865526,0.000902,1
imagePyramid,70,0.359279
track,70,1.970866,0.000935,1
imagePyramid,71,0.405740
track,71,2.062096,0.001466,1
imagePyramid,71,0.399119
preCompute,71,1.259757
imagePyramid,71,0.329259
preCompute,71,1.183707
imagePyramid,71,1.064428
preCompute,71,1.240517
imagePyramid,68,0.359379
track,68,2.181535,0.000000,1
imagePyramid,69,0.456949
track,69,2.223786,0.001005,1
imagePyramid,70,0.394260
track,70,1.880175,0.001487,1
imagePyramid,71,0.390509
track,71,1.958815,0.001261,1
imagePyramid,72,0.393590
track,72,2.094386,0.001121,1
imagePyramid,72,0.386719
preCompute,72,1.254717
imagePyramid,72,1.260677
preCompute,72,1.165057
imagePyramid,72,0.485859
preCompute,72,1.304617
imagePyramid,69,1.162137
track,69,1.632096,0.000000,1
imagePyramid,70,0.392329
track,70,1.997726,0.000934,1
imagePyramid,71,0.389499
track,71,2.071716,0.001754,1
imagePyramid,72,0.372260
track,72,1.876456,0.001442,1
imagePyramid,73,0.370430
track,73,2.089495,0.002174,1
imagePyramid,73,0.494399
preCompute,73,1.279067
imagePyramid,73,0.978987
preCompute,73,1.254868
imagePyramid,73,0.389399
preCompute,73,1.356927
imagePyramid,70,0.323399
track,70,1.829176,0.000000,1
imagePyramid,71,0.468959
track,71,2.175405,0.001189,1
imagePyramid,72,0.385549
track,72,1.891456,0.000905,1
imagePyramid,73,0.392850
track,73,2.002676,0.001761,1
imagePyramid,74,0.360769
track,74,2.227685,0.003609,1
imagePyramid,74,0.374640
preCompute,74,1.299718
imagePyramid,74,0.316889
preCompute,74,1.155738
imagePyramid,74,1.552676
preCompute,74,1.292327
imagePyramid,71,0.314609
track,71,1.684387,0.000000,1
imagePyramid,72,0.566679
track,72,2.417995,0.001308,1
imagePyramid,73,0.377319
track,73,1.947906,0.001406,1
imagePyramid,74,0.378379
track,74,2.234255,0.001583,1
imagePyramid,75,0.378319
track,75,1.961015,0.001292,1
imagePyramid,75,0.351110
preCompute,75,1.219357
imagePyramid,75,0.525599
preCompute,75,1.319667
imagePyramid,72,0.366059
track,72,2.576444,0.000000,1
imagePyramid,73,0.435939
track,73,1.984476,0.000998,1
imagePyramid,74,0.531699
track,74,2.170225,0.001187,1
imagePyramid,75,0.403209
track,75,1.878996,0.001895,1
imagePyramid,76,0.529679
track,76,2.180965,0.002171,1
imagePyramid,76,0.407089
preCompute,76,1.256847
imagePyramid,76,0.337779
preCompute,76,1.258527
imagePyramid,76,0.345369
preCompute,76,1.244127
imagePyramid,73,0.334359
track,73,1.664526,0.000000,1
imagePyramid,74,0.391499
track,74,1.922626,0.001044,1
imagePyramid,75,0.368959
track,75,2.085966,0.001256,1
imagePyramid,76,0.452899
track,76,2.054946,0.000868,1
imagePyramid,77,0.348690
track,77,1.944876,0.001122,1
imagePyramid,77,0.343999
preCompute,77,1.280478
imagePyramid,77,0.315890
preCompute,77,1.198837
imagePyramid,77,0.346899
preCompute,77,1.300507
imagePyramid,74,0.315079
track,74,1.572227,0.000000,1
imagePyramid,75,0.409179
track,75,2.224385,0.001401,1
imagePyramid,76,0.352419
track,76,1.919146,0.001006,1
imagePyramid,77,0.671968
track,77,2.146705,0.001374,1
imagePyramid,78,0.401269
track,78,2.017035,0.001214,1
imagePyramid,78,0.397119
preCompute,78,1.245588
imagePyramid,78,0.317759
preCompute,78,1.158268
imagePyramid,78,0.507939
preCompute,78,1.273887
imagePyramid,75,0.346220
track,75,1.727106,0.000000,1
imagePyramid,76,0.443299
track,76,1.952886,0.001093,1
imagePyramid,77,0.515329
track,77,1.945215,0.001319,1
imagePyramid,78,0.611869
track,78,1.993246,0.001557,1
imagePyramid,79,0.497578
track,79,2.064916,0.001270,1
imagePyramid,79,0.482949
preCompute,79,1.284298
imagePyramid,79,0.362819
preCompute,79,1.254787
imagePyramid,79,0.474569
preCompute,79,1.305347
imagePyramid,76,0.341849
track,76,1.694686,0.000000,1
imagePyramid,77,0.456659
track,77,1.931195,0.000899,1
imagePyramid,78,0.395649
track,78,1.950056,0.001638,1
imagePyramid,79,0.423979
track,79,2.403455,0.002394,1
imagePyramid,80,0.356709
track,80,2.406325,0.001692,1
imagePyramid,80,0.487839
preCompute,80,1.286947
imagePyramid,80,0.454049
preCompute,80,1.246577
imagePyramid,80,0.397479
preCompute,80,1.271207
imagePyramid,77,0.352879
track,77,1.722806,0.000000,1
imagePyramid,78,0.429219
track,78,1.967385,0.001189,1
imagePyramid,79,0.374589
track,79,1.931946,0.001245,1
imagePyramid,80,0.884348
track,80,2.018126,0.001626,1
imagePyramid,81,0.386639
track,81,2.590925,0.001633,1
imagePyramid,81,0.818978
preCompute,81,1.209147
imagePyramid,81,0.321389
preCompute,81,1.177198
imagePyramid,81,0.478039
preCompute,81,1.319457
imagePyramid,78,0.413489
track,78,1.840916,0.000000,1
imagePyramid,79,0.460429
track,79,1.961916,0.001346,1
imagePyramid,80,0.462319
track,80,2.228265,0.001219,1
imagePyramid,81,0.500499
track,81,2.946983,0.001935,1
imagePyramid,82,0.388589
track,82,2.328765,0.002501,1
imagePyramid,82,0.397859
preCompute,82,1.241887
imagePyramid,82,0.396440
preCompute,82,1.221187
imagePyramid,82,0.463619
preCompute,82,1.315557
imagePyramid,79,0.345319
track,79,2.185795,0.000000,1
imagePyramid,80,0.414349
track,80,1.990326,0.001252,1
imagePyramid,81,0.404439
track,81,2.516764,0.000949,1
imagePyramid,82,0.386139
track,82,2.047616,0.001486,1
imagePyramid,83,1.156727
track,83,2.155675,0.001944,1
imagePyramid,83,0.478949
preCompute,83,1.296507
imagePyramid,83,0.802538
preCompute,83,1.283267
imagePyramid,83,0.543119
preCompute,83,1.202847
imagePyramid,80,0.412329
track,80,2.040616,0.000000,1
imagePyramid,81,0.588569
track,81,2.155795,0.000520,1
imagePyramid,82,0.406069
track,82,2.120035,0.000993,1
imagePyramid,83,0.382609
track,83,2.021735,0.001135,1
imagePyramid,84,0.363020
track,84,2.376044,0.001989,1
imagePyramid,84,0.867308
preCompute,84,1.255327
imagePyramid,84,0.355489
preCompute,84,1.247637
imagePyramid,84,0.494889
preCompute,84,1.305657
imagePyramid,81,0.394489
track,81,1.814516,0.000000,1
imagePyramid,82,0.487509
track,82,2.291235,0.002577,1
imagePyramid,83,0.512059
track,83,2.119635,0.002438,1
imagePyramid,84,0.355160
track,84,2.182235,0.001735,1
imagePyramid,85,0.699259
track,85,2.007255,0.002531,1
imagePyramid,85,0.352680
preCompute,85,1.241237
imagePyramid,85,0.332759
preCompute,85,1.234507
imagePyramid,85,0.472539
preCompute,85,1.291058
imagePyramid,82,0.361349
track,82,1.682736,0.000000,1
imagePyramid,83,0.557859
track,83,2.185655,0.001139,1
imagePyramid,84,0.452539
track,84,2.377015,0.001012,1
imagePyramid,85,0.434089
track,85,2.234525,0.001264,1
imagePyramid,86,0.369939
track,86,2.113196,0.001592,1
imagePyramid,86,0.461549
preCompute,86,1.277827
imagePyramid,86,0.345359
preCompute,86,1.164858
imagePyramid,86,0.596218
preCompute,86,1.304377
imagePyramid,83,0.310219
track,83,2.098975,0.000000,1
imagePyramid,84,0.486549
track,84,2.621304,0.000795,1
imagePyramid,85,0.381549
track,85,2.437385,0.001386,1
imagePyramid,86,0.353449
track,86,2.143965,0.001616,1
imagePyramid,87,0.425629
track,87,2.006045,0.001275,1
imagePyramid,87,0.326949
preCompute,87,1.138488
imagePyramid,87,0.329980
preCompute,87,1.222707
imagePyramid,87,0.488718
preCompute,87,1.300697
imagePyramid,84,0.375479
track,84,1.747746,0.000000,1
imagePyramid,85,0.513588
track,85,2.827794,0.000920,1
imagePyramid,86,0.458309
track,86,2.458434,0.000974,1
imagePyramid,87,0.405379
track,87,2.482285,0.001403,1
imagePyramid,88,0.482829
track,88,2.298725,0.002338,1
imagePyramid,88,0.356129
preCompute,88,1.228437
imagePyramid,88,0.317789
preCompute,88,1.164778
imagePyramid,88,0.364829
preCompute,88,1.268717
imagePyramid,85,0.332070
track,85,1.695386,0.000000,1
imagePyramid,86,0.392599
track,86,2.205725,0.001610,1
imagePyramid,87,0.413299
track,87,2.404225,0.002390,1
imagePyramid,88,0.423709
track,88,2.748264,0.001728,1
imagePyramid,89,0.429989
track,89,2.674275,0.001068,1
imagePyramid,89,0.421729
preCompute,89,1.438947
imagePyramid,89,0.370839
preCompute,89,1.265117
imagePyramid,89,0.454779
preCompute,89,1.519236
imagePyramid,86,0.445729
track,86,1.953466,0.000000,1
imagePyramid,87,1.225547
track,87,2.855624,0.001688,1
imagePyramid,88,0.515989
track,88,2.264255,0.001041,1
imagePyramid,89,0.419679
track,89,2.223975,0.001556,1
imagePyramid,90,0.419329
track,90,2.061345,0.001156,1
imagePyramid,90,0.406399
preCompute,90,1.284897
imagePyramid,90,0.354999
preCompute,90,1.266637
imagePyramid,87,0.323319
track,87,1.609977,0.000000,1
imagePyramid,88,0.515289
track,88,2.281645,0.001176,1
imagePyramid,89,0.593449
track,89,2.318715,0.001775,1
imagePyramid,90,0.360379
track,90,2.129095,0.001931,1
imagePyramid,91,0.359919
track,91,2.204405,0.002191,1
imagePyramid,91,0.422519
preCompute,91,1.287957
imagePyramid,91,0.328309
preCompute,91,1.160928
imagePyramid,91,0.385610
preCompute,91,1.329977
imagePyramid,88,0.337899
track,88,1.720806,0.000000,1
imagePyramid,89,0.380699
track,89,2.178435,0.001017,1
imagePyramid,90,0.825988
track,90,2.697364,0.001278,1
imagePyramid,91,1.121087
track,91,2.145575,0.001245,1
imagePyramid,92,0.361699
track,92,2.088545,0.000944,1
imagePyramid,92,0.459259
preCompute,92,1.251407
imagePyramid,92,0.349700
preCompute,92,1.217477
imagePyramid,92,0.489309
preCompute,92,1.288658
imagePyramid,89,0.340479
track,89,1.694967,0.000000,1
imagePyramid,90,0.574259
track,90,2.258415,0.001472,1
imagePyramid,91,0.485259
track,91,2.292995,0.001490,1
imagePyramid,92,0.505929
track,92,2.517244,0.002702,1
imagePyramid,93,0.478479
track,93,2.260865,0.002950,1
imagePyramid,93,0.450009
preCompute,93,1.303147
imagePyramid,93,0.355729
preCompute,93,1.255797
imagePyramid,93,0.492229
preCompute,93,1.305287
imagePyramid,90,0.403149
track,90,1.815526,0.000000,1
imagePyramid,91,0.406789
track,91,2.234705,0.002147,1
imagePyramid,92,0.464599
track,92,2.499645,0.001853,1
imagePyramid,93,0.351579
track,93,2.974214,0.002145,1
imagePyramid,94,0.812648
track,94,2.170296,0.002965,1
imagePyramid,94,0.391249
preCompute,94,1.290357
imagePyramid,94,0.317369
preCompute,94,1.221917
imagePyramid,94,0.437999
preCompute,94,1.282047
imagePyramid,91,0.322389
track,91,1.582457,0.000000,1
imagePyramid,92,0.445469
track,92,1.984066,0.001541,1
imagePyramid,93,0.957028
track,93,2.713284,0.001616,1
imagePyramid,94,0.453899
track,94,2.217746,0.001773,1
imagePyramid,95,0.503499
track,95,2.793474,0.001681,1
imagePyramid,95,0.766618
preCompute,95,1.249607
imagePyramid,95,0.342639
preCompute,95,1.240617
imagePyramid,95,0.356359
preCompute,95,1.267707
imagePyramid,92,0.312289
track,92,1.774396,0.000000,1
imagePyramid,93,0.460819
track,93,2.432165,0.001683,1
imagePyramid,94,0.405410
track,94,2.363805,0.001360,1
imagePyramid,95,0.388600
track,95,2.358615,0.001505,1
imagePyramid,96,0.510308
track,96,3.209983,0.001631,1
imagePyramid,96,0.461789
preCompute,96,1.242717
imagePyramid,96,0.362289
preCompute,96,1.500437
imagePyramid,96,0.397829
preCompute,96,1.332267
imagePyramid,93,0.594369
track,93,1.760756,0.000000,1
imagePyramid,94,0.460079
track,94,2.158056,0.002476,1
imagePyramid,95,0.469179
track,95,2.238565,0.003074,1
imagePyramid,96,0.385419
track,96,2.219506,0.002691,1
imagePyramid,97,0.459449
track,97,2.348864,0.002475,1
imagePyramid,97,0.421309
preCompute,97,1.416837
imagePyramid,97,0.345779
preCompute,97,1.260557
imagePyramid,94,0.308629
track,94,1.717907,0.000000,1
imagePyramid,95,0.344189
track,95,2.133656,0.001341,1
imagePyramid,96,0.408219
track,96,2.267155,0.001261,1
imagePyramid,97,0.363209
track,97,2.163975,0.001319,1
imagePyramid,98,0.373369
track,98,2.004325,0.002308,1
imagePyramid,98,0.917078
preCompute,98,1.259177
imagePyramid,98,0.353019
preCompute,98,1.164038
imagePyramid,98,0.345079
preCompute,98,1.143977
imagePyramid,95,1.052158
track,95,1.694697,0.000000,1
imagePyramid,96,0.427649
track,96,2.237275,0.002826,1
imagePyramid,97,0.491789
track,97,2.228885,0.002826,1
imagePyramid,98,0.444199
track,98,2.117686,0.003133,1
imagePyramid,99,0.373029
track,99,2.050876,0.002983,1
imagePyramid,99,0.356559
preCompute,99,1.269467
imagePyramid,99,1.517316
preCompute,99,1.193028
imagePyramid,99,0.475969
preCompute,99,1.352717
imagePyramid,96,0.344170
track,96,2.640114,0.000000,1
imagePyramid,97,1.013768
track,97,2.725924,0.001243,1
imagePyramid,98,0.528229
track,98,2.360645,0.000861,1
imagePyramid,99,0.399749
track,99,2.318535,0.001354,1
imagePyramid,100,0.396009
track,100,2.320715,0.001446,1
imagePyramid,100,0.350439
preCompute,100,1.231798
imagePyramid,100,0.343059
preCompute,100,1.168768
imagePyramid,100,0.366889
preCompute,100,1.248657
imagePyramid,97,0.307929
track,97,1.654227,0.000000,1
imagePyramid,98,0.464479
track,98,3.180273,0.001591,1
imagePyramid,99,0.387869
track,99,2.421945,0.000962,1
imagePyramid,100,0.474169
track,100,2.276095,0.001035,1
imagePyramid,101,0.469189
track,101,2.666894,0.001442,1
imagePyramid,101,0.537109
preCompute,101,1.307467
imagePyramid,101,0.348729
preCompute,101,1.263397
imagePyramid,101,0.400739
preCompute,101,1.287607
imagePyramid,98,0.359780
track,98,1.741776,0.000000,1
imagePyramid,99,0.460459
track,99,2.280195,0.000917,1
imagePyramid,100,0.430319
track,100,2.060445,0.001836,1
imagePyramid,101,0.393249
track,101,2.296935,0.001305,1
imagePyramid,102,0.381799
track,102,2.304415,0.001282,1
imagePyramid,102,0.387649
preCompute,102,1.268887
imagePyramid,102,1.278048
preCompute,102,1.393727
imagePyramid,102,0.353319
preCompute,102,1.253917
imagePyramid,99,0.309490
track,99,2.261755,0.000000,1
imagePyramid,100,0.486389
track,100,2.793214,0.001687,1
imagePyramid,101,0.480219
track,101,2.600115,0.002823,1
imagePyramid,102,0.487509
track,102,2.331095,0.003091,1
imagePyramid,103,0.415999
track,103,2.026905,0.004459,1
imagePyramid,103,0.364579
preCompute,103,1.274577
imagePyramid,103,0.311319
preCompute,103,1.159438
imagePyramid,103,0.367609
preCompute,103,1.262907
imagePyramid,100,0.311299
track,100,2.119856,0.000000,1
imagePyramid,101,0.521208
track,101,2.386545,0.001883,1
imagePyramid,102,0.478229
track,102,2.876683,0.001763,1
imagePyramid,103,0.444169
track,103,2.516014,0.001146,1
imagePyramid,104,0.408029
track,104,2.322275,0.001769,1
imagePyramid,104,0.377940
preCompute,104,1.229818
imagePyramid,104,0.339910
preCompute,104,1.240457
imagePyramid,101,0.316829
track,101,1.715546,0.000000,1
imagePyramid,102,0.353989
track,102,2.615165,0.001202,1
imagePyramid,103,0.361049
track,103,2.864784,0.000935,1
imagePyramid,104,0.435209
track,104,2.321755,0.001222,1
imagePyramid,105,0.426009
track,105,2.046645,0.002742,1
imagePyramid,105,0.340089
preCompute,105,1.290707
imagePyramid,105,0.323219
preCompute,105,1.144098
imagePyramid,105,0.404619
preCompute,105,1.298127
imagePyramid,102,0.330799
track,102,1.831016,0.000000,1
imagePyramid,103,0.468099
track,103,2.416535,0.000734,1
imagePyramid,104,0.378399
track,104,2.923894,0.001017,1
imagePyramid,105,0.453859
track,105,2.071735,0.002282,1
imagePyramid,106,0.356819
track,106,2.554274,0.001336,1
imagePyramid,106,0.390189
preCompute,106,1.258117
imagePyramid,106,0.340950
preCompute,106,1.165487
imagePyramid,106,0.463089
preCompute,106,1.307647
imagePyramid,103,0.339020
track,103,1.769876,0.000000,1
imagePyramid,104,0.494089
track,104,2.374455,0.001138,1
imagePyramid,105,0.397479
track,105,2.259535,0.001879,1
imagePyramid,106,0.419979
track,106,2.529274,0.003534,1
imagePyramid,106,0.560969
preCompute,106,1.418287
imagePyramid,106,2.114026
preCompute,106,1.230837
imagePyramid,106,0.448079
preCompute,106,1.296897
imagePyramid,104,0.358809
track,104,1.793516,0.000000,1
imagePyramid,105,0.461259
track,105,2.159555,0.001399,1
imagePyramid,106,0.491938
track,106,2.116416,0.001582,1
imagePyramid,107,0.796249
track,107,2.224845,0.001702,1
imagePyramid,108,0.530719
track,108,2.639785,0.001653,1
imagePyramid,108,0.454119
preCompute,108,1.254328
imagePyramid,108,0.560318
preCompute,108,1.277428
imagePyramid,108,0.431489
preCompute,108,1.274547
imagePyramid,105,0.352099
track,105,2.113646,0.000000,1
imagePyramid,106,0.673398
track,106,2.107285,0.002642,1
imagePyramid,107,0.445559
track,107,1.996876,0.003003,1
imagePyramid,108,0.372199
track,108,2.014366,0.003390,1
imagePyramid,109,0.399979
track,109,2.301235,0.003608,1
imagePyramid,109,0.478749
preCompute,109,1.244877
imagePyramid,109,0.356189
preCompute,109,1.256537
imagePyramid,109,0.465689
preCompute,109,1.287437
imagePyramid,106,0.328610
track,106,1.766766,0.000000,1
imagePyramid,107,0.364619
track,107,2.469835,0.002277,1
imagePyramid,108,0.486039
track,108,1.965686,0.002027,1
imagePyramid,109,0.481469
track,109,2.270485,0.002701,1
imagePyramid,110,0.396009
track,110,2.611374,0.002728,1
imagePyramid,110,0.394219
preCompute,110,1.274307
imagePyramid,110,0.334419
preCompute,110,1.148128
imagePyramid,110,0.458029
preCompute,110,1.248558
imagePyramid,107,0.347109
track,107,1.617007,0.000000,1
imagePyramid,108,0.343880
track,108,2.376284,0.002310,1
imagePyramid,109,0.379610
track,109,2.144286,0.002766,1
imagePyramid,110,0.494929
track,110,2.043006,0.002882,1
imagePyramid,111,0.371339
track,111,1.959976,0.002764,1
imagePyramid,111,0.401459
preCompute,111,1.305577
imagePyramid,111,0.358439
preCompute,111,1.333307
imagePyramid,111,0.365149
preCompute,111,1.296147
imagePyramid,108,0.302099
track,108,2.406375,0.000000,1
imagePyramid,109,0.410139
track,109,1.923916,0.001887,1
imagePyramid,110,0.410579
track,110,2.099535,0.001510,1
imagePyramid,111,0.409329
track,111,1.918605,0.002662,1
imagePyramid,112,0.444480
track,112,2.112716,0.003239,1
imagePyramid,112,0.372800
preCompute,112,1.288137
imagePyramid,112,0.303710
preCompute,112,1.215547
imagePyramid,112,0.365299
preCompute,112,1.306488
imagePyramid,109,0.337419
track,109,1.642557,0.000000,1
imagePyramid,110,0.501389
track,110,2.454305,0.002622,1
imagePyramid,111,0.433899
track,111,2.131416,0.001929,1
imagePyramid,112,0.454799
track,112,2.090295,0.002431,1
imagePyramid,113,0.412299
track,113,1.951565,0.002977,1
imagePyramid,113,0.376349
preCompute,113,1.291057
imagePyramid,113,0.324069
preCompute,113,1.175478
imagePyramid,113,0.472769
preCompute,113,1.364917
imagePyramid,110,0.350849
track,110,1.833996,0.000000,1
imagePyramid,111,0.419569
track,111,2.247615,0.002393,1
imagePyramid,112,0.404080
track,112,1.994416,0.002783,1
imagePyramid,113,0.451439
track,113,2.034016,0.003353,1
imagePyramid,114,0.465849
track,114,2.117435,0.003187,1
imagePyramid,114,0.333309
preCompute,114,1.265367
imagePyramid,114,0.339839
preCompute,114,1.159957
imagePyramid,114,0.361069
preCompute,114,1.170288
imagePyramid,111,0.396989
track,111,1.626137,0.000000,1
imagePyramid,112,0.399889
track,112,2.627734,0.002680,1
imagePyramid,113,0.494379
track,113,2.482654,0.002311,1
imagePyramid,114,0.493169
track,114,2.352065,0.002900,1
imagePyramid,115,0.381400
track,115,2.018896,0.003155,1
imagePyramid,115,0.346889
preCompute,115,1.235727
imagePyramid,115,0.306559
preCompute,115,1.155337
imagePyramid,115,0.356089
preCompute,115,1.381197
imagePyramid,112,0.385520
track,112,1.591907,0.000000,1
imagePyramid,113,0.455329
track,113,2.093166,0.002513,1
imagePyramid,114,0.488029
track,114,2.408015,0.002822,1
imagePyramid,115,0.489959
track,115,1.898206,0.002532,1
imagePyramid,116,0.359049
track,116,1.935926,0.002767,1
imagePyramid,116,0.437839
preCompute,116,1.323137
imagePyramid,116,0.354880
preCompute,116,1.306437
imagePyramid,116,0.395529
preCompute,116,1.282467
imagePyramid,113,0.338739
track,113,1.601077,0.000000,1
imagePyramid,114,0.427019
track,114,2.136545,0.002252,1
imagePyramid,115,0.520449
track,115,2.909303,0.002001,1
imagePyramid,116,0.476629
track,116,2.847493,0.002357,1
imagePyramid,117,0.432159
track,117,2.480295,0.002573,1
imagePyramid,117,0.449809
preCompute,117,1.319127
imagePyramid,117,0.355219
preCompute,117,1.303067
imagePyramid,117,0.528858
preCompute,117,1.252508
imagePyramid,114,0.311619
track,114,1.577037,0.000000,1
imagePyramid,115,0.478269
track,115,2.170755,0.002436,1
imagePyramid,116,0.548669
track,116,2.256335,0.002019,1
imagePyramid,117,0.465469
track,117,2.110865,0.002705,1
imagePyramid,118,0.591348
track,118,2.129006,0.002808,1
imagePyramid,118,0.487839
preCompute,118,1.312007
imagePyramid,118,0.374279
preCompute,118,1.242757
imagePyramid,118,0.476789
preCompute,118,1.363977
imagePyramid,115,0.741708
track,115,1.644947,0.000000,1
imagePyramid,116,0.497089
track,116,2.164025,0.002399,1
imagePyramid,117,0.537489
track,117,2.156935,0.002641,1
imagePyramid,118,0.456809
track,118,2.364485,0.002729,1
imagePyramid,119,0.381559
track,119,2.298405,0.002676,1
imagePyramid,119,0.596188
preCompute,119,1.421277
imagePyramid,119,1.530196
preCompute,119,1.394007
imagePyramid,119,0.494319
preCompute,119,1.412827
imagePyramid,116,0.522529
track,116,2.128836,0.000000,1
imagePyramid,117,0.621679
track,117,2.146396,0.001715,1
imagePyramid,118,0.487199
track,118,2.036166,0.002739,1
imagePyramid,119,0.452459
track,119,2.293085,0.002959,1
imagePyramid,120,0.479829
track,120,2.102005,0.003415,1
imagePyramid,120,0.411380
preCompute,120,1.276698
imagePyramid,120,0.410749
preCompute,120,1.203237
imagePyramid,120,0.527519
preCompute,120,1.193037
imagePyramid,117,0.747328
track,117,1.826136,0.000000,1
imagePyramid,118,0.501699
track,118,2.165235,0.002520,1
imagePyramid,119,0.443599
track,119,2.159395,0.002732,1
imagePyramid,120,0.442859
track,120,2.175216,0.002946,1
imagePyramid,121,0.530989
track,121,2.190835,0.003130,1
imagePyramid,121,0.376550
preCompute,121,1.307468
imagePyramid,121,0.396929
preCompute,121,1.191757
imagePyramid,121,0.377770
preCompute,121,1.175108
imagePyramid,118,0.297090
track,118,2.124715,0.000000,1
imagePyramid,119,0.370250
track,119,2.151186,0.002551,1
imagePyramid,120,0.420019
track,120,1.988696,0.002713,1
imagePyramid,121,0.497519
track,121,2.038835,0.002968,1
imagePyramid,122,0.548559
track,122,2.005526,0.003045,1
imagePyramid,122,0.377730
preCompute,122,1.279288
imagePyramid,122,1.130807
preCompute,122,1.321477
imagePyramid,122,0.503659
preCompute,122,1.330937
imagePyramid,119,0.361069
track,119,1.754236,0.000000,1
imagePyramid,120,0.424589
track,120,2.278705,0.002731,1
imagePyramid,121,0.435859
track,121,1.915246,0.002939,1
imagePyramid,122,0.347229
track,122,1.957596,0.003064,1
imagePyramid,123,0.351680
track,123,1.996975,0.003235,1
imagePyramid,123,0.386290
preCompute,123,1.292528
imagePyramid,123,0.309649
preCompute,123,1.151788
imagePyramid,123,0.335829
preCompute,123,1.255298
imagePyramid,120,1.074408
track,120,1.967335,0.000000,1
imagePyramid,121,0.474929
track,121,2.134425,0.002300,1
imagePyramid,122,0.375409
track,122,2.128635,0.003312,1
imagePyramid,123,0.392139
track,123,1.915735,0.003038,1
imagePyramid,124,0.371589
track,124,1.905296,0.002919,1
imagePyramid,124,0.336879
preCompute,124,1.217728
imagePyramid,124,0.325039
preCompute,124,1.175288
imagePyramid,124,0.340239
preCompute,124,1.243897
imagePyramid,121,0.304270
track,121,2.013735,0.000000,1
imagePyramid,122,0.729429
track,122,2.208026,0.002668,1
imagePyramid,123,1.028678
track,123,2.123866,0.002991,1
imagePyramid,124,0.386989
track,124,1.980086,0.002740,1
imagePyramid,125,0.373509
track,125,1.995326,0.002756,1
imagePyramid,125,0.424379
preCompute,125,1.262747
imagePyramid,125,0.362880
preCompute,125,1.251247
imagePyramid,125,0.465119
preCompute,125,1.288587
imagePyramid,122,0.357680
track,122,1.825196,0.000000,1
imagePyramid,123,0.478709
track,123,2.239575,0.002971,1
imagePyramid,124,0.444189
track,124,2.510415,0.002373,1
imagePyramid,125,0.402849
track,125,2.019145,0.002852,1
imagePyramid,126,0.387250
track,126,1.978895,0.002942,1
imagePyramid,126,0.475039
preCompute,126,1.298507
imagePyramid,126,0.374759
preCompute,126,1.248127
imagePyramid,126,0.388870
preCompute,126,1.246208
imagePyramid,123,0.362899
track,123,1.809236,0.000000,1
imagePyramid,124,0.451449
track,124,2.533355,0.002686,1
imagePyramid,125,0.502439
track,125,2.542904,0.003030,1
imagePyramid,126,0.411509
track,126,1.991566,0.003299,1
imagePyramid,127,0.391289
track,127,1.941416,0.003333,1
imagePyramid,127,0.468459
preCompute,127,1.258547
imagePyramid,127,0.357450
preCompute,127,1.220977
imagePyramid,127,0.423459
preCompute,127,1.341427
imagePyramid,124,0.368550
track,124,2.447225,0.000000,1
imagePyramid,125,0.513319
track,125,2.201095,0.003790,1
imagePyramid,125,0.923618
preCompute,125,1.280547
imagePyramid,125,0.345729
preCompute,125,1.264927
imagePyramid,125,0.460929
preCompute,125,1.210567
imagePyramid,125,0.344930
track,125,2.174565,0.000000,1
imagePyramid,126,0.334629
track,126,1.953286,0.003006,1
imagePyramid,127,0.405399
track,127,1.965996,0.003170,1
imagePyramid,128,0.452439
track,128,1.990576,0.003372,1
imagePyramid,129,0.703109
track,129,2.477655,0.003561,1
imagePyramid,129,0.363599
preCompute,129,1.297977
imagePyramid,129,0.333579
preCompute,129,1.287987
imagePyramid,129,0.659178
preCompute,129,1.282207
imagePyramid,126,0.316709
track,126,2.126916,0.000000,1
imagePyramid,127,0.390609
track,127,2.227005,0.003398,1
imagePyramid,128,0.404690
track,128,2.074186,0.003321,1
imagePyramid,129,0.432899
track,129,2.073936,0.003695,1
imagePyramid,129,0.424549
preCompute,129,1.246008
imagePyramid,129,0.317789
preCompute,129,1.155918
imagePyramid,129,0.375349
preCompute,129,1.233237
imagePyramid,127,0.321789
track,127,1.559336,0.000000,1
imagePyramid,128,0.799508
track,128,2.640764,0.002726,1
imagePyramid,129,0.678279
track,129,2.065075,0.003107,1
imagePyramid,130,0.396659
track,130,2.310895,0.003179,1
imagePyramid,131,0.393469
track,131,1.973306,0.003092,1
imagePyramid,131,0.432539
preCompute,131,1.275357
imagePyramid,131,0.352390
preCompute,131,1.265448
imagePyramid,131,0.680889
preCompute,131,1.254947
imagePyramid,128,0.362089
track,128,1.773836,0.000000,1
imagePyramid,129,0.509449
track,129,2.446234,0.002529,1
imagePyramid,130,0.416869
track,130,2.062355,0.002991,1
imagePyramid,131,0.537249
track,131,2.230845,0.003017,1
imagePyramid,132,0.412489
track,132,1.950396,0.002922,1
imagePyramid,132,0.384529
preCompute,132,1.288017
imagePyramid,132,0.312749
preCompute,132,1.195618
imagePyramid,132,0.388200
preCompute,132,1.275357
imagePyramid,129,0.313990
track,129,1.610706,0.000000,1
imagePyramid,130,0.358269
track,130,1.996796,0.003036,1
imagePyramid,131,1.319957
track,131,2.653435,0.003387,1
imagePyramid,132,0.387640
track,132,2.737584,0.003949,1
imagePyramid,132,0.407029
preCompute,132,1.275917
imagePyramid,132,0.511119
preCompute,132,1.326687
imagePyramid,130,0.338630
track,130,1.925585,0.000000,1
imagePyramid,131,0.371969
track,131,1.971886,0.002480,1
imagePyramid,132,0.502149
track,132,2.384535,0.002871,1
imagePyramid,133,0.444489
track,133,2.165256,0.002795,1
imagePyramid,134,0.908948
track,134,2.042926,0.003214,1
imagePyramid,134,0.437109
preCompute,134,1.297377
imagePyramid,134,0.385259
preCompute,134,1.288368
imagePyramid,134,0.503799
preCompute,134,1.328397
imagePyramid,131,0.329369
track,131,1.757016,0.000000,1
imagePyramid,132,0.433239
track,132,2.019135,0.002695,1
imagePyramid,133,0.423929
track,133,2.121555,0.002221,1
imagePyramid,134,0.449689
track,134,2.018306,0.002711,1
imagePyramid,135,0.370029
track,135,1.971866,0.002931,1
imagePyramid,135,0.361479
preCompute,135,1.289248
imagePyramid,135,0.406389
preCompute,135,1.392547
imagePyramid,135,0.469899
preCompute,135,1.276408
imagePyramid,132,0.311110
track,132,2.410144,0.000000,1
imagePyramid,133,0.488689
track,133,2.104495,0.002754,1
imagePyramid,134,0.384760
track,134,2.158436,0.003634,1
imagePyramid,134,0.387999
preCompute,134,1.236927
imagePyramid,134,0.434399
preCompute,134,1.282807
imagePyramid,133,0.344189
track,133,1.730626,0.000000,1
imagePyramid,134,0.419359
track,134,2.143475,0.002856,1
imagePyramid,135,0.392969
track,135,2.000775,0.003261,1
imagePyramid,136,0.407060
track,136,2.291525,0.003805,1
imagePyramid,136,0.345379
preCompute,136,1.243487
imagePyramid,136,0.321239
preCompute,136,1.178237
imagePyramid,136,0.408489
preCompute,136,1.274137
imagePyramid,134,0.369799
track,134,1.679887,0.000000,1
imagePyramid,135,0.478328
track,135,2.062886,0.002640,1
imagePyramid,136,0.552609
track,136,2.296925,0.002729,1
imagePyramid,137,0.874338
track,137,2.218805,0.002893,1
imagePyramid,138,0.478679
track,138,2.534974,0.002874,1
imagePyramid,138,0.367239
preCompute,138,1.279117
imagePyramid,138,0.307780
preCompute,138,1.205007
imagePyramid,138,0.352929
preCompute,138,1.277397
imagePyramid,135,0.333289
track,135,1.614106,0.000000,1
imagePyramid,136,0.403679
track,136,1.988895,0.002425,1
imagePyramid,137,0.398579
track,137,2.052165,0.002975,1
imagePyramid,138,0.466709
track,138,2.367755,0.003449,1
imagePyramid,139,0.519379
track,139,2.094085,0.003755,1
imagePyramid,139,0.369729
preCompute,139,1.225498
imagePyramid,139,0.329580
preCompute,139,1.151027
imagePyramid,139,0.371170
preCompute,139,1.302337
imagePyramid,136,0.342790
track,136,1.579257,0.000000,1
imagePyramid,137,0.497709
track,137,2.029246,0.002242,1
imagePyramid,138,0.432729
track,138,2.132625,0.002659,1
imagePyramid,139,0.522809
track,139,2.496515,0.002836,1
imagePyramid,140,0.446549
track,140,2.454435,0.003613,1
imagePyramid,140,0.645209
preCompute,140,1.307948
imagePyramid,140,0.369300
preCompute,140,1.497966
imagePyramid,140,0.393329
preCompute,140,1.284267
imagePyramid,137,0.412819
track,137,1.788126,0.000000,1
imagePyramid,138,0.489079
track,138,2.178175,0.003496,1
imagePyramid,139,0.442119
track,139,2.143285,0.004261,1
imagePyramid,139,0.490329
preCompute,139,1.302967
imagePyramid,139,0.437659
preCompute,139,1.280327
imagePyramid,138,0.379339
track,138,1.743586,0.000000,1
imagePyramid,139,0.390409
track,139,2.444595,0.002443,1
imagePyramid,140,0.362279
track,140,2.815904,0.002917,1
imagePyramid,141,0.483489
track,141,2.401665,0.003049,1
imagePyramid,142,0.479619
track,142,2.163045,0.003180,1
imagePyramid,142,0.388750
preCompute,142,1.301407
imagePyramid,142,0.324729
preCompute,142,1.165858
imagePyramid,142,0.410109
preCompute,142,1.298478
imagePyramid,139,0.340709
track,139,1.622357,0.000000,1
imagePyramid,140,0.530519
track,140,2.250475,0.002638,1
imagePyramid,141,0.518339
track,141,2.466815,0.002768,1
imagePyramid,142,0.476589
track,142,2.430394,0.003245,1
imagePyramid,143,0.511779
track,143,2.083556,0.003491,1
imagePyramid,143,0.437309
preCompute,143,1.249377
imagePyramid,143,0.369479
preCompute,143,1.208218
imagePyramid,143,0.450079
preCompute,143,1.278967
imagePyramid,140,0.338640
track,140,1.730136,0.000000,1
imagePyramid,141,0.488119
track,141,2.140725,0.002523,1
imagePyramid,142,0.423689
track,142,2.425374,0.003320,1
imagePyramid,143,0.409969
track,143,2.027865,0.003588,1
imagePyramid,143,0.533969
preCompute,143,1.251467
imagePyramid,143,0.398820
preCompute,143,1.229497
imagePyramid,141,0.317480
track,141,1.678696,0.000000,1
imagePyramid,142,0.363629
track,142,1.863856,0.003255,1
imagePyramid,143,0.356700
track,143,1.898236,0.003089,1
imagePyramid,144,0.467039
track,144,2.042115,0.002891,1
imagePyramid,145,0.375679
track,145,2.067706,0.002939,1
imagePyramid,145,0.357359
preCompute,145,1.287577
imagePyramid,145,0.848748
preCompute,145,1.270577
imagePyramid,145,0.345649
preCompute,145,1.280847
imagePyramid,142,0.321729
track,142,1.604297,0.000000,1
imagePyramid,143,0.479209
track,143,2.094595,0.003207,1
imagePyramid,144,0.409350
track,144,1.944246,0.004029,1
imagePyramid,144,0.389549
preCompute,144,1.277357
imagePyramid,144,0.405819
preCompute,144,1.264857
imagePyramid,143,0.358140
track,143,2.219795,0.000000,1
imagePyramid,144,0.381389
track,144,1.975445,0.002643,1
imagePyramid,145,0.351389
track,145,1.949675,0.003135,1
imagePyramid,146,0.471819
track,146,2.268985,0.003328,1
imagePyramid,147,0.454609
track,147,2.422185,0.003666,1
imagePyramid,147,0.397129
preCompute,147,1.250967
imagePyramid,147,0.330980
preCompute,147,1.158077
imagePyramid,147,0.389880
preCompute,147,1.310447
imagePyramid,144,0.316590
track,144,1.643946,0.000000,1
imagePyramid,145,0.585289
track,145,1.932045,0.002525,1
imagePyramid,146,0.434909
track,146,2.369505,0.002628,1
imagePyramid,147,0.405440
track,147,2.318665,0.002876,1
imagePyramid,148,0.465789
track,148,1.897256,0.002614,1
imagePyramid,148,0.352829
preCompute,148,1.301567
imagePyramid,148,0.310089
preCompute,148,1.172057
imagePyramid,148,0.511879
preCompute,148,1.224177
imagePyramid,145,0.321400
track,145,1.646026,0.000000,1
imagePyramid,146,0.401149
track,146,2.382615,0.002489,1
imagePyramid,147,0.440779
track,147,2.110225,0.003132,1
imagePyramid,148,0.389209
track,148,1.953396,0.003829,1
imagePyramid,148,0.621329
preCompute,148,1.280887
imagePyramid,148,0.366449
preCompute,148,1.275848
imagePyramid,148,0.380290
preCompute,148,1.322228
imagePyramid,146,0.513809
track,146,1.835586,0.000000,1
imagePyramid,147,0.464319
track,147,2.007245,0.002747,1
imagePyramid,148,0.408179
track,148,2.192275,0.002954,1
imagePyramid,149,0.465039
track,149,2.556185,0.003171,1
imagePyramid,150,0.770448
track,150,1.841966,0.003381,1
imagePyramid,150,0.401089
preCompute,150,1.281377
imagePyramid,150,0.387599
preCompute,150,1.238847
imagePyramid,150,0.344319
preCompute,150,1.195148
imagePyramid,147,0.331799
track,147,1.656527,0.000000,1
imagePyramid,148,0.357499
track,148,1.947196,0.002760,1
imagePyramid,149,0.428549
track,149,2.107136,0.003044,1
imagePyramid,150,0.477719
track,150,2.750424,0.003466,1
imagePyramid,151,0.469039
track,151,1.974936,0.003467,1
imagePyramid,151,0.344069
preCompute,151,1.287547
imagePyramid,151,0.334969
preCompute,151,1.144277
imagePyramid,151,0.338499
preCompute,151,1.241708
imagePyramid,148,0.300669
track,148,1.607527,0.000000,1
imagePyramid,149,0.560119
track,149,2.014016,0.004150,1
imagePyramid,149,0.400049
preCompute,149,1.342287
imagePyramid,149,0.456559
preCompute,149,1.538777
imagePyramid,149,0.423689
track,149,1.701827,0.000000,1
imagePyramid,150,0.410509
track,150,2.446505,0.003571,1
imagePyramid,150,0.418029
preCompute,150,1.475017
imagePyramid,150,0.328379
preCompute,150,1.206188
imagePyramid,150,0.356609
preCompute,150,1.283278
imagePyramid,150,0.329390
track,150,2.168875,0.000000,1
imagePyramid,151,0.423819
track,151,2.104276,0.002932,1
imagePyramid,152,0.450918
track,152,2.158336,0.003377,1
imagePyramid,153,0.367299
track,153,1.856456,0.003122,1
imagePyramid,154,0.819158
track,154,1.940855,0.003345,1
imagePyramid,154,0.602199
preCompute,154,1.270007
imagePyramid,154,0.306209
preCompute,154,1.181458
imagePyramid,154,0.432629
preCompute,154,1.300127
imagePyramid,151,0.357569
track,151,1.868086,0.000000,1
imagePyramid,152,0.506029
track,152,2.081836,0.002966,1
imagePyramid,153,0.485649
track,153,2.015585,0.003074,1
imagePyramid,154,0.399439
track,154,1.994345,0.003910,1
imagePyramid,154,0.398939
preCompute,154,1.318817
imagePyramid,154,0.343239
preCompute,154,1.237377
imagePyramid,152,0.407119
track,152,2.178165,0.000000,1
imagePyramid,153,0.399609
track,153,2.215025,0.003689,1
imagePyramid,153,0.475688
preCompute,153,1.272138
imagePyramid,153,0.352549
preCompute,153,1.196458
imagePyramid,153,0.462329
preCompute,153,1.314587
imagePyramid,153,0.340320
track,153,1.630966,0.000000,1
imagePyramid,154,0.492449
track,154,2.126785,0.003519,1
imagePyramid,154,0.407099
preCompute,154,1.253387
imagePyramid,154,0.408179
preCompute,154,1.317677
imagePyramid,154,0.340569
track,154,1.743176,0.000000,1
imagePyramid,155,0.512269
track,155,2.211716,0.003249,1
imagePyramid,156,0.484088
track,156,2.538775,0.003677,1
imagePyramid,156,0.395190
preCompute,156,1.310538
imagePyramid,156,0.333139
preCompute,156,1.165758
imagePyramid,156,0.454829
preCompute,156,1.345537
imagePyramid,155,0.641849
track,155,2.037175,0.000000,1
imagePyramid,156,0.394119
track,156,1.985886,0.002559,1
imagePyramid,157,0.456289
track,157,1.984005,0.004079,1
imagePyramid,157,0.378669
preCompute,157,1.224987
imagePyramid,157,0.424109
preCompute,157,1.310477
imagePyramid,156,0.301120
track,156,1.648836,0.000000,1
imagePyramid,157,0.611339
track,157,2.176755,0.003480,1
imagePyramid,158,0.448979
track,158,2.144905,0.002833,1
imagePyramid,159,0.449949
track,159,2.448094,0.003687,1
imagePyramid,159,0.353659
preCompute,159,1.279117
imagePyramid,159,0.351279
preCompute,159,1.276677
imagePyramid,159,0.507048
preCompute,159,1.264968
imagePyramid,157,0.345629
track,157,1.802846,0.000000,1
imagePyramid,158,0.418169
track,158,1.954006,0.002950,1
imagePyramid,159,0.445399
track,159,2.161525,0.003092,1
imagePyramid,160,0.455879
track,160,2.135905,0.003311,1
imagePyramid,161,1.018077
track,161,2.023446,0.004554,0
imagePyramid,161,0.349319
preCompute,161,1.258377
imagePyramid,161,0.934638
preCompute,161,1.275368
imagePyramid,161,0.861299
preCompute,161,1.273857
imagePyramid,158,0.709859
track,158,1.787166,0.000000,1
imagePyramid,159,0.462549
track,159,2.099325,0.003282,1
imagePyramid,160,0.417890
track,160,1.995736,0.003631,1
imagePyramid,160,0.455399
preCompute,160,1.317777
imagePyramid,160,0.420899
preCompute,160,1.282237
imagePyramid,159,0.394199
track,159,2.335615,0.000000,1
imagePyramid,160,0.492699
track,160,2.620975,0.002547,1
imagePyramid,161,0.350519
track,161,1.960766,0.002667,1
imagePyramid,162,0.443549
track,162,2.027025,0.002893,1
imagePyramid,163,0.542179
track,163,2.019125,0.003481,1
imagePyramid,163,0.506299
preCompute,163,1.309147
imagePyramid,163,0.383739
preCompute,163,1.254518
imagePyramid,163,0.441789
preCompute,163,1.282057
imagePyramid,160,0.341769
track,160,1.999036,0.000000,1
imagePyramid,161,0.515659
track,161,2.207895,0.002871,1
imagePyramid,162,0.418129
track,162,2.245765,0.003109,1
imagePyramid,163,0.401319
track,163,2.005155,0.003693,1
imagePyramid,163,0.386150
preCompute,163,1.228468
imagePyramid,163,0.450489
preCompute,163,1.303217
imagePyramid,161,0.336429
track,161,1.721957,0.000000,1
imagePyramid,162,0.455229
track,162,2.137885,0.002846,1
imagePyramid,163,0.402499
track,163,2.075045,0.003691,1
imagePyramid,163,0.498139
preCompute,163,1.246957
imagePyramid,163,0.381259
preCompute,163,1.266357
imagePyramid,163,0.447319
preCompute,163,1.267487
imagePyramid,162,0.968808
track,162,1.779876,0.000000,1
imagePyramid,163,0.560559
track,163,1.929455,0.003166,1
imagePyramid,164,0.382709
track,164,1.836286,0.003780,1
imagePyramid,164,0.384029
preCompute,164,1.236817
imagePyramid,164,0.343869
preCompute,164,1.288317
imagePyramid,163,0.322589
track,163,1.605187,0.000000,1
imagePyramid,164,0.391809
track,164,1.977556,0.003619,1
imagePyramid,164,0.402529
preCompute,164,1.254817
imagePyramid,164,0.430089
preCompute,164,1.271967
imagePyramid,164,1.682406
track,164,1.718747,0.000000,1
imagePyramid,165,0.784339
track,165,2.170585,0.003166,1
imagePyramid,166,0.405239
track,166,2.613404,0.003681,1
imagePyramid,166,0.440239
preCompute,166,1.297277
imagePyramid,166,0.348709
preCompute,166,1.264867
imagePyramid,166,0.413969
preCompute,166,1.279497
imagePyramid,165,0.455529
track,165,1.865656,0.000000,1
imagePyramid,166,0.463069
track,166,2.191106,0.002462,1
imagePyramid,167,0.401840
track,167,2.323875,0.003456,1
imagePyramid,168,0.442959
track,168,2.229256,0.003551,1
imagePyramid,168,0.450619
preCompute,168,1.286277
imagePyramid,168,0.498539
preCompute,168,1.272377
imagePyramid,166,0.370529
track,166,1.982516,0.000000,1
imagePyramid,167,0.429859
track,167,2.125295,0.002824,1
imagePyramid,168,0.435299
track,168,2.007356,0.003015,1
imagePyramid,169,0.413509
track,169,2.747794,0.003104,1
imagePyramid,170,0.358999
track,170,2.262735,0.002991,1
imagePyramid,170,0.394259
preCompute,170,1.255348
imagePyramid,170,0.308129
preCompute,170,1.167838
imagePyramid,170,0.335079
preCompute,170,1.288987
imagePyramid,167,1.086558
track,167,1.560257,0.000000,1
imagePyramid,168,0.375889
track,168,1.925536,0.002918,1
imagePyramid,169,0.458959
track,169,1.977516,0.002585,1
imagePyramid,170,0.481879
track,170,2.171615,0.003111,1
imagePyramid,171,0.790848
track,171,1.907396,0.003447,1
imagePyramid,171,0.353839
preCompute,171,1.234627
imagePyramid,171,0.816258
preCompute,171,1.262958
imagePyramid,168,0.366839
track,168,1.702727,0.000000,1
imagePyramid,169,0.652299
track,169,1.963025,0.002764,1
imagePyramid,170,0.369729
track,170,1.963276,0.003711,1
imagePyramid,170,0.458829
preCompute,170,1.259277
imagePyramid,170,0.366999
preCompute,170,1.225627
imagePyramid,170,0.396049
preCompute,170,1.244827
imagePyramid,169,0.319909
track,169,1.745167,0.000000,1
imagePyramid,170,0.840238
track,170,1.920026,0.002825,1
imagePyramid,171,0.578449
track,171,2.230095,0.003268,1
imagePyramid,172,0.472569
track,172,2.530545,0.003174,1
imagePyramid,173,0.370659
track,173,1.927386,0.003251,1
imagePyramid,173,0.362309
preCompute,173,1.287427
imagePyramid,173,0.348029
preCompute,173,1.272258
imagePyramid,170,0.315490
track,170,1.579047,0.000000,1
imagePyramid,171,0.515598
track,171,2.293355,0.002675,1
imagePyramid,172,0.331599
track,172,2.675374,0.003182,1
imagePyramid,173,0.445059
track,173,2.167185,0.003455,1
imagePyramid,174,0.664838
track,174,2.031456,0.002992,1
imagePyramid,174,0.349190
preCompute,174,1.249067
imagePyramid,174,0.324700
preCompute,174,1.159397
imagePyramid,174,0.411629
preCompute,174,1.277677
imagePyramid,171,0.350579
track,171,1.721006,0.000000,1
imagePyramid,172,0.421089
track,172,2.080335,0.002593,1
imagePyramid,173,0.398249
track,173,2.459624,0.003360,1
imagePyramid,174,0.470779
track,174,2.074395,0.003724,1
imagePyramid,174,0.470739
preCompute,174,1.281677
imagePyramid,174,1.930476
preCompute,174,1.253047
imagePyramid,174,0.370339
preCompute,174,1.218938
imagePyramid,172,0.367169
track,172,1.735916,0.000000,1
imagePyramid,173,0.379810
track,173,1.955806,0.003139,1
imagePyramid,174,0.441409
track,174,1.993095,0.003481,1
imagePyramid,175,0.407669
track,175,1.902745,0.004029,1
imagePyramid,175,0.410800
preCompute,175,1.267208
imagePyramid,175,0.343579
preCompute,175,1.264897
imagePyramid,173,0.436759
track,173,1.836056,0.000000,1
imagePyramid,174,0.669568
track,174,1.974066,0.003112,1
imagePyramid,175,1.026108
track,175,1.938755,0.003640,1
imagePyramid,175,0.409099
preCompute,175,1.285627
imagePyramid,175,0.353800
preCompute,175,1.258697
imagePyramid,175,0.323109
preCompute,175,1.225627
imagePyramid,174,0.306639
track,174,1.762676,0.000000,1
imagePyramid,175,0.412499
track,175,2.062655,0.002884,1
imagePyramid,176,0.533349
track,176,1.956555,0.003315,1
imagePyramid,177,0.482699
track,177,2.432425,0.003617,1
imagePyramid,177,0.445219
preCompute,177,1.348127
imagePyramid,177,0.359189
preCompute,177,1.293638
imagePyramid,177,0.413479
preCompute,177,1.307227
imagePyramid,175,0.318309
track,175,1.986246,0.000000,1
imagePyramid,176,0.528398
track,176,2.132266,0.002671,1
imagePyramid,177,0.519689
track,177,2.168376,0.002906,1
imagePyramid,178,0.482439
track,178,2.043176,0.003258,1
imagePyramid,179,1.080207
track,179,2.495974,0.003219,1
imagePyramid,179,0.502318
preCompute,179,1.264867
imagePyramid,179,0.381649
preCompute,179,1.291567
imagePyramid,179,0.442029
preCompute,179,1.278427
imagePyramid,176,0.368259
track,176,2.069235,0.000000,1
imagePyramid,177,0.469879
track,177,2.085936,0.003418,1
imagePyramid,178,0.543899
track,178,1.941966,0.003618,1
imagePyramid,178,0.444009
preCompute,178,1.316897
imagePyramid,178,0.506859
preCompute,178,1.298217
imagePyramid,177,0.388979
track,177,1.831576,0.000000,1
imagePyramid,178,0.376359
track,178,1.924906,0.002911,1
imagePyramid,179,0.396409
track,179,2.475274,0.003430,1
imagePyramid,180,0.367880
track,180,2.009485,0.003526,1
imagePyramid,180,0.661679
preCompute,180,1.262567
imagePyramid,180,0.354689
preCompute,180,1.389727
imagePyramid,180,0.405079
preCompute,180,1.257307
imagePyramid,178,0.405589
track,178,1.964816,0.000000,1
imagePyramid,179,0.400529
track,179,2.000445,0.003141,1
imagePyramid,180,0.410599
track,180,1.982525,0.003418,1
imagePyramid,181,0.407419
track,181,1.943646,0.003996,1
imagePyramid,181,0.424129
preCompute,181,1.310197
imagePyramid,181,0.362689
preCompute,181,1.243167
imagePyramid,181,0.489088
preCompute,181,1.258508
imagePyramid,179,0.363610
track,179,2.120976,0.000000,1
imagePyramid,180,0.419610
track,180,2.510075,0.002992,1
imagePyramid,181,0.377010
track,181,1.943626,0.002819,1
imagePyramid,182,0.455839
track,182,2.007536,0.003394,1
imagePyramid,183,0.393579
track,183,2.097156,0.003915,1
imagePyramid,183,0.484499
preCompute,183,1.343477
imagePyramid,183,0.392389
preCompute,183,1.267997
imagePyramid,183,0.480999
preCompute,183,1.303447
imagePyramid,180,1.556047
track,180,1.770996,0.000000,1
imagePyramid,181,0.509949
track,181,2.001345,0.003328,1
imagePyramid,182,0.414559
track,182,2.206995,0.003091,1
imagePyramid,183,0.420219
track,183,2.108135,0.003397,1
imagePyramid,184,0.360169
track,184,1.918145,0.003957,1
imagePyramid,184,0.361909
preCompute,184,1.210418
imagePyramid,184,0.316179
preCompute,184,1.140208
imagePyramid,184,0.345189
preCompute,184,1.225907
imagePyramid,181,0.322909
track,181,1.626606,0.000000,1
imagePyramid,182,0.451669
track,182,2.312395,0.002557,1
imagePyramid,183,0.409159
track,183,1.931216,0.004115,1
imagePyramid,183,0.468719
preCompute,183,1.285907
imagePyramid,183,0.478329
preCompute,183,1.310637
imagePyramid,182,0.373079
track,182,1.752346,0.000000,1
imagePyramid,183,0.412329
track,183,2.061056,0.002685,1
imagePyramid,184,0.526819
track,184,2.000496,0.003778,1
imagePyramid,184,0.412199
preCompute,184,1.298058
imagePyramid,184,0.405779
preCompute,184,1.235117
imagePyramid,184,0.471169
preCompute,184,1.252377
imagePyramid,183,0.365360
track,183,1.699267,0.000000,1
imagePyramid,184,0.380200
track,184,2.214066,0.002599,1
imagePyramid,185,0.423989
track,185,1.932855,0.003994,1
imagePyramid,185,0.388010
preCompute,185,1.278817
imagePyramid,185,0.408429
preCompute,185,1.260307
imagePyramid,184,0.331129
track,184,1.654176,0.000000,1
imagePyramid,185,0.401799
track,185,2.015596,0.003539,1
imagePyramid,185,0.425859
preCompute,185,1.236747
imagePyramid,185,0.328069
preCompute,185,1.154057
imagePyramid,185,0.633439
preCompute,185,1.276578
imagePyramid,185,0.339810
track,185,2.259205,0.000000,1
imagePyramid,186,0.467679
track,186,2.447205,0.002924,1
imagePyramid,187,0.419949
track,187,2.510874,0.003300,1
imagePyramid,188,0.459589
track,188,2.057346,0.003467,1
imagePyramid,189,0.487489
track,189,2.212135,0.004069,1
imagePyramid,189,0.356830
preCompute,189,1.265247
imagePyramid,189,0.313540
preCompute,189,1.152527
imagePyramid,189,0.381649
preCompute,189,1.178847
imagePyramid,186,0.336329
track,186,1.778596,0.000000,1
imagePyramid,187,0.375829
track,187,2.329465,0.002742,1
imagePyramid,188,0.453599
track,188,2.120405,0.003398,1
imagePyramid,189,0.427409
track,189,2.080496,0.004031,1
imagePyramid,189,0.364010
preCompute,189,1.261708
imagePyramid,189,0.300769
preCompute,189,1.164188
imagePyramid,189,0.484269
preCompute,189,1.157467
imagePyramid,187,0.318319
track,187,1.643096,0.000000,1
imagePyramid,188,0.404629
track,188,1.967436,0.002731,1
imagePyramid,189,0.419779
track,189,2.236745,0.003079,1
imagePyramid,190,0.752308
track,190,1.877176,0.003159,1
imagePyramid,191,0.395360
track,191,2.211926,0.003461,1
imagePyramid,191,0.486319
preCompute,191,1.286967
imagePyramid,191,0.416539
preCompute,191,1.289587
imagePyramid,191,0.407879
preCompute,191,1.274548
imagePyramid,188,0.368539
track,188,1.710576,0.000000,1
imagePyramid,189,0.457069
track,189,2.148345,0.003204,1
imagePyramid,190,0.424849
track,190,1.984156,0.003785,1
imagePyramid,190,0.417239
preCompute,190,1.230377
imagePyramid,190,0.324339
preCompute,190,1.209638
imagePyramid,190,0.362709
preCompute,190,1.270308
imagePyramid,189,1.743276
track,189,1.592387,0.000000,1
imagePyramid,190,0.383399
track,190,2.316785,0.004602,0
imagePyramid,190,0.358579
preCompute,190,1.297887
imagePyramid,190,0.473099
preCompute,190,1.259117
imagePyramid,190,0.356959
track,190,1.594396,0.000000,1
imagePyramid,191,0.516549
track,191,2.120425,0.002859,1
imagePyramid,192,0.617499
track,192,1.924396,0.003346,1
imagePyramid,193,0.354969
track,193,1.977796,0.002967,1
imagePyramid,194,0.523549
track,194,2.154205,0.003045,1
imagePyramid,194,0.437190
preCompute,194,1.317318
imagePyramid,194,0.367239
preCompute,194,1.246357
imagePyramid,194,0.387709
preCompute,194,1.304607
imagePyramid,191,0.325969
track,191,1.624176,0.000000,1
imagePyramid,192,0.465969
track,192,2.086225,0.002740,1
imagePyramid,193,0.450909
track,193,2.083265,0.002485,1
imagePyramid,194,0.683068
track,194,1.832046,0.004221,1
imagePyramid,194,0.387959
preCompute,194,1.257238
imagePyramid,194,0.321699
preCompute,194,1.196187
imagePyramid,194,0.986308
preCompute,194,1.247387
imagePyramid,192,0.343850
track,192,1.951625,0.000000,1
imagePyramid,193,0.425529
track,193,2.517145,0.002972,1
imagePyramid,194,0.426529
track,194,2.120115,0.002942,1
imagePyramid,195,0.385539
track,195,1.789116,0.002743,1
imagePyramid,196,0.374839
track,196,1.846296,0.002898,1
imagePyramid,196,0.368829
preCompute,196,1.315427
imagePyramid,196,0.497869
preCompute,196,1.235978
imagePyramid,196,0.476629
preCompute,196,1.255898
imagePyramid,193,0.361390
track,193,2.563464,0.000000,1
imagePyramid,194,0.500899
track,194,2.422145,0.003128,1
imagePyramid,195,0.543079
track,195,2.052276,0.004364,1
imagePyramid,195,0.393379
preCompute,195,1.352987
imagePyramid,195,0.316799
preCompute,195,1.183608
imagePyramid,195,0.328600
preCompute,195,1.298077
imagePyramid,194,0.335279
track,194,1.526897,0.000000,1
imagePyramid,195,0.423399
track,195,2.142636,0.002916,1
imagePyramid,196,0.481309
track,196,2.146525,0.003494,1
imagePyramid,197,0.441989
track,197,2.335125,0.003666,1
imagePyramid,197,0.551219
preCompute,197,1.302508
imagePyramid,197,0.372060
preCompute,197,1.271277
imagePyramid,197,0.405830
preCompute,197,1.298878
imagePyramid,195,0.345239
track,195,1.618686,0.000000,1
imagePyramid,196,0.498179
track,196,2.226385,0.002750,1
imagePyramid,197,0.453909
track,197,2.030606,0.004072,1
imagePyramid,197,0.410849
preCompute,197,1.347907
imagePyramid,197,0.345319
preCompute,197,1.315867
imagePyramid,197,0.433749
preCompute,197,1.284447
imagePyramid,196,0.335900
track,196,1.654506,0.000000,1
imagePyramid,197,0.452839
track,197,2.460084,0.002922,1
imagePyramid,198,0.521959
track,198,2.080695,0.002799,1
imagePyramid,199,0.447799
track,199,1.951646,0.003360,1
imagePyramid,200,0.397780
track,200,1.903886,0.003655,1
imagePyramid,200,0.355609
preCompute,200,1.216428
imagePyramid,200,0.362099
preCompute,200,1.115988
imagePyramid,200,0.418899
preCompute,200,1.267177
imagePyramid,197,0.647229
track,197,1.774666,0.000000,1
imagePyramid,198,0.404129
track,198,2.050606,0.003325,1
imagePyramid,199,0.531578
track,199,2.160806,0.003641,1
imagePyramid,199,0.379749
preCompute,199,1.221888
imagePyramid,199,0.376469
preCompute,199,1.378837
imagePyramid,198,0.309820
track,198,1.499116,0.000000,1
imagePyramid,199,0.352579
track,199,1.883166,0.003210,1
imagePyramid,200,0.400389
track,200,1.998756,0.003153,1
imagePyramid,201,0.362330
track,201,1.895646,0.003133,1
imagePyramid,202,0.611499
track,202,1.890076,0.004051,1
imagePyramid,202,0.337600
preCompute,202,1.263717
imagePyramid,202,0.737098
preCompute,202,1.265408
imagePyramid,202,0.409879
preCompute,202,1.262157
imagePyramid,199,0.330069
track,199,1.835056,0.000000,1
imagePyramid,200,0.417489
track,200,1.921436,0.002912,1
imagePyramid,201,0.382649
track,201,1.870936,0.003393,1
imagePyramid,202,0.393900
track,202,2.133576,0.003476,1
imagePyramid,203,0.548289
track,203,2.090515,0.003498,1
imagePyramid,203,0.421969
preCompute,203,1.305507
imagePyramid,203,0.366949
preCompute,203,1.306067
imagePyramid,203,0.556939
preCompute,203,1.365407
imagePyramid,200,0.338849
track,200,1.686496,0.000000,1
imagePyramid,201,0.477689
track,201,2.028715,0.003733,1
imagePyramid,201,0.526639
preCompute,201,1.278057
imagePyramid,201,0.400529
preCompute,201,1.258117
imagePyramid,201,0.300350
track,201,1.647786,0.000000,1
imagePyramid,202,0.387419
track,202,1.944875,0.002739,1
imagePyramid,203,0.387669
track,203,1.973816,0.003280,1
imagePyramid,204,0.463069
track,204,2.468685,0.003246,1
imagePyramid,205,0.506309
track,205,2.442145,0.004293,1
imagePyramid,205,0.530749
preCompute,205,1.384237
imagePyramid,205,0.362360
preCompute,205,1.247447
imagePyramid,205,0.512219
preCompute,205,1.516467
imagePyramid,202,0.384519
track,202,1.843916,0.000000,1
imagePyramid,203,0.408369
track,203,2.122616,0.003021,1
imagePyramid,204,0.541019
track,204,3.179583,0.003012,1
imagePyramid,205,0.382039
track,205,1.964236,0.003668,1
imagePyramid,205,0.982937
preCompute,205,1.302687
imagePyramid,205,0.333519
preCompute,205,1.122188
imagePyramid,205,0.380079
preCompute,205,1.296777
imagePyramid,203,0.348519
track,203,1.584607,0.000000,1
imagePyramid,204,0.430759
track,204,2.149266,0.003386,1
imagePyramid,205,0.418509
track,205,2.017606,0.003725,1
imagePyramid,205,0.389339
preCompute,205,1.242738
imagePyramid,205,0.431929
preCompute,205,1.246577
imagePyramid,204,0.369239
track,204,1.989085,0.000000,1
imagePyramid,205,0.402109
track,205,2.004035,0.003660,1
imagePyramid,205,0.576089
preCompute,205,1.179237
imagePyramid,205,0.312210
preCompute,205,1.150757
imagePyramid,205,0.367980
preCompute,205,1.235097
imagePyramid,205,0.322599
track,205,1.628807,0.000000,1
imagePyramid,206,0.412570
track,206,2.075966,0.003583,1
imagePyramid,206,0.421639
preCompute,206,1.228847
imagePyramid,206,0.463569
preCompute,206,1.259667
imagePyramid,206,0.335039
track,206,1.610337,0.000000,1
imagePyramid,207,0.487129
track,207,2.029605,0.003420,1
imagePyramid,208,0.381319
track,208,2.119606,0.003711,1
imagePyramid,208,0.345859
preCompute,208,1.301207
imagePyramid,208,1.354367
preCompute,208,1.273257
imagePyramid,208,0.425789
preCompute,208,1.284497
imagePyramid,207,0.353770
track,207,1.632046,0.000000,1
imagePyramid,208,0.399249
track,208,2.551015,0.003121,1
imagePyramid,209,0.469809
track,209,2.041316,0.003532,1
imagePyramid,209,0.386869
preCompute,209,1.311997
imagePyramid,209,0.327079
preCompute,209,1.134568
imagePyramid,209,0.333809
preCompute,209,1.163247
imagePyramid,208,0.299719
track,208,1.576637,0.000000,1
imagePyramid,209,0.364539
track,209,2.054805,0.002734,1
imagePyramid,210,0.948348
track,210,1.912866,0.003345,1
imagePyramid,211,0.406679
track,211,1.926506,0.003592,1
imagePyramid,211,0.400559
preCompute,211,1.353187
imagePyramid,211,0.387670
preCompute,211,1.271578
imagePyramid,209,0.326989
track,209,1.914786,0.000000,1
imagePyramid,210,0.440519
track,210,1.942756,0.003553,1
imagePyramid,210,0.446869
preCompute,210,1.303937
imagePyramid,210,0.348159
preCompute,210,1.207738
imagePyramid,210,0.383529
preCompute,210,1.292937
imagePyramid,210,0.334180
track,210,1.676876,0.000000,1
imagePyramid,211,0.889908
track,211,2.314445,0.003002,1
imagePyramid,212,1.023608
track,212,2.036985,0.003303,1
imagePyramid,213,0.414469
track,213,2.302905,0.003366,1
imagePyramid,214,0.394469
track,214,2.093285,0.004342,1
imagePyramid,214,0.438359
preCompute,214,1.321517
imagePyramid,214,0.351789
preCompute,214,1.268807
imagePyramid,214,0.411409
preCompute,214,1.326447
imagePyramid,211,0.336189
track,211,1.674376,0.000000,1
imagePyramid,212,0.431069
track,212,2.138145,0.003455,1
imagePyramid,213,0.500449
track,213,2.849894,0.003271,1
imagePyramid,214,0.384859
track,214,2.122236,0.003830,1
imagePyramid,214,0.452299
preCompute,214,1.193707
imagePyramid,214,0.747798
preCompute,214,1.264788
imagePyramid,212,0.298039
track,212,1.654637,0.000000,1
imagePyramid,213,0.380450
track,213,1.956776,0.002984,1
imagePyramid,214,0.461179
track,214,2.010105,0.003100,1
imagePyramid,215,0.345330
track,215,2.116675,0.003487,1
imagePyramid,216,0.428499
track,216,2.303225,0.003278,1
imagePyramid,216,0.447469
preCompute,216,1.271977
imagePyramid,216,1.037217
preCompute,216,1.386407
imagePyramid,216,0.382839
preCompute,216,1.401287
imagePyramid,213,0.363620
track,213,1.941316,0.000000,1
imagePyramid,214,0.749568
track,214,2.536845,0.003848,1
imagePyramid,214,0.390149
preCompute,214,1.308597
imagePyramid,214,0.409019
preCompute,214,1.330267
imagePyramid,214,0.325329
track,214,1.683377,0.000000,1
imagePyramid,215,0.457789
track,215,2.041436,0.002858,1
imagePyramid,216,0.431109
track,216,1.999496,0.003646,1
imagePyramid,216,0.409019
preCompute,216,1.275837
imagePyramid,216,0.340110
preCompute,216,1.460626
imagePyramid,216,0.456589
preCompute,216,1.305867
imagePyramid,215,0.343819
track,215,1.921346,0.000000,1
imagePyramid,216,0.585098
track,216,2.214865,0.002569,1
imagePyramid,217,0.472029
track,217,1.967235,0.003412,1
imagePyramid,218,0.488329
track,218,1.953295,0.003670,1
imagePyramid,218,0.362850
preCompute,218,1.314757
imagePyramid,218,0.389709
preCompute,218,1.257577
imagePyramid,216,0.304409
track,216,1.613417,0.000000,1
imagePyramid,217,0.335870
track,217,1.931975,0.003319,1
imagePyramid,218,0.594649
track,218,2.146115,0.003811,1
imagePyramid,218,0.417299
preCompute,218,1.356727
imagePyramid,218,0.360319
preCompute,218,1.305317
imagePyramid,218,0.417939
preCompute,218,1.183547
imagePyramid,217,0.320200
track,217,1.670436,0.000000,1
imagePyramid,218,0.509249
track,218,1.909656,0.002661,1
imagePyramid,219,0.431509
track,219,2.188855,0.002449,1
imagePyramid,220,0.401229
track,220,1.899556,0.002829,1
imagePyramid,221,0.338079
track,221,2.434965,0.002614,1
imagePyramid,221,0.352019
preCompute,221,1.270027
imagePyramid,221,0.842128
preCompute,221,1.186107
imagePyramid,221,0.446399
preCompute,221,1.173008
imagePyramid,218,0.312709
track,218,2.054636,0.000000,1
imagePyramid,219,0.434129
track,219,2.007066,0.002541,1
imagePyramid,220,0.795688
track,220,2.097845,0.002539,1
imagePyramid,221,0.509079
track,221,2.144985,0.003005,1
imagePyramid,222,0.364389
track,222,1.913586,0.003279,1
imagePyramid,222,0.373399
preCompute,222,1.292087
imagePyramid,222,0.334779
preCompute,222,1.186367
imagePyramid,222,0.353289
preCompute,222,1.254097
imagePyramid,219,0.324579
track,219,2.050006,0.000000,1
imagePyramid,220,0.370169
track,220,1.923366,0.002864,1
imagePyramid,221,0.476989
track,221,2.160986,0.002570,1
imagePyramid,222,0.394300
track,222,1.901936,0.003146,1
imagePyramid,223,0.419319
track,223,2.518804,0.003429,1
imagePyramid,223,0.349259
preCompute,223,1.244068
imagePyramid,223,0.393629
preCompute,223,1.211818
imagePyramid,223,0.438769
preCompute,223,1.306547
imagePyramid,220,0.366329
track,220,1.786686,0.000000,1
imagePyramid,221,0.477479
track,221,2.875284,0.002149,1
imagePyramid,222,0.445400
track,222,2.174946,0.002817,1
imagePyramid,223,0.467109
track,223,2.163735,0.003250,1
imagePyramid,224,0.449389
track,224,2.182415,0.003898,1
imagePyramid,224,0.436859
preCompute,224,1.348537
imagePyramid,224,0.388679
preCompute,224,1.276877
imagePyramid,224,0.459809
preCompute,224,1.307977
imagePyramid,221,0.342129
track,221,1.778016,0.000000,1
imagePyramid,222,0.369609
track,222,2.315045,0.002949,1
imagePyramid,223,0.390380
track,223,2.089256,0.003212,1
imagePyramid,224,0.482409
track,224,1.969456,0.003222,1
imagePyramid,225,0.454109
track,225,2.020606,0.003071,1
imagePyramid,225,0.443559
preCompute,225,1.284987
imagePyramid,225,0.338250
preCompute,225,1.286217
imagePyramid,225,0.498639
preCompute,225,1.208267
imagePyramid,222,0.343729
track,222,1.936646,0.000000,1
imagePyramid,223,0.504219
track,223,2.390475,0.003126,1
imagePyramid,224,0.464979
track,224,2.689254,0.003415,1
imagePyramid,225,0.498389
track,225,2.146475,0.004146,1
imagePyramid,225,0.389249
preCompute,225,1.257577
imagePyramid,225,0.450249
preCompute,225,1.277318
imagePyramid,223,0.340389
track,223,1.774096,0.000000,1
imagePyramid,224,0.463599
track,224,2.055195,0.002195,1
imagePyramid,225,0.416949
track,225,2.873743,0.002508,1
imagePyramid,226,0.342909
track,226,1.990145,0.002579,1
imagePyramid,227,0.848939
track,227,2.058705,0.002478,1
imagePyramid,227,0.357879
preCompute,227,1.286497
imagePyramid,227,0.305380
preCompute,227,1.185407
imagePyramid,227,0.357199
preCompute,227,1.262557
imagePyramid,224,0.318909
track,224,1.844296,0.000000,1
imagePyramid,225,0.394019
track,225,2.080645,0.003040,1
imagePyramid,226,0.478489
track,226,2.504145,0.003316,1
imagePyramid,227,0.456539
track,227,2.738734,0.003479,1
imagePyramid,228,0.460849
track,228,2.121005,0.003616,1
imagePyramid,228,0.420809
preCompute,228,1.258178
imagePyramid,228,0.307759
preCompute,228,1.153648
imagePyramid,228,0.364159
preCompute,228,1.235967
imagePyramid,225,0.340219
track,225,1.645256,0.000000,1
imagePyramid,226,0.491939
track,226,2.158945,0.002552,1
imagePyramid,227,0.497419
track,227,2.135826,0.003048,1
imagePyramid,228,0.374899
track,228,2.101495,0.003054,1
imagePyramid,229,0.692649
track,229,1.958546,0.004421,1
imagePyramid,229,0.367189
preCompute,229,1.235207
imagePyramid,229,0.365470
preCompute,229,1.182677
imagePyramid,229,0.362709
preCompute,229,1.262667
imagePyramid,226,0.293859
track,226,1.623496,0.000000,1
imagePyramid,227,0.449069
track,227,2.291535,0.003001,1
imagePyramid,228,0.386469
track,228,2.033906,0.003080,1
imagePyramid,229,0.456699
track,229,2.378495,0.003297,1
imagePyramid,230,0.508919
track,230,2.748354,0.003440,1
imagePyramid,230,0.435659
preCompute,230,1.240447
imagePyramid,230,0.470529
preCompute,230,1.286307
imagePyramid,227,0.764649
track,227,1.963075,0.000000,1
imagePyramid,228,0.471589
track,228,2.035215,0.002596,1
imagePyramid,229,0.388519
track,229,2.107956,0.002803,1
imagePyramid,230,0.451659
track,230,1.933676,0.003351,1
imagePyramid,231,0.462159
track,231,2.678344,0.003345,1
imagePyramid,231,0.418230
preCompute,231,1.302568
imagePyramid,231,0.331710
preCompute,231,1.165027
imagePyramid,231,0.350589
preCompute,231,1.254288
imagePyramid,228,0.309159
track,228,1.598867,0.000000,1
imagePyramid,229,0.371009
track,229,2.380815,0.002654,1
imagePyramid,230,0.464349
track,230,2.133605,0.002858,1
imagePyramid,231,0.503569
track,231,2.159405,0.003005,1
imagePyramid,232,0.427330
track,232,2.025926,0.003438,1
imagePyramid,232,0.792088
preCompute,232,1.237918
imagePyramid,232,0.534309
preCompute,232,1.192277
imagePyramid,229,1.219158
track,229,1.672046,0.000000,1
imagePyramid,230,0.624398
track,230,1.990936,0.002866,1
imagePyramid,231,0.348139
track,231,1.920236,0.002787,1
imagePyramid,232,0.476599
track,232,2.181485,0.003136,1
imagePyramid,233,0.454519
track,233,2.186125,0.003176,1
imagePyramid,233,0.436739
preCompute,233,1.269847
imagePyramid,233,0.324879
preCompute,233,1.247737
imagePyramid,233,0.439089
preCompute,233,1.311647
imagePyramid,230,0.361669
track,230,1.738626,0.000000,1
imagePyramid,231,0.383049
track,231,2.110195,0.002548,1
imagePyramid,232,0.450979
track,232,2.137585,0.002948,1
imagePyramid,233,0.462869
track,233,2.099926,0.003221,1
imagePyramid,234,0.359399
track,234,1.925705,0.003215,1
imagePyramid,234,0.532669
preCompute,234,1.233457
imagePyramid,234,0.350979
preCompute,234,1.266758
imagePyramid,234,0.458909
preCompute,234,1.312847
imagePyramid,231,0.346970
track,231,1.999476,0.000000,1
imagePyramid,232,0.356009
track,232,1.910486,0.003462,1
imagePyramid,233,1.061608
track,233,2.077806,0.004195,1
imagePyramid,233,0.370929
preCompute,233,1.298597
imagePyramid,233,0.392659
preCompute,233,1.285967
imagePyramid,232,0.304809
track,232,1.618387,0.000000,1
imagePyramid,233,0.392399
track,233,1.960575,0.002847,1
imagePyramid,234,0.378169
track,234,1.950866,0.003609,1
imagePyramid,234,0.439349
preCompute,234,1.201427
imagePyramid,234,0.926788
preCompute,234,1.373757
imagePyramid,234,0.496189
preCompute,234,1.286057
imagePyramid,233,0.333689
track,233,1.636586,0.000000,1
imagePyramid,234,0.736638
track,234,1.988526,0.002352,1
imagePyramid,235,0.384419
track,235,1.956185,0.002502,1
imagePyramid,236,0.382099
track,236,1.844266,0.003132,1
imagePyramid,237,0.393029
track,237,2.011356,0.003271,1
imagePyramid,237,0.456109
preCompute,237,1.288597
imagePyramid,237,0.357970
preCompute,237,1.253868
imagePyramid,237,0.413549
preCompute,237,1.304648
imagePyramid,234,0.427759
track,234,1.710627,0.000000,1
imagePyramid,235,0.440409
track,235,2.195015,0.003002,1
imagePyramid,236,0.574699
track,236,2.005166,0.002743,1
imagePyramid,237,0.479849
track,237,2.044525,0.002656,1
imagePyramid,238,0.417399
track,238,2.097515,0.002777,1
imagePyramid,238,0.380239
preCompute,238,1.222417
imagePyramid,238,0.315199
preCompute,238,1.197238
imagePyramid,238,0.452459
preCompute,238,1.335367
imagePyramid,235,0.334339
track,235,1.753587,0.000000,1
imagePyramid,236,0.445319
track,236,2.884893,0.002446,1
imagePyramid,237,0.655328
track,237,2.095825,0.002794,1
imagePyramid,238,0.472549
track,238,2.042556,0.003307,1
imagePyramid,239,0.466369
track,239,2.087795,0.003547,1
imagePyramid,239,0.400889
preCompute,239,1.265947
imagePyramid,239,0.337859
preCompute,239,1.238427
imagePyramid,239,0.382639
preCompute,239,1.254737
imagePyramid,236,0.364689
track,236,1.765206,0.000000,1
imagePyramid,237,0.429019
track,237,2.659424,0.003044,1
imagePyramid,238,0.375729
track,238,2.695894,0.003424,1
imagePyramid,239,0.449889
track,239,2.428874,0.003592,1
imagePyramid,239,0.443779
preCompute,239,1.350617
imagePyramid,239,0.386359
preCompute,239,1.286697
imagePyramid,237,0.348769
track,237,1.762986,0.000000,1
imagePyramid,238,0.469869
track,238,2.083825,0.003159,1
imagePyramid,239,0.399869
track,239,2.299145,0.003328,1
imagePyramid,240,1.031668
track,240,2.223365,0.003724,1
imagePyramid,240,0.447029
preCompute,240,1.324417
imagePyramid,240,0.801248
preCompute,240,1.291928
imagePyramid,240,0.480449
preCompute,240,1.261187
imagePyramid,238,0.361729
track,238,2.095105,0.000000,1
imagePyramid,239,0.467239
track,239,2.175185,0.002476,1
imagePyramid,240,0.609058
track,240,2.226835,0.002827,1
imagePyramid,241,0.492559
track,241,2.207985,0.003440,1
imagePyramid,242,0.429489
track,242,2.379775,0.003009,1
imagePyramid,242,0.538849
preCompute,242,1.272878
imagePyramid,242,0.420109
preCompute,242,1.294557
imagePyramid,239,0.344559
track,239,2.039296,0.000000,1
imagePyramid,240,0.366160
track,240,2.023905,0.002410,1
imagePyramid,241,0.357909
track,241,1.985816,0.002821,1
imagePyramid,242,0.348009
track,242,2.095345,0.003142,1
imagePyramid,243,0.439189
track,243,1.947666,0.003312,1
imagePyramid,243,0.806478
preCompute,243,1.223068
imagePyramid,243,0.339060
preCompute,243,1.159627
imagePyramid,243,0.377759
preCompute,243,1.269097
imagePyramid,240,0.383869
track,240,2.046165,0.000000,1
imagePyramid,241,0.436269
track,241,2.083616,0.002824,1
imagePyramid,242,0.425609
track,242,2.147105,0.003769,1
imagePyramid,242,0.439479
preCompute,242,1.305487
imagePyramid,242,0.436299
preCompute,242,1.173488
imagePyramid,241,0.345739
track,241,1.748496,0.000000,1
imagePyramid,242,0.447589
track,242,2.210946,0.003260,1
imagePyramid,243,0.368310
track,243,2.275665,0.003882,1
imagePyramid,243,0.358910
preCompute,243,1.306248
imagePyramid,243,0.371249
preCompute,243,1.218017
imagePyramid,243,0.383339
preCompute,243,1.286147
imagePyramid,242,0.394409
track,242,2.114065,0.000000,1
imagePyramid,243,0.388479
track,243,2.074296,0.003002,1
imagePyramid,244,0.413899
track,244,2.060096,0.003815,1
imagePyramid,244,0.428469
preCompute,244,1.257637
imagePyramid,244,0.472869
preCompute,244,1.316947
imagePyramid,243,0.358469
track,243,1.772526,0.000000,1
imagePyramid,244,0.507228
track,244,2.542585,0.002851,1
imagePyramid,245,0.403769
track,245,2.514125,0.003611,1
imagePyramid,245,0.376189
preCompute,245,1.268267
imagePyramid,245,0.342459
preCompute,245,1.189477
imagePyramid,245,0.423609
preCompute,245,1.266548
imagePyramid,244,0.507089
track,244,1.715876,0.000000,1
imagePyramid,245,0.475659
track,245,2.164095,0.002625,1
imagePyramid,246,0.398439
track,246,2.000116,0.003262,1
imagePyramid,247,0.482328
track,247,1.924866,0.003798,1
imagePyramid,247,0.414569
preCompute,247,1.156188
imagePyramid,247,0.344639
preCompute,247,1.161237
imagePyramid,247,0.335809
preCompute,247,1.236947
imagePyramid,245,0.335539
track,245,1.734737,0.000000,1
imagePyramid,246,0.394209
track,246,2.191805,0.002478,1
imagePyramid,247,0.388529
track,247,2.089386,0.002727,1
imagePyramid,248,0.390899
track,248,1.994896,0.002886,1
imagePyramid,249,0.378999
track,249,2.049036,0.003690,1
imagePyramid,249,0.369670
preCompute,249,1.295498
imagePyramid,249,0.318809
preCompute,249,1.161827
imagePyramid,249,0.342509
preCompute,249,1.295797
imagePyramid,246,0.344229
track,246,1.587247,0.000000,1
imagePyramid,247,0.400249
track,247,2.028056,0.002412,1
imagePyramid,248,0.659398
track,248,2.007026,0.002914,1
imagePyramid,249,0.558759
track,249,2.116535,0.003769,1
imagePyramid,249,0.414829
preCompute,249,1.228057
imagePyramid,249,0.344909
preCompute,249,1.226027
imagePyramid,247,0.315149
track,247,1.537426,0.000000,1
imagePyramid,248,0.615689
track,248,2.326935,0.002732,1
imagePyramid,249,0.364010
track,249,2.270116,0.003584,1
imagePyramid,249,0.575249
preCompute,249,1.259577
imagePyramid,249,0.656439
preCompute,249,1.250037
imagePyramid,249,0.568189
preCompute,249,1.174667
imagePyramid,248,0.301619
track,248,2.127016,0.000000,1
imagePyramid,249,0.376789
track,249,1.965186,0.002994,1
imagePyramid,250,0.406369
track,250,2.040306,0.003327,1
imagePyramid,251,0.517159
track,251,2.016265,0.003687,1
imagePyramid,251,0.426839
preCompute,251,1.247508
imagePyramid,251,0.479799
preCompute,251,1.373537
imagePyramid,249,0.366859
track,249,2.089546,0.000000,1
imagePyramid,250,0.495069
track,250,2.436504,0.003122,1
imagePyramid,251,0.450099
track,251,2.262885,0.003333,1
imagePyramid,252,0.392799
track,252,2.011765,0.003519,1
imagePyramid,252,0.362480
preCompute,252,1.230147
imagePyramid,252,0.342919
preCompute,252,1.276128
imagePyramid,250,0.321439
track,250,1.610757,0.000000,1
imagePyramid,251,0.375079
track,251,1.985445,0.002388,1
imagePyramid,252,0.355750
track,252,2.177065,0.002780,1
imagePyramid,253,0.391540
track,253,1.956426,0.003495,1
imagePyramid,254,0.344940
track,254,1.891125,0.003582,1
imagePyramid,254,0.402759
preCompute,254,1.215877
imagePyramid,254,0.307320
preCompute,254,1.145527
imagePyramid,254,0.456689
preCompute,254,1.301167
imagePyramid,251,0.359659
track,251,1.776766,0.000000,1
imagePyramid,252,0.456599
track,252,2.106246,0.003262,1
imagePyramid,253,0.487859
track,253,2.399725,0.003342,1
imagePyramid,254,0.401119
track,254,2.431145,0.003716,1
imagePyramid,254,0.366159
preCompute,254,1.254228
imagePyramid,254,0.357039
preCompute,254,1.223737
imagePyramid,254,0.324419
preCompute,254,1.277917
imagePyramid,252,0.296049
track,252,1.609967,0.000000,1
imagePyramid,253,0.340389
track,253,2.033076,0.002575,1
imagePyramid,254,0.448570
track,254,2.035286,0.003863,1
imagePyramid,254,0.421359
preCompute,254,1.252987
imagePyramid,254,0.472529
preCompute,254,1.324337
imagePyramid,253,0.400929
track,253,1.964515,0.000000,1
imagePyramid,254,0.459389
track,254,2.414625,0.002578,1
imagePyramid,255,0.444189
track,255,2.064106,0.003287,1
imagePyramid,256,0.439079
track,256,2.214135,0.003726,1
imagePyramid,256,0.463989
preCompute,256,1.299247
imagePyramid,256,0.368949
preCompute,256,1.226977
imagePyramid,256,0.458359
preCompute,256,1.268587
imagePyramid,254,0.345839
track,254,1.735936,0.000000,1
imagePyramid,255,0.480859
track,255,2.169445,0.004013,1
imagePyramid,255,0.397919
preCompute,255,1.235557
imagePyramid,255,0.460459
preCompute,255,1.328427
imagePyramid,255,0.335599
track,255,1.962006,0.000000,1
imagePyramid,256,0.462529
track,256,2.463975,0.003009,1
imagePyramid,257,0.474829
track,257,2.295525,0.003481,1
imagePyramid,258,0.423959
track,258,2.189465,0.002918,1
imagePyramid,259,0.385289
track,259,1.918016,0.003719,1
imagePyramid,259,0.672598
preCompute,259,1.735416
imagePyramid,259,0.360579
preCompute,259,1.236038
imagePyramid,259,0.409759
preCompute,259,1.251277
imagePyramid,256,0.394180
track,256,1.645406,0.000000,1
imagePyramid,257,0.389779
track,257,2.352955,0.002800,1
imagePyramid,258,0.393689
track,258,2.702394,0.003355,1
imagePyramid,259,0.446729
track,259,2.230145,0.003289,1
imagePyramid,260,0.433909
track,260,2.077435,0.003400,1
imagePyramid,260,0.370639
preCompute,260,1.161647
imagePyramid,260,0.358890
preCompute,260,1.132927
imagePyramid,260,0.367690
preCompute,260,1.258678
imagePyramid,257,0.306449
track,257,1.616317,0.000000,1
imagePyramid,258,0.467429
track,258,2.507795,0.002561,1
imagePyramid,259,0.460809
track,259,2.133775,0.003161,1
imagePyramid,260,0.549408
track,260,2.320485,0.003352,1
imagePyramid,261,0.410139
track,261,2.065156,0.003936,1
imagePyramid,261,0.355669
preCompute,261,1.264457
imagePyramid,261,0.302890
preCompute,261,1.151647
imagePyramid,261,0.449259
preCompute,261,1.315007
imagePyramid,258,0.572568
track,258,1.796017,0.000000,1
imagePyramid,259,0.373800
track,259,2.085606,0.003065,1
imagePyramid,260,0.458359
track,260,2.292125,0.003428,1
imagePyramid,261,0.389749
track,261,1.918186,0.003500,1
imagePyramid,262,0.447479
track,262,1.927566,0.003866,1
imagePyramid,262,0.605479
preCompute,262,1.247117
imagePyramid,262,0.369529
preCompute,262,1.298577
imagePyramid,259,0.334670
track,259,1.618467,0.000000,1
imagePyramid,260,0.391899
track,260,2.393155,0.002353,1
imagePyramid,261,0.371509
track,261,1.994356,0.002672,1
imagePyramid,262,0.483139
track,262,2.341755,0.003497,1
imagePyramid,263,0.459509
track,263,2.132416,0.003379,1
imagePyramid,263,0.611649
preCompute,263,1.769816
imagePyramid,263,0.476589
preCompute,263,1.251677
imagePyramid,263,0.359329
preCompute,263,1.244288
imagePyramid,260,0.306669
track,260,1.658937,0.000000,1
imagePyramid,261,0.454969
track,261,2.901904,0.002867,1
imagePyramid,262,0.535669
track,262,2.242975,0.003615,1
imagePyramid,262,0.431679
preCompute,262,1.309687
imagePyramid,262,0.396409
preCompute,262,1.303308
imagePyramid,261,1.270807
track,261,1.839456,0.000000,1
imagePyramid,262,0.463069
track,262,2.153666,0.001916,1
imagePyramid,263,0.378189
track,263,1.968135,0.002755,1
imagePyramid,264,0.385619
track,264,1.919096,0.003266,1
imagePyramid,265,0.360930
track,265,1.864696,0.003462,1
imagePyramid,265,1.045768
preCompute,265,1.279208
imagePyramid,265,0.372269
preCompute,265,1.197667
imagePyramid,265,0.347129
preCompute,265,1.299237
imagePyramid,262,0.314140
track,262,1.625156,0.000000,1
imagePyramid,263,0.408959
track,263,2.251315,0.003651,1
imagePyramid,263,0.398569
preCompute,263,1.311167
imagePyramid,263,0.642349
preCompute,263,1.303177
imagePyramid,263,0.367210
track,263,1.769916,0.000000,1
imagePyramid,264,0.460009
track,264,2.278155,0.003539,1
imagePyramid,264,0.428319
preCompute,264,1.270797
imagePyramid,264,0.370299
preCompute,264,1.229008
imagePyramid,264,0.340059
preCompute,264,1.259287
imagePyramid,264,0.929948
track,264,1.665697,0.000000,1
imagePyramid,265,0.426559
track,265,2.105985,0.002155,1
imagePyramid,266,0.399659
track,266,2.228765,0.002805,1
imagePyramid,267,0.486389
track,267,2.037486,0.003441,1
imagePyramid,268,0.452639
track,268,2.025126,0.003610,1
imagePyramid,268,0.518828
preCompute,268,1.248858
imagePyramid,268,0.736968
preCompute,268,1.275487
imagePyramid,265,0.315109
track,265,1.947426,0.000000,1
imagePyramid,266,0.363259
track,266,2.775094,0.002697,1
imagePyramid,267,0.502459
track,267,2.174665,0.003665,1
imagePyramid,267,0.559418
preCompute,267,1.190648
imagePyramid,267,0.324059
preCompute,267,1.153308
imagePyramid,267,0.445859
preCompute,267,1.272327
imagePyramid,266,0.340839
track,266,1.778906,0.000000,1
imagePyramid,267,0.391049
track,267,1.928736,0.002213,1
imagePyramid,268,0.425389
track,268,1.887486,0.002731,1
imagePyramid,269,0.607009
track,269,2.387275,0.003429,1
imagePyramid,270,0.406619
track,270,2.067505,0.003424,1
imagePyramid,270,0.370949
preCompute,270,1.258157
imagePyramid,270,0.347669
preCompute,270,1.259348
imagePyramid,270,0.335639
preCompute,270,1.272948
imagePyramid,267,0.308279
track,267,1.601847,0.000000,1
imagePyramid,268,0.517658
track,268,1.929126,0.002668,1
imagePyramid,269,0.479009
track,269,2.041845,0.003271,1
imagePyramid,270,0.407799
track,270,2.171425,0.003550,1
imagePyramid,270,0.437180
preCompute,270,1.351537
imagePyramid,270,0.491429
preCompute,270,1.232468
imagePyramid,268,0.303739
track,268,2.113145,0.000000,1
imagePyramid,269,0.449819
track,269,2.418695,0.002223,1
imagePyramid,270,0.357269
track,270,1.927156,0.002585,1
imagePyramid,271,0.369339
track,271,1.842456,0.003135,1
imagePyramid,272,0.424450
track,272,2.003046,0.003644,1
imagePyramid,272,0.351919
preCompute,272,1.260787
imagePyramid,272,0.304930
preCompute,272,1.136157
imagePyramid,272,0.364020
preCompute,272,1.278838
imagePyramid,269,0.670528
track,269,1.708357,0.000000,1
imagePyramid,270,0.439809
track,270,2.205256,0.002400,1
imagePyramid,271,0.426240
track,271,2.067636,0.002773,1
imagePyramid,272,0.428189
track,272,1.880035,0.003337,1
imagePyramid,273,0.413829
track,273,1.991316,0.003186,1
imagePyramid,273,0.368169
preCompute,273,1.278928
imagePyramid,273,0.340780
preCompute,273,1.152807
imagePyramid,273,0.477549
preCompute,273,1.263027
imagePyramid,270,0.398909
track,270,1.751096,0.000000,1
imagePyramid,271,0.454099
track,271,2.340825,0.002541,1
imagePyramid,272,0.457419
track,272,2.226686,0.002614,1
imagePyramid,273,0.388440
track,273,1.841906,0.002686,1
imagePyramid,274,0.384669
track,274,1.697156,0.002718,1
imagePyramid,274,0.676238
preCompute,274,1.495687
imagePyramid,274,0.334189
preCompute,274,1.139768
imagePyramid,274,0.425669
preCompute,274,1.288757
imagePyramid,271,0.362959
track,271,1.544026,0.000000,1
imagePyramid,272,0.386080
track,272,2.129346,0.002339,1
imagePyramid,273,0.489079
track,273,2.332315,0.003190,1
imagePyramid,274,0.468359
track,274,2.199385,0.002854,1
imagePyramid,275,0.379799
track,275,1.905596,0.002709,1
imagePyramid,275,0.347839
preCompute,275,1.272847
imagePyramid,275,0.331339
preCompute,275,1.427087
imagePyramid,275,0.352939
preCompute,275,1.260427
imagePyramid,272,0.320820
track,272,1.499527,0.000000,1
imagePyramid,273,0.395129
track,273,1.982896,0.002483,1
imagePyramid,274,0.410429
track,274,1.896136,0.003255,1
imagePyramid,275,0.355899
track,275,1.852446,0.004190,1
imagePyramid,275,0.349219
preCompute,275,1.253077
imagePyramid,275,0.327850
preCompute,275,1.240187
imagePyramid,275,0.352739
preCompute,275,1.243047
imagePyramid,273,0.330860
track,273,1.499076,0.000000,1
imagePyramid,274,0.405189
track,274,1.925866,0.002701,1
imagePyramid,275,0.408849
track,275,2.003525,0.003123,1
imagePyramid,276,0.573179
track,276,2.350745,0.003285,1
imagePyramid,277,0.420869
track,277,2.079705,0.003985,1
imagePyramid,277,0.377340
preCompute,277,1.360977
imagePyramid,277,0.744938
preCompute,277,1.250067
imagePyramid,277,0.335419
preCompute,277,1.235868
imagePyramid,274,0.293249
track,274,1.522757,0.000000,1
imagePyramid,275,0.399739
track,275,1.867466,0.002951,1
imagePyramid,276,0.461229
track,276,2.066385,0.003171,1
imagePyramid,277,0.460049
track,277,2.313535,0.002646,1
imagePyramid,278,0.365650
track,278,1.895956,0.002875,1
imagePyramid,278,0.385749
preCompute,278,1.234747
imagePyramid,278,0.343629
preCompute,278,1.284647
imagePyramid,278,0.443579
preCompute,278,1.281167
imagePyramid,275,0.321049
track,275,1.641326,0.000000,1
imagePyramid,276,0.443269
track,276,1.972486,0.003138,1
imagePyramid,277,0.486979
track,277,2.067306,0.003635,1
imagePyramid,277,0.400379
preCompute,277,1.229467
imagePyramid,277,0.426369
preCompute,277,1.228318
imagePyramid,276,0.333279
track,276,1.802096,0.000000,1
imagePyramid,277,0.494429
track,277,2.907693,0.002962,1
imagePyramid,278,0.375420
track,278,2.158516,0.002716,1
imagePyramid,279,0.423279
track,279,2.214835,0.002849,1
imagePyramid,280,0.441969
track,280,2.038825,0.003309,1
imagePyramid,280,0.477519
preCompute,280,1.313888
imagePyramid,280,0.371989
preCompute,280,1.267428
imagePyramid,280,0.469299
preCompute,280,1.283797
imagePyramid,277,0.382419
track,277,1.644337,0.000000,1
imagePyramid,278,0.462579
track,278,2.244435,0.002392,1
imagePyramid,279,0.435489
track,279,2.141646,0.002905,1
imagePyramid,280,0.406839
track,280,1.862586,0.002940,1
imagePyramid,281,0.426350
track,281,1.918466,0.003664,1
imagePyramid,281,0.741798
preCompute,281,1.206547
imagePyramid,281,0.352419
preCompute,281,1.246467
imagePyramid,281,0.539049
preCompute,281,1.265977
imagePyramid,278,0.434599
track,278,1.646376,0.000000,1
imagePyramid,279,0.458129
track,279,1.955586,0.002574,1
imagePyramid,280,0.481179
track,280,1.902696,0.002905,1
imagePyramid,281,0.414779
track,281,2.362744,0.003252,1
imagePyramid,282,0.428869
track,282,2.017285,0.003443,1
imagePyramid,282,0.947338
preCompute,282,1.242157
imagePyramid,282,0.365919
preCompute,282,1.271467
imagePyramid,282,0.481599
preCompute,282,1.279447
imagePyramid,279,0.344950
track,279,1.556817,0.000000,1
imagePyramid,280,0.438269
track,280,2.088165,0.002528,1
imagePyramid,281,0.404189
track,281,2.316775,0.003141,1
imagePyramid,282,0.381509
track,282,1.960886,0.003025,1
imagePyramid,283,0.491009
track,283,2.186865,0.002847,1
imagePyramid,283,0.856319
preCompute,283,1.380267
imagePyramid,283,0.391690
preCompute,283,1.353287
imagePyramid,283,0.430379
preCompute,283,1.445217
imagePyramid,280,0.418099
track,280,1.828026,0.000000,1
imagePyramid,281,0.539749
track,281,2.414775,0.002522,1
imagePyramid,282,0.507699
track,282,2.949774,0.002872,1
imagePyramid,283,0.435949
track,283,2.256395,0.002456,1
imagePyramid,284,0.386870
track,284,1.940806,0.002404,1
imagePyramid,284,0.358949
preCompute,284,1.268127
imagePyramid,284,0.315930
preCompute,284,1.147657
imagePyramid,284,0.399020
preCompute,284,1.282198
imagePyramid,281,0.348389
track,281,1.485347,0.000000,1
imagePyramid,282,0.419189
track,282,2.082966,0.002047,1
imagePyramid,283,0.414419
track,283,2.110505,0.002259,1
imagePyramid,284,0.458129
track,284,1.986806,0.002487,1
imagePyramid,285,0.498899
track,285,2.046775,0.002922,1
imagePyramid,285,0.752908
preCompute,285,1.528207
imagePyramid,285,0.385719
preCompute,285,1.276888
imagePyramid,285,0.409549
preCompute,285,1.278587
imagePyramid,282,0.356060
track,282,1.676436,0.000000,1
imagePyramid,283,0.381799
track,283,1.924425,0.003044,1
imagePyramid,284,0.380789
track,284,1.903836,0.002986,1
imagePyramid,285,1.177728
track,285,1.988926,0.003992,1
imagePyramid,285,0.483669
preCompute,285,1.401377
imagePyramid,285,0.351949
preCompute,285,1.237267
imagePyramid,285,0.823898
preCompute,285,1.261577
imagePyramid,283,0.367129
track,283,1.839406,0.000000,1
imagePyramid,284,0.488749
track,284,2.030415,0.002396,1
imagePyramid,285,0.422409
track,285,2.057786,0.002567,1
imagePyramid,286,0.473369
track,286,2.165586,0.002707,1
imagePyramid,287,0.390389
track,287,2.509165,0.003687,1
imagePyramid,287,0.421949
preCompute,287,1.281278
imagePyramid,287,0.844798
preCompute,287,1.328818
imagePyramid,287,0.491909
preCompute,287,1.786847
imagePyramid,284,0.335379
track,284,1.968126,0.000000,1
imagePyramid,285,0.448619
track,285,2.139325,0.003765,1
imagePyramid,285,0.879519
preCompute,285,1.279298
imagePyramid,285,0.431809
preCompute,285,1.314298
imagePyramid,285,0.383829
track,285,1.779946,0.000000,1
imagePyramid,286,0.370319
track,286,2.129265,0.002477,1
imagePyramid,287,0.385489
track,287,2.494984,0.003058,1
imagePyramid,288,0.393919
track,288,2.400055,0.003319,1
imagePyramid,289,0.345039
track,289,2.074445,0.003679,1
imagePyramid,289,0.576659
preCompute,289,1.640417
imagePyramid,289,0.355379
preCompute,289,1.150627
imagePyramid,289,0.370919
preCompute,289,1.298117
imagePyramid,286,0.389659
track,286,1.634116,0.000000,1
imagePyramid,287,0.405419
track,287,1.966856,0.002139,1
imagePyramid,288,0.393670
track,288,1.937646,0.003211,1
imagePyramid,289,0.422499
track,289,1.888706,0.003148,1
imagePyramid,290,0.478779
track,290,1.885596,0.003351,1
imagePyramid,290,0.394199
preCompute,290,1.274868
imagePyramid,290,0.349710
preCompute,290,1.161517
imagePyramid,290,0.427359
preCompute,290,1.301967
imagePyramid,287,0.352560
track,287,1.572426,0.000000,1
imagePyramid,288,0.408489
track,288,1.928506,0.002644,1
imagePyramid,289,0.485449
track,289,2.144755,0.002893,1
imagePyramid,290,0.477509
track,290,2.226575,0.003068,1
imagePyramid,291,0.486269
track,291,2.696394,0.002927,1
imagePyramid,291,0.368149
preCompute,291,1.270057
imagePyramid,291,0.347319
preCompute,291,1.162317
imagePyramid,291,0.443039
preCompute,291,1.282377
imagePyramid,288,0.354499
track,288,1.764217,0.000000,1
imagePyramid,289,0.453449
track,289,2.049186,0.002792,1
imagePyramid,290,0.480019
track,290,2.149906,0.003144,1
imagePyramid,291,0.422639
track,291,2.064176,0.003075,1
imagePyramid,292,0.503389
track,292,2.322085,0.003578,1
imagePyramid,292,0.701869
preCompute,292,1.485687
imagePyramid,292,0.321250
preCompute,292,1.619746
imagePyramid,292,0.383419
preCompute,292,1.265507
imagePyramid,289,0.357590
track,289,1.857906,0.000000,1
imagePyramid,290,0.422209
track,290,2.153785,0.002295,1
imagePyramid,291,0.405129
track,291,2.027346,0.002375,1
imagePyramid,292,0.392909
track,292,2.011745,0.002382,1
imagePyramid,293,0.368419
track,293,1.946636,0.002543,1
imagePyramid,293,0.361429
preCompute,293,1.275177
imagePyramid,293,0.673189
preCompute,293,1.275697
imagePyramid,293,0.576079
preCompute,293,1.259208
imagePyramid,290,0.343719
track,290,1.959226,0.000000,1
imagePyramid,291,0.446619
track,291,2.858274,0.003121,1
imagePyramid,292,0.517739
track,292,2.074065,0.003295,1
imagePyramid,293,0.397909
track,293,2.051006,0.003644,1
imagePyramid,293,0.355409
preCompute,293,1.231267
imagePyramid,293,0.336220
preCompute,293,1.165957
imagePyramid,293,0.372659
preCompute,293,1.293417
imagePyramid,291,0.310660
track,291,1.619366,0.000000,1
imagePyramid,292,0.378140
track,292,2.041006,0.003087,1
imagePyramid,293,0.427209
track,293,2.149006,0.003451,1
imagePyramid,294,0.357340
track,294,2.163115,0.003171,1
imagePyramid,295,0.385819
track,295,1.932556,0.003660,1
imagePyramid,295,0.635729
preCompute,295,1.247537
imagePyramid,295,0.386280
preCompute,295,1.263847
imagePyramid,295,0.480559
preCompute,295,1.307577
imagePyramid,292,0.515068
track,292,1.729567,0.000000,1
imagePyramid,293,0.545849
track,293,2.189245,0.002034,1
imagePyramid,294,0.621809
track,294,2.040736,0.002006,1
imagePyramid,295,0.455499
track,295,1.984786,0.002145,1
imagePyramid,296,0.421819
track,296,2.028506,0.002334,1
imagePyramid,296,0.377439
preCompute,296,1.243647
imagePyramid,296,0.336089
preCompute,296,1.228898
imagePyramid,296,0.371149
preCompute,296,1.249788
imagePyramid,293,0.356359
track,293,1.628326,0.000000,1
imagePyramid,294,0.486099
track,294,1.989636,0.003113,1
imagePyramid,295,0.469129
track,295,2.051305,0.003353,1
imagePyramid,296,0.580319
track,296,2.184945,0.003570,1
imagePyramid,296,0.445549
preCompute,296,1.190547
imagePyramid,296,0.350390
preCompute,296,1.209237
imagePyramid,296,0.358699
preCompute,296,1.306787
imagePyramid,294,0.333659
track,294,1.637427,0.000000,1
imagePyramid,295,0.403059
track,295,1.950165,0.001873,1
imagePyramid,296,0.502759
track,296,2.220735,0.002788,1
imagePyramid,297,0.434529
track,297,2.691994,0.003301,1
imagePyramid,298,0.411959
track,298,2.170205,0.003578,1
imagePyramid,298,0.411999
preCompute,298,1.231897
imagePyramid,298,0.650818
preCompute,298,1.137628
imagePyramid,298,0.505029
preCompute,298,1.159247
imagePyramid,295,0.322539
track,295,1.595426,0.000000,1
imagePyramid,296,0.504229
track,296,2.050276,0.002423,1
imagePyramid,297,0.481749
track,297,2.113355,0.003375,1
imagePyramid,298,0.390299
track,298,2.014355,0.003561,1
imagePyramid,298,0.452479
preCompute,298,1.195468
imagePyramid,298,0.424919
preCompute,298,1.249657
imagePyramid,296,0.339460
track,296,1.618866,0.000000,1
imagePyramid,297,0.383869
track,297,2.304065,0.002935,1
imagePyramid,298,0.362649
track,298,1.887086,0.003578,1
imagePyramid,298,0.331269
preCompute,298,1.237998
imagePyramid,298,0.332549
preCompute,298,1.166428
imagePyramid,298,0.455239
preCompute,298,1.299627
imagePyramid,297,0.335529
track,297,1.761846,0.000000,1
imagePyramid,298,0.464879
track,298,1.928495,0.002714,1
imagePyramid,299,0.400829
track,299,2.071966,0.003297,1
imagePyramid,300,0.463669
track,300,2.401675,0.003557,1
imagePyramid,300,0.361449
preCompute,300,1.297127
imagePyramid,300,0.370620
preCompute,300,1.357887
imagePyramid,298,0.370459
track,298,1.776026,0.000000,1
imagePyramid,299,0.376639
track,299,2.077696,0.002730,1
imagePyramid,300,0.363879
track,300,2.022886,0.003358,1
imagePyramid,301,0.380249
track,301,1.874616,0.003472,1
imagePyramid,302,0.491339
track,302,2.433564,0.003323,1
imagePyramid,302,0.361100
preCompute,302,1.257848
imagePyramid,302,0.357529
preCompute,302,1.166968
imagePyramid,302,0.549038
preCompute,302,1.273398
imagePyramid,299,0.368059
track,299,1.876156,0.000000,1
imagePyramid,300,0.475589
track,300,2.079916,0.002787,1
imagePyramid,301,0.458989
track,301,2.029556,0.003164,1
imagePyramid,302,0.457409
track,302,2.142295,0.003073,1
imagePyramid,303,0.410369
track,303,2.025115,0.003535,1
imagePyramid,303,0.357849
preCompute,303,1.285767
imagePyramid,303,0.351509
preCompute,303,1.269028
imagePyramid,303,0.431169
preCompute,303,1.290048
imagePyramid,300,0.372949
track,300,1.697166,0.000000,1
imagePyramid,301,0.392719
track,301,1.968815,0.003139,1
imagePyramid,302,0.467349
track,302,2.067095,0.003894,1
imagePyramid,302,0.400959
preCompute,302,1.248628
imagePyramid,302,0.431289
preCompute,302,1.250887
imagePyramid,301,0.332319
track,301,1.666927,0.000000,1
imagePyramid,302,0.422099
track,302,2.376475,0.002487,1
imagePyramid,303,0.433329
track,303,2.041285,0.003582,1
imagePyramid,303,0.390269
preCompute,303,1.248037
imagePyramid,303,1.040118
preCompute,303,1.254607
imagePyramid,303,1.083198
preCompute,303,1.255347
imagePyramid,302,0.345130
track,302,1.915245,0.000000,1
imagePyramid,303,0.439969
track,303,2.022755,0.002605,1
imagePyramid,304,0.662009
track,304,2.007445,0.003553,1
imagePyramid,304,0.449849
preCompute,304,1.286347
imagePyramid,304,0.402459
preCompute,304,1.279107
imagePyramid,303,0.349669
track,303,1.727957,0.000000,1
imagePyramid,304,0.476389
track,304,2.259695,0.002888,1
imagePyramid,305,0.365250
track,305,1.872086,0.003465,1
imagePyramid,306,0.372479
track,306,1.962506,0.003198,1
imagePyramid,307,0.715578
track,307,2.688874,0.003423,1
imagePyramid,307,0.377489
preCompute,307,1.265037
imagePyramid,307,0.363569
preCompute,307,1.152048
imagePyramid,307,0.331500
preCompute,307,1.138107
imagePyramid,304,0.323219
track,304,1.544916,0.000000,1
imagePyramid,305,0.427839
track,305,2.702224,0.002862,1
imagePyramid,306,0.433299
track,306,2.410525,0.003664,1
imagePyramid,306,0.443899
preCompute,306,1.313857
imagePyramid,306,0.551919
preCompute,306,1.269387
imagePyramid,305,0.331549
track,305,2.314115,0.000000,1
imagePyramid,306,0.435949
track,306,1.927195,0.002823,1
imagePyramid,307,0.437179
track,307,2.291336,0.003759,1
imagePyramid,307,0.424679
preCompute,307,1.257747
imagePyramid,307,0.355400
preCompute,307,1.222558
imagePyramid,307,0.456949
preCompute,307,1.243397
imagePyramid,306,0.335819
track,306,1.605307,0.000000,1
imagePyramid,307,0.387869
track,307,2.017326,0.002781,1
imagePyramid,308,0.368579
track,308,2.466384,0.003181,1
imagePyramid,309,0.518598
track,309,2.079526,0.003536,1
imagePyramid,309,0.522869
preCompute,309,1.279547
imagePyramid,309,0.428179
preCompute,309,1.284037
imagePyramid,307,0.352990
track,307,1.648566,0.000000,1
imagePyramid,308,0.402039
track,308,1.890365,0.002638,1
imagePyramid,309,0.392829
track,309,1.991916,0.003329,1
imagePyramid,310,0.349429
track,310,2.029506,0.004071,1
imagePyramid,310,0.440379
preCompute,310,1.252537
imagePyramid,310,0.335539
preCompute,310,1.258037
imagePyramid,310,0.376600
preCompute,310,1.274828
imagePyramid,308,1.514986
track,308,1.703707,0.000000,1
imagePyramid,309,0.439769
track,309,2.046986,0.003100,1
imagePyramid,310,0.408619
track,310,2.191135,0.003999,1
imagePyramid,310,0.509549
preCompute,310,1.258687
imagePyramid,310,0.422880
preCompute,310,1.241238
imagePyramid,309,0.335409
track,309,1.651436,0.000000,1
imagePyramid,310,0.405119
track,310,2.276625,0.002334,1
imagePyramid,311,0.397279
track,311,2.018005,0.003608,1
imagePyramid,311,0.396810
preCompute,311,1.258337
imagePyramid,311,0.361509
preCompute,311,1.283437
imagePyramid,311,0.477479
preCompute,311,1.556976
imagePyramid,310,0.568379
track,310,1.971855,0.000000,1
imagePyramid,311,0.428299
track,311,2.088716,0.002785,1
imagePyramid,312,0.472899
track,312,2.104835,0.003315,1
imagePyramid,313,0.451139
track,313,2.437695,0.004017,1
imagePyramid,313,0.407609
preCompute,313,1.280817
imagePyramid,313,0.477598
preCompute,313,1.306487
imagePyramid,311,0.358269
track,311,1.925576,0.000000,1
imagePyramid,312,0.400809
track,312,2.380235,0.002743,1
imagePyramid,313,0.324449
track,313,1.939566,0.003050,1
imagePyramid,314,0.357379
track,314,1.938746,0.003406,1
imagePyramid,315,0.441819
track,315,1.937646,0.003977,1
imagePyramid,315,0.413509
preCompute,315,1.417297
imagePyramid,315,0.335339
preCompute,315,1.159267
imagePyramid,315,0.435469
preCompute,315,1.273727
imagePyramid,312,0.341050
track,312,1.906845,0.000000,1
imagePyramid,313,0.395039
track,313,2.173005,0.003418,1
imagePyramid,314,0.763779
track,314,2.075106,0.003354,1
imagePyramid,315,0.390109
track,315,1.961266,0.003450,1
imagePyramid,316,0.470459
track,316,1.988036,0.003491,1
imagePyramid,316,0.381629
preCompute,316,1.238847
imagePyramid,316,0.361659
preCompute,316,1.241267
imagePyramid,313,1.301327
track,313,1.654827,0.000000,1
imagePyramid,314,0.478769
track,314,2.433974,0.003010,1
imagePyramid,315,0.388559
track,315,1.930476,0.003291,1
imagePyramid,316,0.402370
track,316,1.910206,0.004931,0
imagePyramid,316,0.365820
preCompute,316,1.268267
imagePyramid,316,0.354649
preCompute,316,1.133777
imagePyramid,316,0.352329
preCompute,316,1.261667
imagePyramid,314,0.340359
track,314,1.584126,0.000000,1
imagePyramid,315,0.366629
track,315,2.081735,0.002875,1
imagePyramid,316,0.683608
track,316,2.128116,0.003098,1
imagePyramid,317,0.485669
track,317,2.134535,0.003159,1
imagePyramid,318,0.396569
track,318,1.915696,0.003789,1
imagePyramid,318,0.437270
preCompute,318,1.264968
imagePyramid,318,0.379720
preCompute,318,1.284258
imagePyramid,315,0.374939
track,315,1.649546,0.000000,1
imagePyramid,316,0.454379
track,316,2.109985,0.002761,1
imagePyramid,317,0.396740
track,317,2.478765,0.002710,1
imagePyramid,318,0.419000
track,318,1.974476,0.003506,1
imagePyramid,318,0.416439
preCompute,318,1.280427
imagePyramid,318,0.584069
preCompute,318,1.291977
imagePyramid,318,0.612898
preCompute,318,1.283617
imagePyramid,316,0.349320
track,316,1.899605,0.000000,1
imagePyramid,317,0.382629
track,317,2.002706,0.002944,1
imagePyramid,318,0.434159
track,318,2.064155,0.002860,1
imagePyramid,319,0.534059
track,319,2.487974,0.003265,1
imagePyramid,320,0.465469
track,320,2.286936,0.002795,1
imagePyramid,320,0.445189
preCompute,320,1.272207
imagePyramid,320,0.367139
preCompute,320,1.224267
imagePyramid,317,1.203718
track,317,1.924255,0.000000,1
imagePyramid,318,0.418080
track,318,2.008506,0.003280,1
imagePyramid,319,0.385489
track,319,2.021605,0.003506,1
imagePyramid,319,0.361579
preCompute,319,1.267007
imagePyramid,319,0.347409
preCompute,319,1.261628
imagePyramid,319,0.350829
preCompute,319,1.269377
imagePyramid,318,0.339799
track,318,1.603736,0.000000,1
imagePyramid,319,0.400369
track,319,2.660605,0.003493,1
imagePyramid,320,0.424659
track,320,2.062036,0.003798,1
imagePyramid,320,0.450779
preCompute,320,1.317397
imagePyramid,320,0.388379
preCompute,320,1.277997
imagePyramid,319,0.357160
track,319,1.602176,0.000000,1
imagePyramid,320,0.470119
track,320,1.989446,0.003306,1
imagePyramid,321,0.372619
track,321,2.014466,0.003105,1
imagePyramid,322,1.467957
track,322,2.256316,0.003138,1
imagePyramid,323,0.402449
track,323,1.925936,0.003410,1
imagePyramid,323,0.421669
preCompute,323,1.685876
imagePyramid,323,0.368099
preCompute,323,1.297577
imagePyramid,323,0.464699
preCompute,323,1.277168
imagePyramid,320,0.389949
track,320,1.822776,0.000000,1
imagePyramid,321,0.421209
track,321,2.043735,0.003986,1
imagePyramid,321,0.387799
preCompute,321,1.263367
imagePyramid,321,0.430969
preCompute,321,1.373767
imagePyramid,321,0.300709
track,321,1.574307,0.000000,1
imagePyramid,322,0.506559
track,322,2.319685,0.002774,1
imagePyramid,323,0.751268
track,323,2.073845,0.003281,1
imagePyramid,324,0.404639
track,324,2.083586,0.003847,1
imagePyramid,324,0.394870
preCompute,324,1.261708
imagePyramid,324,0.322399
preCompute,324,1.154808
imagePyramid,324,0.379399
preCompute,324,1.301697
imagePyramid,322,0.371099
track,322,1.758416,0.000000,1
imagePyramid,323,0.401549
track,323,1.950896,0.002511,1
imagePyramid,324,0.445849
track,324,2.031986,0.002509,1
imagePyramid,325,0.405369
track,325,1.911206,0.002929,1
imagePyramid,326,0.553309
track,326,2.260886,0.003835,1
imagePyramid,326,0.398539
preCompute,326,1.276387
imagePyramid,326,0.375889
preCompute,326,1.297427
imagePyramid,323,0.314740
track,323,1.678256,0.000000,1
imagePyramid,324,0.477019
track,324,1.988596,0.002417,1
imagePyramid,325,0.476619
track,325,2.002116,0.002942,1
imagePyramid,326,0.464989
track,326,2.403735,0.003581,1
imagePyramid,326,0.475569
preCompute,326,1.368317
imagePyramid,326,0.351260
preCompute,326,1.258387
imagePyramid,326,0.341429
preCompute,326,1.302947
imagePyramid,324,0.320410
track,324,1.875325,0.000000,1
imagePyramid,325,0.969987
track,325,1.960996,0.002690,1
imagePyramid,326,0.442599
track,326,2.176186,0.003705,1
imagePyramid,326,0.495119
preCompute,326,1.287187
imagePyramid,326,0.518299
preCompute,326,1.286477
imagePyramid,325,0.394149
track,325,1.600016,0.000000,1
imagePyramid,326,0.393899
track,326,1.985546,0.002742,1
imagePyramid,327,0.397079
track,327,2.122825,0.002865,1
imagePyramid,328,0.434829
track,328,2.467045,0.002881,1
imagePyramid,329,0.432759
track,329,1.970995,0.003210,1
imagePyramid,329,0.355940
preCompute,329,1.338047
imagePyramid,329,0.445499
preCompute,329,1.263608
imagePyramid,329,0.348899
preCompute,329,1.263657
imagePyramid,326,0.314329
track,326,1.561607,0.000000,1
imagePyramid,327,0.416309
track,327,2.000215,0.002894,1
imagePyramid,328,0.514989
track,328,1.982646,0.003197,1
imagePyramid,329,0.429699
track,329,2.068636,0.003753,1
imagePyramid,329,0.437049
preCompute,329,1.209997
imagePyramid,329,0.392019
preCompute,329,1.383597
imagePyramid,327,0.354059
track,327,1.668226,0.000000,1
imagePyramid,328,0.405179
track,328,1.987046,0.003156,1
imagePyramid,329,0.450829
track,329,2.068056,0.003773,1
imagePyramid,329,0.379939
preCompute,329,1.344797
imagePyramid,329,0.315259
preCompute,329,1.157067
imagePyramid,329,0.355239
preCompute,329,1.293837
imagePyramid,328,0.324129
track,328,1.573476,0.000000,1
imagePyramid,329,0.452189
track,329,2.176555,0.002965,1
imagePyramid,330,0.411199
track,330,2.639474,0.003357,1
imagePyramid,331,0.420789
track,331,1.926776,0.003515,1
imagePyramid,331,0.434969
preCompute,331,1.299358
imagePyramid,331,0.424519
preCompute,331,1.253277
imagePyramid,329,0.323640
track,329,1.622356,0.000000,1
imagePyramid,330,0.371780
track,330,1.911905,0.003700,1
imagePyramid,330,0.389679
preCompute,330,1.265807
imagePyramid,330,0.417319
preCompute,330,1.296908
imagePyramid,330,0.335160
track,330,1.671566,0.000000,1
imagePyramid,331,0.391759
track,331,1.935586,0.003051,1
imagePyramid,332,1.474687
track,332,1.791106,0.003742,1
imagePyramid,332,0.529109
preCompute,332,1.729136
imagePyramid,332,0.335020
preCompute,332,1.246897
imagePyramid,332,0.438259
preCompute,332,1.261067
imagePyramid,331,0.342879
track,331,1.639857,0.000000,1
imagePyramid,332,0.473799
track,332,2.041906,0.003542,1
imagePyramid,332,0.425119
preCompute,332,1.248167
imagePyramid,332,0.427049
preCompute,332,1.242078
imagePyramid,332,0.363239
track,332,1.709436,0.000000,1
imagePyramid,333,0.476749
track,333,2.286275,0.003326,1
imagePyramid,334,0.425620
track,334,2.265585,0.002841,1
imagePyramid,335,0.391080
track,335,2.386855,0.003457,1
imagePyramid,336,0.392689
track,336,1.894596,0.003145,1
imagePyramid,336,0.399299
preCompute,336,1.308997
imagePyramid,336,0.326590
preCompute,336,1.187477
imagePyramid,336,0.483469
preCompute,336,1.270897
imagePyramid,333,0.355719
track,333,1.508746,0.000000,1
imagePyramid,334,0.439819
track,334,1.883896,0.003548,1
imagePyramid,334,0.421190
preCompute,334,1.248718
imagePyramid,334,0.407579
preCompute,334,1.270397
imagePyramid,334,0.347769
track,334,2.010076,0.000000,1
imagePyramid,335,0.389839
track,335,2.071076,0.003129,1
imagePyramid,336,0.509789
track,336,2.337534,0.003705,1
imagePyramid,336,0.420879
preCompute,336,1.313277
imagePyramid,336,0.384639
preCompute,336,1.278487
imagePyramid,335,0.385339
track,335,1.668126,0.000000,1
imagePyramid,336,0.455869
track,336,1.973106,0.002591,1
imagePyramid,337,0.373379
track,337,2.504625,0.002940,1
imagePyramid,338,0.423089
track,338,2.285305,0.003174,1
imagePyramid,339,0.416299
track,339,2.286375,0.003354,1
imagePyramid,339,0.386489
preCompute,339,1.284287
imagePyramid,339,0.324059
preCompute,339,1.167008
imagePyramid,339,0.349140
preCompute,339,1.263017
imagePyramid,336,0.307930
track,336,1.575646,0.000000,1
imagePyramid,337,0.422589
track,337,2.091086,0.003256,1
imagePyramid,338,1.891096
track,338,2.089606,0.003790,1
imagePyramid,338,0.393909
preCompute,338,1.298577
imagePyramid,338,0.450349
preCompute,338,1.277257
imagePyramid,337,0.359850
track,337,2.282015,0.000000,1
imagePyramid,338,0.408469
track,338,2.279245,0.003202,1
imagePyramid,339,0.402699
track,339,2.098355,0.004038,1
imagePyramid,339,0.457979
preCompute,339,1.368537
imagePyramid,339,0.344209
preCompute,339,1.316697
imagePyramid,339,0.381359
preCompute,339,1.277377
imagePyramid,338,0.325429
track,338,1.610617,0.000000,1
imagePyramid,339,0.366369
track,339,1.958386,0.002527,1
imagePyramid,340,0.479649
track,340,2.103125,0.003603,1
imagePyramid,340,0.416109
preCompute,340,1.482357
imagePyramid,340,0.397969
preCompute,340,1.371177
imagePyramid,339,0.352379
track,339,2.045045,0.000000,1
imagePyramid,340,0.418789
track,340,2.346775,0.002562,1
imagePyramid,341,0.427009
track,341,1.992405,0.002879,1
imagePyramid,342,0.409789
track,342,1.946125,0.003328,1
imagePyramid,343,0.523609
track,343,2.674454,0.003362,1
imagePyramid,343,0.388789
preCompute,343,1.272507
imagePyramid,343,0.345089
preCompute,343,1.174378
imagePyramid,343,0.617178
preCompute,343,1.310957
imagePyramid,340,0.339079
track,340,1.903626,0.000000,1
imagePyramid,341,0.430369
track,341,2.346515,0.003134,1
imagePyramid,342,0.529229
track,342,2.101806,0.002700,1
imagePyramid,343,0.450599
track,343,2.180975,0.002890,1
imagePyramid,344,0.414479
track,344,2.044125,0.003416,1
imagePyramid,344,1.092648
preCompute,344,1.293577
imagePyramid,344,0.422200
preCompute,344,1.346037
imagePyramid,341,0.357370
track,341,1.817147,0.000000,1
imagePyramid,342,0.512309
track,342,2.250625,0.002908,1
imagePyramid,343,0.385909
track,343,2.403184,0.003684,1
imagePyramid,343,0.397909
preCompute,343,1.290917
imagePyramid,343,0.328829
preCompute,343,1.138018
imagePyramid,343,0.346379
preCompute,343,1.269748
imagePyramid,342,0.295299
track,342,1.555167,0.000000,1
imagePyramid,343,0.428960
track,343,2.009236,0.002237,1
imagePyramid,344,0.473919
track,344,2.129105,0.003276,1
imagePyramid,345,0.428149
track,345,2.271595,0.003561,1
imagePyramid,345,0.629949
preCompute,345,1.198438
imagePyramid,345,0.409809
preCompute,345,1.285927
imagePyramid,343,0.354760
track,343,1.660556,0.000000,1
imagePyramid,344,0.403140
track,344,2.130626,0.002777,1
imagePyramid,345,0.386920
track,345,2.011926,0.003145,1
imagePyramid,346,0.354999
track,346,1.919626,0.003915,1
imagePyramid,346,0.419769
preCompute,346,1.296087
imagePyramid,346,0.355989
preCompute,346,1.158578
imagePyramid,346,0.381219
preCompute,346,1.285197
imagePyramid,344,0.959628
track,344,1.663576,0.000000,1
imagePyramid,345,0.427369
track,345,2.821284,0.002814,1
imagePyramid,346,0.461319
track,346,2.030146,0.002488,1
imagePyramid,347,0.444559
track,347,1.953836,0.003631,1
imagePyramid,347,0.495469
preCompute,347,1.290257
imagePyramid,347,0.378030
preCompute,347,1.259768
imagePyramid,345,0.359479
track,345,1.714797,0.000000,1
imagePyramid,346,0.410769
track,346,2.296475,0.003069,1
imagePyramid,347,0.405569
track,347,2.031156,0.003827,1
imagePyramid,347,0.409439
preCompute,347,1.155527
imagePyramid,347,0.379589
preCompute,347,1.265147
imagePyramid,346,0.317120
track,346,1.821176,0.000000,1
imagePyramid,347,0.443859
track,347,2.216515,0.002766,1
imagePyramid,348,0.376650
track,348,2.071316,0.002992,1
imagePyramid,349,0.396889
track,349,2.091025,0.003456,1
imagePyramid,350,0.421269
track,350,2.520465,0.003532,1
imagePyramid,350,0.427209
preCompute,350,1.564077
imagePyramid,350,0.361129
preCompute,350,1.193868
imagePyramid,350,0.340599
preCompute,350,1.274757
imagePyramid,347,0.985508
track,347,1.567247,0.000000,1
imagePyramid,348,0.401330
track,348,1.846767,0.002881,1
imagePyramid,349,0.365199
track,349,1.930006,0.003690,1
imagePyramid,349,0.476129
preCompute,349,1.283928
imagePyramid,349,0.416670
preCompute,349,1.294858
imagePyramid,348,0.355819
track,348,1.538957,0.000000,1
imagePyramid,349,0.544059
track,349,2.085376,0.002289,1
imagePyramid,350,0.556048
track,350,2.048916,0.002568,1
imagePyramid,351,0.364659
track,351,2.237515,0.003349,1
imagePyramid,352,0.366539
track,352,1.907606,0.003226,1
imagePyramid,352,0.369779
preCompute,352,1.248878
imagePyramid,352,0.332609
preCompute,352,1.190147
imagePyramid,352,0.331909
preCompute,352,1.259937
imagePyramid,349,0.313850
track,349,1.534476,0.000000,1
imagePyramid,350,0.388459
track,350,1.914836,0.003310,1
imagePyramid,351,0.416029
track,351,2.172725,0.003492,1
imagePyramid,352,0.448979
track,352,2.092356,0.003130,1
imagePyramid,353,0.371769
track,353,2.264725,0.003399,1
imagePyramid,353,0.425569
preCompute,353,1.285847
imagePyramid,353,0.388709
preCompute,353,1.327787
imagePyramid,350,0.330740
track,350,1.671346,0.000000,1
imagePyramid,351,0.480899
track,351,2.129176,0.002787,1
imagePyramid,352,0.404739
track,352,2.330075,0.002937,1
imagePyramid,353,0.437019
track,353,2.024356,0.003160,1
imagePyramid,354,0.427729
track,354,2.108145,0.003388,1
imagePyramid,354,0.468709
preCompute,354,1.267737
imagePyramid,354,0.369649
preCompute,354,1.366997
imagePyramid,354,0.471779
preCompute,354,1.252407
imagePyramid,351,0.475159
track,351,1.636256,0.000000,1
imagePyramid,352,0.377849
track,352,1.952946,0.002785,1
imagePyramid,353,0.379849
track,353,2.009196,0.003173,1
imagePyramid,354,0.370039
track,354,2.022326,0.002957,1
imagePyramid,355,0.378379
track,355,1.960465,0.003066,1
imagePyramid,355,0.406769
preCompute,355,1.305277
imagePyramid,355,0.450169
preCompute,355,1.302508
imagePyramid,352,0.331400
track,352,1.647356,0.000000,1
imagePyramid,353,0.424399
track,353,2.015175,0.002858,1
imagePyramid,354,0.508658
track,354,2.197735,0.003518,1
imagePyramid,354,0.376589
preCompute,354,1.272687
imagePyramid,354,0.358979
preCompute,354,1.246887
imagePyramid,354,0.358699
preCompute,354,1.261637
imagePyramid,353,1.118158
track,353,1.547677,0.000000,1
imagePyramid,354,0.386309
track,354,2.275755,0.003032,1
imagePyramid,355,0.453439
track,355,2.016086,0.002911,1
imagePyramid,356,0.470089
track,356,2.021776,0.003240,1
imagePyramid,357,0.378529
track,357,1.934545,0.003355,1
imagePyramid,357,0.439279
preCompute,357,1.299247
imagePyramid,357,0.394599
preCompute,357,1.278387
imagePyramid,354,0.329410
track,354,1.760206,0.000000,1
imagePyramid,355,0.379550
track,355,2.328135,0.003004,1
imagePyramid,356,0.439180
track,356,2.043246,0.002873,1
imagePyramid,357,0.364760
track,357,2.006446,0.003581,1
imagePyramid,357,0.410779
preCompute,357,1.292018
imagePyramid,357,0.364879
preCompute,357,1.301907
imagePyramid,357,0.448129
preCompute,357,1.272787
imagePyramid,355,0.324659
track,355,1.617527,0.000000,1
imagePyramid,356,0.429819
track,356,1.978706,0.003535,1
imagePyramid,356,0.494549
preCompute,356,1.282277
imagePyramid,356,0.397190
preCompute,356,1.264038
imagePyramid,356,0.359399
track,356,1.683036,0.000000,1
imagePyramid,357,0.424279
track,357,2.583705,0.003140,1
imagePyramid,358,0.803808
track,358,2.068006,0.003046,1
imagePyramid,359,0.435789
track,359,2.050846,0.003132,1
imagePyramid,360,0.448269
track,360,1.934736,0.003034,1
imagePyramid,360,0.423509
preCompute,360,1.293078
imagePyramid,360,0.423529
preCompute,360,1.297367
imagePyramid,360,0.403129
preCompute,360,1.244697
imagePyramid,357,0.323990
track,357,1.610576,0.000000,1
imagePyramid,358,0.663698
track,358,1.980556,0.002750,1
imagePyramid,359,0.408679
track,359,2.012416,0.002836,1
imagePyramid,360,0.361940
track,360,2.322825,0.002980,1
imagePyramid,361,0.451679
track,361,2.169566,0.003253,1
imagePyramid,361,0.373069
preCompute,361,1.299677
imagePyramid,361,0.421639
preCompute,361,1.256157
imagePyramid,358,0.354279
track,358,1.746877,0.000000,1
imagePyramid,359,0.435719
track,359,1.930706,0.002882,1
imagePyramid,360,0.398359
track,360,2.300915,0.002831,1
imagePyramid,361,0.358989
track,361,2.251816,0.002699,1
imagePyramid,362,0.362639
track,362,1.919656,0.003151,1
imagePyramid,362,0.363309
preCompute,362,1.238387
imagePyramid,362,0.347929
preCompute,362,1.167468
imagePyramid,362,0.478199
preCompute,362,1.265867
imagePyramid,359,0.410669
track,359,1.777876,0.000000,1
imagePyramid,360,0.386420
track,360,2.033535,0.002742,1
imagePyramid,361,0.534379
track,361,2.076316,0.002917,1
imagePyramid,362,0.358979
track,362,1.991186,0.002910,1
imagePyramid,363,0.394269
track,363,1.956825,0.003251,1
imagePyramid,363,0.376230
preCompute,363,1.260678
imagePyramid,363,0.422139
preCompute,363,1.298028
imagePyramid,360,0.321180
track,360,1.652666,0.000000,1
imagePyramid,361,0.487609
track,361,2.228815,0.002826,1
imagePyramid,362,0.407099
track,362,2.033065,0.002993,1
imagePyramid,363,0.326279
track,363,2.216935,0.003361,1
imagePyramid,364,0.388180
track,364,2.030376,0.003592,1
imagePyramid,364,0.411229
preCompute,364,1.315367
imagePyramid,364,0.341359
preCompute,364,1.302037
imagePyramid,364,0.447879
preCompute,364,1.306727
imagePyramid,361,0.347630
track,361,1.712036,0.000000,1
imagePyramid,362,0.400439
track,362,1.979726,0.002748,1
imagePyramid,363,0.393089
track,363,2.006035,0.003437,1
imagePyramid,364,0.390859
track,364,2.533595,0.003198,1
imagePyramid,365,0.346259
track,365,1.951316,0.003651,1
imagePyramid,365,0.364549
preCompute,365,1.252788
imagePyramid,365,0.398640
preCompute,365,1.171348
imagePyramid,365,0.363570
preCompute,365,1.263717
imagePyramid,362,0.381319
track,362,1.628297,0.000000,1
imagePyramid,363,0.381870
track,363,2.095165,0.002122,1
imagePyramid,364,0.382599
track,364,1.953026,0.002372,1
imagePyramid,365,0.429009
track,365,2.000265,0.002740,1
imagePyramid,366,0.362479
track,366,2.611004,0.002705,1
imagePyramid,366,0.644628
preCompute,366,1.247208
imagePyramid,366,0.323799
preCompute,366,1.436977
imagePyramid,366,0.514248
preCompute,366,1.281638
imagePyramid,363,0.331319
track,363,1.846446,0.000000,1
imagePyramid,364,0.383309
track,364,2.035075,0.003203,1
imagePyramid,365,0.377109
track,365,2.177606,0.003863,1
imagePyramid,365,0.390950
preCompute,365,1.261157
imagePyramid,365,0.447399
preCompute,365,1.297297
imagePyramid,364,0.377219
track,364,1.639997,0.000000,1
imagePyramid,365,0.395109
track,365,2.033686,0.003818,1
imagePyramid,365,0.347919
preCompute,365,1.221538
imagePyramid,365,0.436679
preCompute,365,1.188038
imagePyramid,365,0.330039
track,365,2.019186,0.000000,1
imagePyramid,366,0.330949
track,366,2.000896,0.002806,1
imagePyramid,367,0.397369
track,367,1.940416,0.003414,1
imagePyramid,368,0.380279
track,368,1.884116,0.003411,1
imagePyramid,369,0.595729
track,369,2.130675,0.003637,1
imagePyramid,369,0.449269
preCompute,369,1.328447
imagePyramid,369,0.357509
preCompute,369,1.282677
imagePyramid,369,0.388569
preCompute,369,1.173287
imagePyramid,366,0.384869
track,366,1.674796,0.000000,1
imagePyramid,367,0.546989
track,367,1.862516,0.002768,1
imagePyramid,368,0.404039
track,368,1.935416,0.003400,1
imagePyramid,369,0.394229
track,369,2.053235,0.003796,1
imagePyramid,369,0.359340
preCompute,369,1.268567
imagePyramid,369,0.354030
preCompute,369,1.255227
imagePyramid,367,0.327659
track,367,1.545987,0.000000,1
imagePyramid,368,0.329629
track,368,2.103135,0.002971,1
imagePyramid,369,0.808528
track,369,2.184415,0.004026,1
imagePyramid,369,0.437399
preCompute,369,1.201457
imagePyramid,369,0.819558
preCompute,369,1.281217
imagePyramid,369,0.388639
preCompute,369,1.310307
imagePyramid,368,0.340329
track,368,1.552687,0.000000,1
imagePyramid,369,0.442969
track,369,1.981036,0.002697,1
imagePyramid,370,0.428219
track,370,2.064116,0.003442,1
imagePyramid,371,0.402729
track,371,1.981285,0.003582,1
imagePyramid,371,0.468859
preCompute,371,1.310517
imagePyramid,371,0.352409
preCompute,371,1.317477
imagePyramid,369,0.327129
track,369,2.333935,0.000000,1
imagePyramid,370,0.416009
track,370,2.505554,0.003542,1
imagePyramid,370,0.354119
preCompute,370,1.271607
imagePyramid,370,0.322569
preCompute,370,1.187128
imagePyramid,370,0.351869
preCompute,370,1.249347
imagePyramid,370,0.322190
track,370,1.555627,0.000000,1
imagePyramid,371,0.426859
track,371,1.981665,0.002145,1
imagePyramid,372,0.409379
track,372,2.089815,0.003003,1
imagePyramid,373,0.397510
track,373,2.687434,0.003616,1
imagePyramid,373,0.436519
preCompute,373,1.330538
imagePyramid,373,0.380299
preCompute,373,1.264967
imagePyramid,373,0.410949
preCompute,373,1.341597
imagePyramid,371,0.421999
track,371,1.867226,0.000000,1
imagePyramid,372,0.391700
track,372,2.083416,0.002275,1
imagePyramid,373,0.498979
track,373,1.983326,0.002593,1
imagePyramid,374,0.491089
track,374,2.167035,0.002784,1
imagePyramid,375,0.824689
track,375,1.994205,0.003601,1
imagePyramid,375,0.348589
preCompute,375,1.241127
imagePyramid,375,0.700328
preCompute,375,1.533657
imagePyramid,375,0.412829
preCompute,375,1.269987
imagePyramid,372,0.601559
track,372,1.722667,0.000000,1
imagePyramid,373,0.410439
track,373,2.229195,0.002751,1
imagePyramid,374,0.398579
track,374,2.033086,0.003402,1
imagePyramid,375,0.471159
track,375,1.938216,0.004132,1
imagePyramid,375,0.390159
preCompute,375,1.280298
imagePyramid,375,0.357379
preCompute,375,1.379047
imagePyramid,375,0.516759
preCompute,375,1.280727
imagePyramid,373,0.323609
track,373,2.059845,0.000000,1
imagePyramid,374,0.371109
track,374,2.029525,0.003340,1
imagePyramid,375,0.549109
track,375,2.040836,0.003988,1
imagePyramid,375,0.428069
preCompute,375,1.237637
imagePyramid,375,0.387700
preCompute,375,1.279648
imagePyramid,374,0.335220
track,374,1.657656,0.000000,1
imagePyramid,375,0.403120
track,375,2.273786,0.002544,1
imagePyramid,376,0.437589
track,376,2.260365,0.002918,1
imagePyramid,377,0.389039
track,377,2.436414,0.003251,1
imagePyramid,378,0.443109
track,378,2.115486,0.003445,1
imagePyramid,378,0.364179
preCompute,378,1.247757
imagePyramid,378,0.329349
preCompute,378,1.153327
imagePyramid,378,0.395579
preCompute,378,1.293407
imagePyramid,375,0.351719
track,375,1.818766,0.000000,1
imagePyramid,376,0.456889
track,376,2.512335,0.003040,1
imagePyramid,377,0.392480
track,377,2.428585,0.003555,1
imagePyramid,377,0.404970
preCompute,377,1.295178
imagePyramid,377,0.382609
preCompute,377,1.351127
imagePyramid,376,0.785089
track,376,1.694926,0.000000,1
imagePyramid,377,0.411489
track,377,2.264305,0.002705,1
imagePyramid,378,0.403999
track,378,2.194325,0.003131,1
imagePyramid,379,0.411509
track,379,2.274826,0.003390,1
imagePyramid,380,0.739078
track,380,2.733114,0.003980,1
imagePyramid,380,0.389860
preCompute,380,1.280858
imagePyramid,380,0.825278
preCompute,380,1.277088
imagePyramid,380,0.343939
preCompute,380,1.244998
imagePyramid,377,0.333439
track,377,1.886936,0.000000,1
imagePyramid,378,0.427989
track,378,1.996496,0.002358,1
imagePyramid,379,0.476289
track,379,2.026125,0.002697,1
imagePyramid,380,0.514618
track,380,2.045966,0.002935,1
imagePyramid,381,0.413449
track,381,2.761944,0.003014,1
imagePyramid,381,0.385199
preCompute,381,1.286267
imagePyramid,381,0.329890
preCompute,381,1.250287
imagePyramid,381,0.366609
preCompute,381,1.688846
imagePyramid,378,0.381619
track,378,1.946676,0.000000,1
imagePyramid,379,0.418469
track,379,2.478274,0.002922,1
imagePyramid,380,0.384849
track,380,1.975646,0.003145,1
imagePyramid,381,0.366499
track,381,2.178675,0.003072,1
imagePyramid,382,0.390549
track,382,2.087475,0.003651,1
imagePyramid,382,0.642409
preCompute,382,1.273977
imagePyramid,382,0.428559
preCompute,382,1.404997
imagePyramid,382,0.805858
preCompute,382,1.282127
imagePyramid,379,0.304049
track,379,1.717076,0.000000,1
imagePyramid,380,0.438309
track,380,2.290405,0.002731,1
imagePyramid,381,0.478179
track,381,2.061326,0.002652,1
imagePyramid,382,0.481449
track,382,2.090175,0.002714,1
imagePyramid,383,0.460629
track,383,2.052116,0.002942,1
imagePyramid,383,0.641169
preCompute,383,1.254707
imagePyramid,383,0.359350
preCompute,383,1.199278
imagePyramid,383,0.396579
preCompute,383,1.317217
imagePyramid,380,0.608809
track,380,1.692796,0.000000,1
imagePyramid,381,0.463109
track,381,2.001226,0.002682,1
imagePyramid,382,0.481449
track,382,2.578774,0.003262,1
imagePyramid,383,0.420869
track,383,2.062885,0.003000,1
imagePyramid,384,0.453069
track,384,2.060536,0.003028,1
imagePyramid,384,0.504039
preCompute,384,1.258827
imagePyramid,384,0.351969
preCompute,384,1.261917
imagePyramid,384,0.461849
preCompute,384,1.299557
imagePyramid,381,0.389689
track,381,2.217665,0.000000,1
imagePyramid,382,0.373840
track,382,2.330705,0.002559,1
imagePyramid,383,0.379139
track,383,2.679844,0.002658,1
imagePyramid,384,0.396869
track,384,1.971226,0.003038,1
imagePyramid,385,0.442249
track,385,2.125575,0.003059,1
imagePyramid,385,0.395499
preCompute,385,1.309887
imagePyramid,385,0.456319
preCompute,385,1.275557
imagePyramid,382,0.352370
track,382,1.781666,0.000000,1
imagePyramid,383,0.371199
track,383,2.322815,0.002712,1
imagePyramid,384,0.378279
track,384,2.654214,0.003612,1
imagePyramid,384,0.394589
preCompute,384,1.293917
imagePyramid,384,0.711558
preCompute,384,1.195077
imagePyramid,384,0.415689
preCompute,384,1.221638
imagePyramid,383,0.377839
track,383,1.627526,0.000000,1
imagePyramid,384,0.438139
track,384,1.982876,0.002830,1
imagePyramid,385,0.490249
track,385,2.187095,0.002677,1
imagePyramid,386,0.384809
track,386,2.490985,0.003834,1
imagePyramid,386,0.400709
preCompute,386,1.285297
imagePyramid,386,0.411159
preCompute,386,1.403857
imagePyramid,384,0.336569
track,384,2.024686,0.000000,1
imagePyramid,385,0.352909
track,385,1.966906,0.002623,1
imagePyramid,386,0.368849
track,386,1.962436,0.003403,1
imagePyramid,387,0.400569
track,387,1.939336,0.003436,1
imagePyramid,388,0.381659
track,388,2.539505,0.003836,1
imagePyramid,388,0.400009
preCompute,388,1.259007
imagePyramid,388,0.344299
preCompute,388,1.207068
imagePyramid,388,0.359330
preCompute,388,1.310197
imagePyramid,385,0.545529
track,385,1.711026,0.000000,1
imagePyramid,386,0.488999
track,386,2.207235,0.003376,1
imagePyramid,387,0.412639
track,387,1.995125,0.003251,1
imagePyramid,388,0.392689
track,388,2.110525,0.002977,1
imagePyramid,389,0.474549
track,389,2.037836,0.003276,1
imagePyramid,389,0.664849
preCompute,389,1.348297
imagePyramid,389,0.344999
preCompute,389,1.199258
imagePyramid,389,0.452579
preCompute,389,1.527367
imagePyramid,386,0.333669
track,386,2.151766,0.000000,1
imagePyramid,387,0.402469
track,387,2.211335,0.002653,1
imagePyramid,388,0.531579
track,388,2.083055,0.002604,1
imagePyramid,389,0.375139
track,389,2.125625,0.003084,1
imagePyramid,390,0.358160
track,390,1.980555,0.003342,1
imagePyramid,390,0.350159
preCompute,390,1.244357
imagePyramid,390,0.470579
preCompute,390,1.430627
imagePyramid,387,0.343939
track,387,1.807956,0.000000,1
imagePyramid,388,0.474109
track,388,1.945195,0.002502,1
imagePyramid,389,0.392749
track,389,1.978516,0.002884,1
imagePyramid,390,0.432779
track,390,2.026115,0.002732,1
imagePyramid,391,0.415829
track,391,2.004376,0.002797,1
imagePyramid,391,0.362700
preCompute,391,1.238257
imagePyramid,391,0.337369
preCompute,391,1.153048
imagePyramid,391,0.370989
preCompute,391,1.279067
imagePyramid,388,0.321969
track,388,1.628067,0.000000,1
imagePyramid,389,0.422869
track,389,2.091975,0.002862,1
imagePyramid,390,0.374619
track,390,2.046905,0.003355,1
imagePyramid,391,0.374350
track,391,2.250755,0.002839,1
imagePyramid,392,0.362710
track,392,1.899436,0.003438,1
imagePyramid,392,0.356299
preCompute,392,1.285487
imagePyramid,392,0.346499
preCompute,392,1.154748
imagePyramid,392,0.352529
preCompute,392,1.269747
imagePyramid,389,0.340930
track,389,1.678456,0.000000,1
imagePyramid,390,0.383979
track,390,2.404645,0.002377,1
imagePyramid,391,0.457919
track,391,2.286525,0.002878,1
imagePyramid,392,0.472339
track,392,2.103676,0.002897,1
imagePyramid,393,0.394199
track,393,2.003146,0.003076,1
imagePyramid,393,0.361529
preCompute,393,1.311967
imagePyramid,393,0.323409
preCompute,393,1.269167
imagePyramid,390,0.330390
track,390,1.593946,0.000000,1
imagePyramid,391,0.737168
track,391,2.368325,0.002747,1
imagePyramid,392,0.332190
track,392,2.234955,0.003366,1
imagePyramid,393,0.357980
track,393,1.956715,0.003305,1
imagePyramid,394,0.454310
track,394,2.169046,0.003179,1
imagePyramid,394,0.361350
preCompute,394,1.244248
imagePyramid,394,0.339810
preCompute,394,1.272567
imagePyramid,394,0.338319
preCompute,394,1.262298
imagePyramid,391,0.345829
track,391,1.554157,0.000000,1
imagePyramid,392,0.387739
track,392,1.903526,0.002468,1
imagePyramid,393,0.509919
track,393,1.968536,0.003028,1
imagePyramid,394,0.437219
track,394,2.528905,0.002936,1
imagePyramid,395,0.354809
track,395,1.962706,0.003183,1
imagePyramid,395,0.341039
preCompute,395,1.270207
imagePyramid,395,0.324659
preCompute,395,1.156138
imagePyramid,395,0.484559
preCompute,395,1.318407
imagePyramid,392,0.446959
track,392,1.804756,0.000000,1
imagePyramid,393,0.374819
track,393,2.084305,0.003064,1
imagePyramid,394,0.444229
track,394,2.113466,0.003314,1
imagePyramid,395,0.410229
track,395,2.510994,0.003234,1
imagePyramid,396,0.353539
track,396,2.278355,0.003210,1
imagePyramid,396,0.336550
preCompute,396,1.241077
imagePyramid,396,0.359449
preCompute,396,1.177167
imagePyramid,396,0.340659
preCompute,396,1.278158
imagePyramid,393,0.303569
track,393,1.613737,0.000000,1
imagePyramid,394,0.397489
track,394,2.129715,0.002623,1
imagePyramid,395,0.392339
track,395,1.989556,0.003299,1
imagePyramid,396,0.447929
track,396,2.352865,0.003387,1
imagePyramid,397,0.383690
track,397,1.947626,0.004145,1
imagePyramid,397,0.369599
preCompute,397,1.270037
imagePyramid,397,0.355449
preCompute,397,1.289367
imagePyramid,397,0.386899
preCompute,397,1.279087
imagePyramid,394,0.323519
track,394,1.679847,0.000000,1
imagePyramid,395,0.433210
track,395,2.054806,0.002878,1
imagePyramid,396,0.390639
track,396,2.034535,0.002635,1
imagePyramid,397,0.475099
track,397,2.448075,0.002932,1
imagePyramid,398,0.409379
track,398,2.110656,0.003434,1
imagePyramid,398,0.402529
preCompute,398,1.283137
imagePyramid,398,0.409149
preCompute,398,1.177548
imagePyramid,398,0.410210
preCompute,398,1.409507
imagePyramid,395,0.354089
track,395,2.109156,0.000000,1
imagePyramid,396,0.381889
track,396,1.963626,0.002867,1
imagePyramid,397,0.599818
track,397,2.082276,0.002856,1
imagePyramid,398,0.667289
track,398,2.016035,0.003791,1
imagePyramid,398,0.417319
preCompute,398,1.287947
imagePyramid,398,0.431159
preCompute,398,1.230157
imagePyramid,398,0.364549
preCompute,398,1.270267
imagePyramid,396,0.305479
track,396,2.367025,0.000000,1
imagePyramid,397,0.384829
track,397,1.995795,0.003079,1
imagePyramid,398,0.449859
track,398,2.074505,0.003499,1
imagePyramid,399,0.433079
track,399,2.180215,0.003768,1
imagePyramid,399,0.396169
preCompute,399,1.282568
imagePyramid,399,0.445689
preCompute,399,1.385877
imagePyramid,399,0.465289
preCompute,399,1.441717
imagePyramid,397,0.360819
track,397,1.732867,0.000000,1
imagePyramid,398,0.459229
track,398,2.347625,0.002788,1
imagePyramid,399,0.444909
track,399,2.662844,0.002902,1
imagePyramid,400,0.373059
track,400,1.997866,0.003024,1
imagePyramid,401,0.426749
track,401,2.272145,0.003171,1
imagePyramid,401,0.733628
preCompute,401,1.623666
imagePyramid,401,0.349439
preCompute,401,1.179207
imagePyramid,401,0.663058
preCompute,401,1.252748
imagePyramid,398,0.357999
track,398,1.752117,0.000000,1
imagePyramid,399,0.617678
track,399,2.366875,0.002642,1
imagePyramid,400,0.498499
track,400,2.977483,0.002319,1
imagePyramid,401,0.457599
track,401,2.364844,0.003081,1
imagePyramid,402,0.485989
track,402,2.467435,0.003158,1
imagePyramid,402,0.708838
preCompute,402,1.525637
imagePyramid,402,0.489589
preCompute,402,1.414067
imagePyramid,402,0.521089
preCompute,402,1.581047
imagePyramid,399,0.376559
track,399,1.982206,0.000000,1
imagePyramid,400,2.212545
track,400,2.798924,0.002734,1
imagePyramid,401,0.391999
track,401,2.113956,0.003006,1
imagePyramid,402,0.432499
track,402,2.338555,0.003011,1
imagePyramid,403,0.377570
track,403,1.997436,0.003194,1
imagePyramid,403,0.406419
preCompute,403,1.320557
imagePyramid,403,0.333049
preCompute,403,1.166718
imagePyramid,403,0.347039
preCompute,403,1.291427
imagePyramid,400,0.325069
track,400,1.723136,0.000000,1
imagePyramid,401,0.402299
track,401,2.274375,0.002341,1
imagePyramid,402,0.424209
track,402,2.305465,0.002352,1
imagePyramid,403,0.425099
track,403,2.120316,0.002458,1
imagePyramid,404,0.429680
track,404,2.091636,0.002797,1
imagePyramid,404,0.368649
preCompute,404,1.207787
imagePyramid,404,0.347009
preCompute,404,1.236497
imagePyramid,401,0.335859
track,401,1.599606,0.000000,1
imagePyramid,402,0.409609
track,402,1.872846,0.002676,1
imagePyramid,403,0.381829
track,403,2.347335,0.002790,1
imagePyramid,404,0.379339
track,404,2.205795,0.003071,1
imagePyramid,405,0.402939
track,405,2.038366,0.003265,1
imagePyramid,405,0.677319
preCompute,405,1.568837
imagePyramid,405,0.330489
preCompute,405,1.165558
imagePyramid,405,0.392399
preCompute,405,1.263577
imagePyramid,402,0.442569
track,402,1.767146,0.000000,1
imagePyramid,403,0.445729
track,403,2.053456,0.003174,1
imagePyramid,404,0.464209
track,404,1.969306,0.003055,1
imagePyramid,405,0.610639
track,405,1.987656,0.003236,1
imagePyramid,406,0.687359
track,406,1.912576,0.003176,1
imagePyramid,406,0.385249
preCompute,406,1.323707
imagePyramid,406,0.341070
preCompute,406,1.165297
imagePyramid,406,0.348890
preCompute,406,1.326498
imagePyramid,403,0.321129
track,403,1.608057,0.000000,1
imagePyramid,404,0.452939
track,404,1.993486,0.002851,1
imagePyramid,405,0.463899
track,405,1.988826,0.003102,1
imagePyramid,406,0.383849
track,406,2.032415,0.002729,1
imagePyramid,407,0.803838
track,407,2.048416,0.002992,1
imagePyramid,407,0.548829
preCompute,407,1.406287
imagePyramid,407,0.416709
preCompute,407,1.281287
imagePyramid,407,0.395209
preCompute,407,1.281467
imagePyramid,404,0.307440
track,404,1.708966,0.000000,1
imagePyramid,405,0.481659
track,405,2.064615,0.002914,1
imagePyramid,406,0.388569
track,406,2.102455,0.003109,1
imagePyramid,407,0.477549
track,407,2.126415,0.003069,1
imagePyramid,408,0.516959
track,408,2.016365,0.003095,1
imagePyramid,408,0.346159
preCompute,408,1.240607
imagePyramid,408,0.335749
preCompute,408,1.211918
imagePyramid,408,0.350280
preCompute,408,1.302067
imagePyramid,405,0.349819
track,405,1.610976,0.000000,1
imagePyramid,406,0.390349
track,406,2.083925,0.002759,1
imagePyramid,407,0.408749
track,407,2.002256,0.002987,1
imagePyramid,408,0.351869
track,408,2.379135,0.003078,1
imagePyramid,409,0.358560
track,409,2.411684,0.002759,1
imagePyramid,409,0.503879
preCompute,409,1.300177
imagePyramid,409,0.458869
preCompute,409,1.220347
imagePyramid,409,0.431190
preCompute,409,1.288398
imagePyramid,406,0.842558
track,406,1.657067,0.000000,1
imagePyramid,407,0.376269
track,407,2.005446,0.002609,1
imagePyramid,408,0.440939
track,408,1.955146,0.003659,1
imagePyramid,408,0.460399
preCompute,408,1.273897
imagePyramid,408,0.416259
preCompute,408,1.284667
imagePyramid,407,0.327689
track,407,2.048526,0.000000,1
imagePyramid,408,0.401069
track,408,2.849284,0.002395,1
imagePyramid,409,0.351799
track,409,2.815674,0.002595,1
imagePyramid,410,0.392499
track,410,2.049375,0.002737,1
imagePyramid,411,0.384589
track,411,2.015756,0.003084,1
imagePyramid,411,0.685649
preCompute,411,1.178087
imagePyramid,411,0.351139
preCompute,411,1.169628
imagePyramid,411,0.349219
preCompute,411,1.258887
imagePyramid,408,0.349289
track,408,1.595426,0.000000,1
imagePyramid,409,0.381019
track,409,2.872794,0.002751,1
imagePyramid,410,0.491249
track,410,2.191015,0.003154,1
imagePyramid,411,0.428129
track,411,2.042975,0.003003,1
imagePyramid,412,0.366129
track,412,1.995036,0.003414,1
imagePyramid,412,0.336069
preCompute,412,1.373247
imagePyramid,412,0.325969
preCompute,412,1.207458
imagePyramid,412,0.333889
preCompute,412,1.247468
imagePyramid,409,0.295469
track,409,1.650587,0.000000,1
imagePyramid,410,0.854518
track,410,2.068546,0.002395,1
imagePyramid,411,0.780668
track,411,1.986435,0.003023,1
imagePyramid,412,0.369759
track,412,2.080555,0.003015,1
imagePyramid,413,0.355430
track,413,1.942356,0.003466,1
imagePyramid,413,0.418510
preCompute,413,1.839996
imagePyramid,413,0.353959
preCompute,413,1.261287
imagePyramid,413,0.376649
preCompute,413,1.302167
imagePyramid,410,0.345150
track,410,1.604606,0.000000,1
imagePyramid,411,0.671189
track,411,2.186535,0.002128,1
imagePyramid,412,0.389889
track,412,1.987246,0.002457,1
imagePyramid,413,0.376540
track,413,1.988116,0.002756,1
imagePyramid,414,0.519378
track,414,2.225285,0.003808,1
imagePyramid,414,0.783438
preCompute,414,1.282127
imagePyramid,414,0.319539
preCompute,414,1.163078
imagePyramid,414,0.455739
preCompute,414,1.314937
imagePyramid,411,0.429289
track,411,1.718096,0.000000,1
imagePyramid,412,0.406789
track,412,2.835024,0.001920,1
imagePyramid,413,0.460599
track,413,2.702494,0.001209,1
imagePyramid,414,0.322689
track,414,1.940386,0.001717,1
imagePyramid,415,0.346450
track,415,1.933656,0.002497,1
imagePyramid,415,0.348039
preCompute,415,1.257147
imagePyramid,415,0.338149
preCompute,415,1.160187
imagePyramid,415,0.363299
preCompute,415,1.154368
imagePyramid,412,0.357119
track,412,1.596077,0.000000,1
imagePyramid,413,0.469479
track,413,2.515465,0.002773,1
imagePyramid,414,0.438699
track,414,2.584804,0.003841,1
imagePyramid,414,0.409439
preCompute,414,1.249057
imagePyramid,414,0.369459
preCompute,414,1.310947
imagePyramid,413,0.350779
track,413,1.663897,0.000000,1
imagePyramid,414,0.385749
track,414,1.965386,0.002844,1
imagePyramid,415,0.380699
track,415,1.966126,0.003061,1
imagePyramid,416,0.521219
track,416,1.966616,0.002936,1
imagePyramid,417,0.404709
track,417,2.449295,0.002917,1
imagePyramid,417,0.381479
preCompute,417,1.192407
imagePyramid,417,0.338369
preCompute,417,1.234558
imagePyramid,417,0.462849
preCompute,417,1.300367
imagePyramid,414,0.347630
track,414,1.691706,0.000000,1
imagePyramid,415,0.443869
track,415,2.118616,0.002957,1
imagePyramid,416,0.439099
track,416,2.094605,0.003060,1
imagePyramid,417,0.354069
track,417,2.000715,0.003013,1
imagePyramid,418,0.352059
track,418,2.675584,0.002941,1
imagePyramid,418,0.376189
preCompute,418,1.311207
imagePyramid,418,0.344129
preCompute,418,1.149388
imagePyramid,418,0.674028
preCompute,418,1.286937
imagePyramid,415,0.344709
track,415,1.668376,0.000000,1
imagePyramid,416,0.379480
track,416,2.053346,0.002912,1
imagePyramid,417,0.460669
track,417,1.983136,0.002831,1
imagePyramid,418,0.464429
track,418,2.089976,0.003034,1
imagePyramid,419,0.473309
track,419,1.981396,0.003025,1
imagePyramid,419,0.393899
preCompute,419,1.236517
imagePyramid,419,0.346989
preCompute,419,1.218947
imagePyramid,419,0.473799
preCompute,419,1.304677
imagePyramid,416,0.306239
track,416,1.679437,0.000000,1
imagePyramid,417,0.531429
track,417,2.265955,0.002760,1
imagePyramid,418,0.734369
track,418,2.027656,0.003143,1
imagePyramid,419,0.413709
track,419,2.506754,0.002538,1
imagePyramid,420,0.473249
track,420,2.345555,0.002493,1
imagePyramid,420,0.654809
preCompute,420,1.556516
imagePyramid,420,0.348779
preCompute,420,1.263058
imagePyramid,420,0.425169
preCompute,420,1.454517
imagePyramid,417,0.321220
track,417,1.726166,0.000000,1
imagePyramid,418,0.385690
track,418,2.166675,0.002948,1
imagePyramid,419,0.390029
track,419,2.055455,0.003036,1
imagePyramid,420,0.367739
track,420,2.345645,0.002911,1
imagePyramid,421,0.352779
track,421,2.015636,0.003069,1
imagePyramid,421,0.378650
preCompute,421,1.252817
imagePyramid,421,1.289667
preCompute,421,1.173607
imagePyramid,421,0.427980
preCompute,421,1.305847
imagePyramid,418,0.320069
track,418,1.681457,0.000000,1
imagePyramid,419,0.446519
track,419,2.108265,0.002721,1
imagePyramid,420,0.438839
track,420,2.060826,0.002850,1
imagePyramid,421,0.401329
track,421,2.931404,0.002814,1
imagePyramid,422,0.370139
track,422,1.973926,0.002975,1
imagePyramid,422,0.397329
preCompute,422,1.332217
imagePyramid,422,0.330409
preCompute,422,1.213987
imagePyramid,422,0.366879
preCompute,422,1.301237
imagePyramid,419,0.467139
track,419,1.662836,0.000000,1
imagePyramid,420,0.368469
track,420,2.023865,0.002628,1
imagePyramid,421,0.392440
track,421,2.105696,0.002739,1
imagePyramid,422,0.393789
track,422,2.028526,0.002762,1
imagePyramid,423,0.436379
track,423,2.105365,0.003061,1
imagePyramid,423,0.391290
preCompute,423,1.261307
imagePyramid,423,0.542859
preCompute,423,1.149758
imagePyramid,423,0.406709
preCompute,423,1.276768
imagePyramid,420,0.835259
track,420,1.660977,0.000000,1
imagePyramid,421,0.423519
track,421,2.004756,0.002752,1
imagePyramid,422,0.374059
track,422,1.959936,0.002963,1
imagePyramid,423,0.434579
track,423,1.968775,0.002947,1
imagePyramid,424,0.359199
track,424,2.124935,0.002885,1
imagePyramid,424,0.358439
preCompute,424,1.249518
imagePyramid,424,0.603279
preCompute,424,1.224267
imagePyramid,421,0.293260
track,421,1.819086,0.000000,1
imagePyramid,422,0.757608
track,422,2.095475,0.003298,1
imagePyramid,423,0.357729
track,423,1.960066,0.002699,1
imagePyramid,424,0.363459
track,424,2.160785,0.002053,1
imagePyramid,425,0.374619
track,425,2.009155,0.002801,1
imagePyramid,425,0.352239
preCompute,425,1.289517
imagePyramid,425,0.341329
preCompute,425,1.235197
imagePyramid,425,0.325249
preCompute,425,1.173057
imagePyramid,422,1.892025
track,422,1.748406,0.000000,1
imagePyramid,423,0.469069
track,423,2.789564,0.002873,1
imagePyramid,424,0.397489
track,424,1.889016,0.002736,1
imagePyramid,425,0.371549
track,425,2.209496,0.002592,1
imagePyramid,426,0.376530
track,426,2.290225,0.002051,1
imagePyramid,426,0.373069
preCompute,426,1.312187
imagePyramid,426,0.459549
preCompute,426,1.201297
imagePyramid,426,0.413449
preCompute,426,1.320897
imagePyramid,423,0.349019
track,423,1.615427,0.000000,1
imagePyramid,424,0.472279
track,424,2.293435,0.002103,1
imagePyramid,425,0.464849
track,425,2.172085,0.002602,1
imagePyramid,426,0.399639
track,426,1.992026,0.002557,1
imagePyramid,427,0.366789
track,427,2.113845,0.002363,1
imagePyramid,427,0.975318
preCompute,427,1.463257
imagePyramid,427,0.407099
preCompute,427,1.263877
imagePyramid,427,0.512679
preCompute,427,1.159378
imagePyramid,424,0.464399
track,424,2.014066,0.000000,1
imagePyramid,425,0.761159
track,425,2.060065,0.002368,1
imagePyramid,426,0.511779
track,426,2.167075,0.002630,1
imagePyramid,427,0.440239
track,427,1.910246,0.002864,1
imagePyramid,428,0.376779
track,428,2.040715,0.002847,1
imagePyramid,428,0.423639
preCompute,428,1.261148
imagePyramid,428,0.367979
preCompute,428,1.247508
imagePyramid,428,1.151108
preCompute,428,1.284697
imagePyramid,425,0.324739
track,425,1.935896,0.000000,1
imagePyramid,426,0.435769
track,426,2.309375,0.001750,1
imagePyramid,427,0.414329
track,427,2.324535,0.002062,1
imagePyramid,428,0.450989
track,428,2.232086,0.001712,1
imagePyramid,429,0.415369
track,429,2.183556,0.001903,1
imagePyramid,429,0.435970
preCompute,429,1.257498
imagePyramid,429,0.334130
preCompute,429,1.148967
imagePyramid,429,0.452749
preCompute,429,1.212918
imagePyramid,426,0.344359
track,426,2.379175,0.000000,1
imagePyramid,427,0.428059
track,427,2.730235,0.003099,1
imagePyramid,428,0.576019
track,428,2.361045,0.003333,1
imagePyramid,429,0.469079
track,429,1.987836,0.004611,0
imagePyramid,429,0.569948
preCompute,429,1.287797
imagePyramid,429,0.346669
preCompute,429,1.276707
imagePyramid,429,0.371209
preCompute,429,1.256788
imagePyramid,427,0.344429
track,427,1.737656,0.000000,1
imagePyramid,428,0.400959
track,428,2.134246,0.002300,1
imagePyramid,429,0.578359
track,429,2.094805,0.002819,1
imagePyramid,430,0.477238
track,430,2.112776,0.002281,1
imagePyramid,431,0.470279
track,431,2.133855,0.002776,1
imagePyramid,431,0.716318
preCompute,431,1.266537
imagePyramid,431,0.356220
preCompute,431,1.222117
imagePyramid,431,0.348009
preCompute,431,1.221748
imagePyramid,428,1.122927
track,428,1.630177,0.000000,1
imagePyramid,429,0.396699
track,429,2.118466,0.002188,1
imagePyramid,430,0.467989
track,430,2.267426,0.002516,1
imagePyramid,431,1.345227
track,431,2.094075,0.002496,1
imagePyramid,432,0.370219
track,432,2.614924,0.001195,1
imagePyramid,432,0.719518
preCompute,432,1.383267
imagePyramid,432,0.398429
preCompute,432,1.215038
imagePyramid,432,0.408329
preCompute,432,1.384747
imagePyramid,429,0.371959
track,429,1.787196,0.000000,1
imagePyramid,430,0.440859
track,430,2.332795,0.001610,1
imagePyramid,431,0.409739
track,431,2.299215,0.002441,1
imagePyramid,432,0.606909
track,432,2.603714,0.001582,1
imagePyramid,433,0.342679
track,433,2.464084,0.001808,1
imagePyramid,433,0.714258
preCompute,433,1.287347
imagePyramid,433,0.338589
preCompute,433,1.233567
imagePyramid,433,0.481829
preCompute,433,1.282307
imagePyramid,430,0.346439
track,430,1.634496,0.000000,1
imagePyramid,431,0.425559
track,431,2.221605,0.001992,1
imagePyramid,432,0.470599
track,432,2.506805,0.001589,1
imagePyramid,433,0.394779
track,433,2.635194,0.002646,1
imagePyramid,434,0.345279
track,434,1.868446,0.002928,1
imagePyramid,434,0.587548
preCompute,434,1.548677
imagePyramid,434,0.350039
preCompute,434,1.167957
imagePyramid,434,0.320820
preCompute,434,1.287727
imagePyramid,431,0.326739
track,431,1.571076,0.000000,1
imagePyramid,432,0.499969
track,432,2.571944,0.001131,1
imagePyramid,433,0.390359
track,433,2.306535,0.001957,1
imagePyramid,434,0.502259
track,434,2.470545,0.000970,1
imagePyramid,435,0.361390
track,435,2.264636,0.002596,1
imagePyramid,435,0.381689
preCompute,435,1.297287
imagePyramid,435,0.345799
preCompute,435,1.160037
imagePyramid,435,0.797299
preCompute,435,1.260587
imagePyramid,432,0.340509
track,432,1.906206,0.000000,1
imagePyramid,433,0.355979
track,433,2.518915,0.000877,1
imagePyramid,434,0.412379
track,434,2.242115,0.000967,1
imagePyramid,435,0.379119
track,435,2.273245,0.001176,1
imagePyramid,436,0.398849
track,436,3.163993,0.001800,1
imagePyramid,436,1.561936
preCompute,436,1.185658
imagePyramid,436,0.395229
preCompute,436,1.156118
imagePyramid,436,0.362760
preCompute,436,1.301457
imagePyramid,433,0.324249
track,433,1.644177,0.000000,1
imagePyramid,434,0.391769
track,434,2.424055,0.001174,1
imagePyramid,435,0.475299
track,435,2.060915,0.001855,1
imagePyramid,436,0.506449
track,436,2.571874,0.001414,1
imagePyramid,437,0.361570
track,437,2.340045,0.002201,1
imagePyramid,437,0.355019
preCompute,437,1.335817
imagePyramid,437,0.842358
preCompute,437,1.186738
imagePyramid,437,0.613029
preCompute,437,1.421547
imagePyramid,434,0.332629
track,434,1.640536,0.000000,1
imagePyramid,435,0.458789
track,435,2.449875,0.001366,1
imagePyramid,436,0.484099
track,436,2.206085,0.001380,1
imagePyramid,437,0.431459
track,437,2.404645,0.002453,1
imagePyramid,438,0.438519
track,438,2.950003,0.001545,1
imagePyramid,438,0.637829
preCompute,438,1.217017
imagePyramid,438,0.520619
preCompute,438,1.252307
imagePyramid,435,0.386779
track,435,2.171086,0.000000,1
imagePyramid,436,0.332880
track,436,2.109595,0.000948,1
imagePyramid,437,0.403659
track,437,2.308015,0.002042,1
imagePyramid,438,0.474199
track,438,2.217286,0.000995,1
imagePyramid,439,0.558458
track,439,2.310525,0.001778,1
imagePyramid,439,0.400530
preCompute,439,1.289448
imagePyramid,439,0.355920
preCompute,439,1.289647
imagePyramid,439,0.400429
preCompute,439,1.279187
imagePyramid,436,0.373670
track,436,1.910625,0.000000,1
imagePyramid,437,0.413399
track,437,2.618254,0.001843,1
imagePyramid,438,0.421139
track,438,2.489345,0.001980,1
imagePyramid,439,0.474029
track,439,2.428865,0.002018,1
imagePyramid,440,0.555399
track,440,2.354645,0.001352,1
imagePyramid,440,0.464059
preCompute,440,1.320777
imagePyramid,440,0.355719
preCompute,440,1.243918
imagePyramid,440,0.519299
preCompute,440,1.327437
imagePyramid,437,0.363989
track,437,1.710686,0.000000,1
imagePyramid,438,0.483669
track,438,2.603874,0.002870,1
imagePyramid,439,0.399749
track,439,2.305425,0.001517,1
imagePyramid,440,0.375639
track,440,2.334735,0.001422,1
imagePyramid,441,0.539448
track,441,2.294515,0.001813,1
imagePyramid,441,0.696268
preCompute,441,1.433557
imagePyramid,441,0.332089
preCompute,441,1.146708
imagePyramid,441,1.069398
preCompute,441,1.380007
imagePyramid,438,0.361489
track,438,2.014366,0.000000,1
imagePyramid,439,0.414659
track,439,2.235015,0.001367,1
imagePyramid,440,0.438399
track,440,2.321235,0.001872,1
imagePyramid,441,0.474259
track,441,2.281435,0.001229,1
imagePyramid,442,0.378599
track,442,2.211865,0.001539,1
imagePyramid,442,0.378049
preCompute,442,1.269567
imagePyramid,442,0.393619
preCompute,442,1.249987
imagePyramid,442,0.490279
preCompute,442,1.665546
imagePyramid,439,0.343059
track,439,2.263425,0.000000,1
imagePyramid,440,0.393599
track,440,2.361275,0.001735,1
imagePyramid,441,0.417899
track,441,3.228103,0.001696,1
imagePyramid,442,0.437969
track,442,2.067835,0.001142,1
imagePyramid,443,0.452179
track,443,2.264305,0.001716,1
imagePyramid,443,0.662288
preCompute,443,1.450777
imagePyramid,443,0.349959
preCompute,443,1.228108
imagePyramid,443,0.470789
preCompute,443,1.253427
imagePyramid,440,0.361799
track,440,1.701636,0.000000,1
imagePyramid,441,0.443319
track,441,2.173316,0.000757,1
imagePyramid,442,0.397049
track,442,2.457694,0.001568,1
imagePyramid,443,0.425989
track,443,2.330225,0.001575,1
imagePyramid,444,0.450699
track,444,2.170275,0.001687,1
imagePyramid,444,0.712378
preCompute,444,1.199418
imagePyramid,444,0.346330
preCompute,444,1.152757
imagePyramid,444,0.394029
preCompute,444,1.319557
imagePyramid,441,0.342599
track,441,1.701907,0.000000,1
imagePyramid,442,0.479689
track,442,2.564515,0.001055,1
imagePyramid,443,0.449179
track,443,2.497695,0.001790,1
imagePyramid,444,0.499809
track,444,2.413345,0.001570,1
imagePyramid,445,0.470049
track,445,2.236115,0.001514,1
imagePyramid,445,0.447189
preCompute,445,1.288107
imagePyramid,445,0.351820
preCompute,445,1.156467
imagePyramid,445,0.375099
preCompute,445,1.253178
imagePyramid,442,0.328689
track,442,1.612607,0.000000,1
imagePyramid,443,0.452219
track,443,2.236816,0.001270,1
imagePyramid,444,0.646619
track,444,1.969656,0.001632,1
imagePyramid,445,0.405509
track,445,2.101195,0.001374,1
imagePyramid,446,0.369810
track,446,2.207176,0.001541,1
imagePyramid,446,0.646179
preCompute,446,1.303377
imagePyramid,446,0.339669
preCompute,446,1.156207
imagePyramid,446,0.344209
preCompute,446,1.297547
imagePyramid,443,0.357809
track,443,1.598327,0.000000,1
imagePyramid,444,0.382499
track,444,2.135445,0.001668,1
imagePyramid,445,0.480169
track,445,2.279995,0.001617,1
imagePyramid,446,0.450079
track,446,2.646184,0.001435,1
imagePyramid,447,0.446859
track,447,2.187755,0.001316,1
imagePyramid,447,0.652819
preCompute,447,1.288137
imagePyramid,447,0.339589
preCompute,447,1.153778
imagePyramid,447,0.345269
preCompute,447,1.235807
imagePyramid,444,0.344850
track,444,1.679626,0.000000,1
imagePyramid,445,0.387979
track,445,1.962776,0.000753,1
imagePyramid,446,0.409129
track,446,2.538425,0.001493,1
imagePyramid,447,0.446149
track,447,2.726614,0.001333,1
imagePyramid,448,0.695459
track,448,2.174305,0.001039,1
imagePyramid,448,0.694658
preCompute,448,1.270007
imagePyramid,448,0.335059
preCompute,448,1.250338
imagePyramid,448,0.409759
preCompute,448,1.281957
imagePyramid,445,0.352410
track,445,1.778916,0.000000,1
imagePyramid,446,0.437809
track,446,2.125715,0.000987,1
imagePyramid,447,0.400709
track,447,2.072076,0.002128,1
imagePyramid,448,0.412349
track,448,1.980365,0.001030,1
imagePyramid,449,0.376539
track,449,2.309545,0.001608,1
imagePyramid,449,0.606169
preCompute,449,1.207177
imagePyramid,449,0.378399
preCompute,449,1.288308
imagePyramid,449,0.445330
preCompute,449,1.259498
imagePyramid,446,0.333959
track,446,1.717376,0.000000,1
imagePyramid,447,0.428249
track,447,1.983646,0.001008,1
imagePyramid,448,0.430709
track,448,2.018036,0.001473,1
imagePyramid,449,0.391039
track,449,2.095135,0.001310,1
imagePyramid,450,0.382349
track,450,2.343425,0.001296,1
imagePyramid,450,0.643128
preCompute,450,1.248148
imagePyramid,450,0.346149
preCompute,450,1.244248
imagePyramid,450,0.378369
preCompute,450,1.298867
imagePyramid,447,0.572049
track,447,1.614666,0.000000,1
imagePyramid,448,0.379529
track,448,2.059416,0.002167,1
imagePyramid,449,0.450089
track,449,2.259845,0.002972,1
imagePyramid,450,0.421599
track,450,2.278085,0.004369,1
imagePyramid,450,0.468009
preCompute,450,1.272257
imagePyramid,450,1.463256
preCompute,450,1.180548
imagePyramid,450,0.397529
preCompute,450,1.260967
imagePyramid,448,0.387549
track,448,1.631226,0.000000,1
imagePyramid,449,0.429849
track,449,2.337525,0.000925,1
imagePyramid,450,0.398559
track,450,2.137645,0.001300,1
imagePyramid,451,0.468799
track,451,2.179485,0.001332,1
imagePyramid,452,0.375950
track,452,2.101105,0.001181,1
imagePyramid,452,0.378309
preCompute,452,1.242917
imagePyramid,452,0.382349
preCompute,452,1.208838
imagePyramid,452,0.447539
preCompute,452,1.261947
imagePyramid,449,0.325359
track,449,1.958916,0.000000,1
imagePyramid,450,0.447699
track,450,2.133426,0.001106,1
imagePyramid,451,0.427469
track,451,1.954646,0.001580,1
imagePyramid,452,0.422469
track,452,1.946316,0.001456,1
imagePyramid,453,0.386620
track,453,2.004756,0.001247,1
imagePyramid,453,0.626548
preCompute,453,1.228217
imagePyramid,453,0.331519
preCompute,453,1.228578
imagePyramid,453,0.434569
preCompute,453,1.289118
imagePyramid,450,0.342509
track,450,1.769777,0.000000,1
imagePyramid,451,0.450929
track,451,2.818544,0.001823,1
imagePyramid,452,0.428449
track,452,2.124655,0.001754,1
imagePyramid,453,0.435249
track,453,2.155726,0.002797,1
imagePyramid,454,0.399750
track,454,1.950016,0.002434,1
imagePyramid,454,0.822398
preCompute,454,1.535536
imagePyramid,454,0.664489
preCompute,454,1.215017
imagePyramid,454,0.370240
preCompute,454,1.269947
imagePyramid,451,1.075037
track,451,1.597407,0.000000,1
imagePyramid,452,0.413890
track,452,2.071626,0.002363,1
imagePyramid,453,0.444979
track,453,2.061966,0.002704,1
imagePyramid,454,0.407699
track,454,2.004525,0.002641,1
imagePyramid,455,0.462699
track,455,2.075355,0.003086,1
imagePyramid,455,0.400920
preCompute,455,1.248068
imagePyramid,455,0.355939
preCompute,455,1.164737
imagePyramid,455,1.480107
preCompute,455,1.269157
imagePyramid,452,0.368669
track,452,1.914746,0.000000,1
imagePyramid,453,0.493939
track,453,2.647014,0.001223,1
imagePyramid,454,0.470799
track,454,2.408755,0.002544,1
imagePyramid,455,0.392269
track,455,2.135706,0.001841,1
imagePyramid,456,0.367209
track,456,2.114286,0.002146,1
imagePyramid,456,0.593458
preCompute,456,1.284788
imagePyramid,456,0.441479
preCompute,456,1.179338
imagePyramid,456,0.382869
preCompute,456,1.192887
imagePyramid,453,0.363369
track,453,1.566167,0.000000,1
imagePyramid,454,0.409439
track,454,1.856646,0.001031,1
imagePyramid,455,0.451399
track,455,1.940176,0.001416,1
imagePyramid,456,0.412799
track,456,2.287255,0.001254,1
imagePyramid,457,0.466679
track,457,1.990835,0.001754,1
imagePyramid,457,0.797648
preCompute,457,1.451797
imagePyramid,457,0.337819
preCompute,457,1.267847
imagePyramid,457,0.414079
preCompute,457,1.233158
imagePyramid,454,0.393949
track,454,1.668506,0.000000,1
imagePyramid,455,0.363300
track,455,1.839687,0.000892,1
imagePyramid,456,0.407699
track,456,1.983825,0.001115,1
imagePyramid,457,0.523819
track,457,1.903705,0.001113,1
imagePyramid,458,0.466379
track,458,2.287375,0.001874,1
imagePyramid,458,0.389600
preCompute,458,1.248887
imagePyramid,458,0.373409
preCompute,458,1.239937
imagePyramid,455,0.345420
track,455,1.599466,0.000000,1
imagePyramid,456,0.690438
track,456,1.916326,0.000907,1
imagePyramid,457,0.765558
track,457,2.040515,0.001726,1
imagePyramid,458,0.377799
track,458,1.921555,0.000983,1
imagePyramid,459,0.367280
track,459,1.852816,0.001272,1
imagePyramid,459,0.765748
preCompute,459,1.303837
imagePyramid,459,0.358719
preCompute,459,1.210248
imagePyramid,459,0.359139
preCompute,459,1.226608
imagePyramid,456,0.343740
track,456,1.607146,0.000000,1
imagePyramid,457,0.411469
track,457,1.879666,0.001350,1
imagePyramid,458,0.457499
track,458,2.450675,0.001833,1
imagePyramid,459,0.430119
track,459,2.915453,0.001461,1
imagePyramid,460,0.434289
track,460,2.967844,0.001934,1
imagePyramid,460,0.407499
preCompute,460,1.249108
imagePyramid,460,0.343209
preCompute,460,1.204498
imagePyramid,460,0.379899
preCompute,460,1.238247
imagePyramid,457,0.353639
track,457,1.613617,0.000000,1
imagePyramid,458,0.455699
track,458,2.147956,0.001344,1
imagePyramid,459,0.488489
track,459,2.486254,0.002234,1
imagePyramid,460,1.163318
track,460,2.251025,0.000931,1
imagePyramid,461,0.452579
track,461,2.261725,0.001490,1
imagePyramid,461,0.723338
preCompute,461,1.502247
imagePyramid,461,0.361910
preCompute,461,1.227407
imagePyramid,461,0.377969
preCompute,461,1.297987
imagePyramid,458,0.376119
track,458,1.622447,0.000000,1
imagePyramid,459,0.537339
track,459,2.096576,0.001700,1
imagePyramid,460,0.513459
track,460,1.905386,0.001272,1
imagePyramid,461,0.450109
track,461,2.061256,0.001106,1
imagePyramid,462,0.547869
track,462,2.164495,0.002679,1
imagePyramid,462,0.653038
preCompute,462,1.391157
imagePyramid,462,0.361769
preCompute,462,1.335407
imagePyramid,462,0.479229
preCompute,462,1.339727
imagePyramid,459,0.489459
track,459,1.846286,0.000000,1
imagePyramid,460,0.470309
track,460,2.111175,0.001127,1
imagePyramid,461,0.562419
track,461,2.546594,0.001824,1
imagePyramid,462,0.503319
track,462,2.530605,0.001110,1
imagePyramid,463,0.456999
track,463,1.958485,0.001928,1
imagePyramid,463,0.406079
preCompute,463,1.285407
imagePyramid,463,0.347509
preCompute,463,1.229307
imagePyramid,463,0.430279
preCompute,463,1.565426
imagePyramid,460,0.355819
track,460,1.679907,0.000000,1
imagePyramid,461,0.488019
track,461,1.948446,0.000646,1
imagePyramid,462,0.410089
track,462,1.993036,0.000794,1
imagePyramid,463,0.404529
track,463,2.066016,0.001343,1
imagePyramid,464,0.582569
track,464,2.128235,0.001698,1
imagePyramid,464,0.697708
preCompute,464,1.262837
imagePyramid,464,0.377829
preCompute,464,1.208417
imagePyramid,464,0.425360
preCompute,464,1.307738
imagePyramid,461,0.466729
track,461,1.974846,0.000000,1
imagePyramid,462,0.435429
track,462,2.223455,0.000973,1
imagePyramid,463,0.395039
track,463,2.012156,0.001023,1
imagePyramid,464,0.433409
track,464,2.185585,0.000990,1
imagePyramid,465,0.423009
track,465,2.349735,0.001170,1
imagePyramid,465,0.369539
preCompute,465,1.245707
imagePyramid,465,0.883378
preCompute,465,1.278427
imagePyramid,465,0.397310
preCompute,465,1.270098
imagePyramid,462,0.361689
track,462,2.245005,0.000000,1
imagePyramid,463,0.477819
track,463,2.644014,0.000923,1
imagePyramid,464,0.414609
track,464,1.986246,0.000985,1
imagePyramid,465,0.407660
track,465,2.030336,0.001470,1
imagePyramid,466,0.451829
track,466,2.085316,0.000985,1
imagePyramid,466,0.440549
preCompute,466,1.561347
imagePyramid,466,0.359889
preCompute,466,1.251168
imagePyramid,466,1.446667
preCompute,466,1.257728
imagePyramid,463,0.349269
track,463,1.874556,0.000000,1
imagePyramid,464,0.863388
track,464,1.958746,0.000954,1
imagePyramid,465,0.426889
track,465,2.078176,0.001132,1
imagePyramid,466,0.392150
track,466,2.068216,0.001276,1
imagePyramid,467,0.361649
track,467,1.986216,0.001013,1
imagePyramid,467,0.706939
preCompute,467,1.577467
imagePyramid,467,0.391379
preCompute,467,1.261038
imagePyramid,467,0.445929
preCompute,467,1.183167
imagePyramid,464,0.365409
track,464,1.803747,0.000000,1
imagePyramid,465,0.463659
track,465,2.144755,0.001605,1
imagePyramid,466,1.561166
track,466,2.332335,0.001455,1
imagePyramid,467,0.412459
track,467,2.085366,0.001057,1
imagePyramid,468,0.397249
track,468,2.328675,0.001649,1
imagePyramid,468,0.687488
preCompute,468,1.213127
imagePyramid,468,0.343259
preCompute,468,1.259667
imagePyramid,468,0.412419
preCompute,468,1.324317
imagePyramid,465,0.375939
track,465,2.013966,0.000000,1
imagePyramid,466,0.393959
track,466,2.207845,0.000791,1
imagePyramid,467,0.440730
track,467,2.021456,0.001009,1
imagePyramid,468,0.415529
track,468,2.114416,0.001898,1
imagePyramid,469,0.384849
track,469,2.195945,0.003265,1
imagePyramid,469,0.725959
preCompute,469,1.470247
imagePyramid,469,0.362900
preCompute,469,1.217598
imagePyramid,469,0.364699
preCompute,469,1.264307
imagePyramid,466,0.354229
track,466,1.557767,0.000000,1
imagePyramid,467,0.519159
track,467,2.590844,0.001102,1
imagePyramid,468,0.425759
track,468,2.375815,0.000951,1
imagePyramid,469,0.392619
track,469,2.175045,0.001176,1
imagePyramid,470,0.418049
track,470,2.333035,0.000964,1
imagePyramid,470,0.385689
preCompute,470,1.244967
imagePyramid,470,0.353539
preCompute,470,1.153207
imagePyramid,470,0.353509
preCompute,470,1.257928
imagePyramid,467,0.357609
track,467,1.612916,0.000000,1
imagePyramid,468,0.422899
track,468,2.786794,0.000975,1
imagePyramid,469,0.423439
track,469,2.954264,0.002029,1
imagePyramid,470,0.413589
track,470,2.504054,0.001012,1
imagePyramid,471,0.387559
track,471,2.144205,0.001732,1
imagePyramid,471,0.633749
preCompute,471,1.228767
imagePyramid,471,0.335809
preCompute,471,1.160767
imagePyramid,471,0.362250
preCompute,471,1.327428
imagePyramid,468,0.360060
track,468,1.642236,0.000000,1
imagePyramid,469,0.472269
track,469,2.002376,0.001086,1
imagePyramid,470,0.439009
track,470,2.200325,0.001140,1
imagePyramid,471,0.433179
track,471,2.470365,0.000778,1
imagePyramid,472,0.397889
track,472,2.395754,0.001189,1
imagePyramid,472,0.712679
preCompute,472,1.391497
imagePyramid,472,0.422359
preCompute,472,1.260557
imagePyramid,469,0.362509
track,469,1.630337,0.000000,1
imagePyramid,470,0.378039
track,470,1.868626,0.000620,1
imagePyramid,471,0.349339
track,471,2.778934,0.000757,1
imagePyramid,472,0.368429
track,472,2.818484,0.001121,1
imagePyramid,473,0.428139
track,473,2.460454,0.001218,1
imagePyramid,473,0.624839
preCompute,473,1.321187
imagePyramid,473,0.348049
preCompute,473,1.228038
imagePyramid,473,0.375200
preCompute,473,1.252017
imagePyramid,470,0.340149
track,470,1.717086,0.000000,1
imagePyramid,471,0.395899
track,471,1.861526,0.000680,1
imagePyramid,472,0.417139
track,472,1.943516,0.000633,1
imagePyramid,473,0.396749
track,473,2.412085,0.000676,1
imagePyramid,474,0.405599
track,474,2.406765,0.000884,1
imagePyramid,474,0.754189
preCompute,474,1.339987
imagePyramid,474,0.354029
preCompute,474,1.214397
imagePyramid,474,0.459239
preCompute,474,1.277997
imagePyramid,471,0.352099
track,471,1.730186,0.000000,1
imagePyramid,472,0.508819
track,472,2.656974,0.000695,1
imagePyramid,473,0.470779
track,473,2.323115,0.000804,1
imagePyramid,474,0.447319
track,474,2.330375,0.001145,1
imagePyramid,475,1.094318
track,475,2.158045,0.001497,1
imagePyramid,475,0.395349
preCompute,475,1.196207
imagePyramid,475,0.685759
preCompute,475,1.215197
imagePyramid,475,0.600919
preCompute,475,1.268577
imagePyramid,472,0.374920
track,472,1.688996,0.000000,1
imagePyramid,473,0.449139
track,473,2.129605,0.001302,1
imagePyramid,474,0.397030
track,474,2.044166,0.000958,1
imagePyramid,475,0.448119
track,475,2.663605,0.000887,1
imagePyramid,476,1.245217
track,476,2.065126,0.001560,1
imagePyramid,476,0.715908
preCompute,476,1.710336
imagePyramid,476,0.444889
preCompute,476,1.289957
imagePyramid,473,0.343069
track,473,1.665096,0.000000,1
imagePyramid,474,0.452239
track,474,2.147885,0.000590,1
imagePyramid,475,0.505509
track,475,2.349945,0.001293,1
imagePyramid,476,0.417249
track,476,2.626985,0.001221,1
imagePyramid,477,0.459799
track,477,2.621514,0.001051,1
imagePyramid,477,0.636189
preCompute,477,1.309667
imagePyramid,477,0.369350
preCompute,477,1.221377
imagePyramid,477,0.441999
preCompute,477,1.487847
imagePyramid,474,0.366749
track,474,1.561417,0.000000,1
imagePyramid,475,0.381419
track,475,2.181076,0.001057,1
imagePyramid,476,0.420189
track,476,1.986096,0.002623,1
imagePyramid,477,0.472529
track,477,2.174405,0.001331,1
imagePyramid,478,0.508818
track,478,2.861734,0.002380,1
imagePyramid,478,0.435689
preCompute,478,1.324397
imagePyramid,478,0.350429
preCompute,478,1.254778
imagePyramid,478,0.436739
preCompute,478,1.508607
imagePyramid,475,0.352739
track,475,1.979036,0.000000,1
imagePyramid,476,0.474529
track,476,2.181656,0.001152,1
imagePyramid,477,0.462429
track,477,1.933146,0.001738,1
imagePyramid,478,0.441139
track,478,2.133846,0.002036,1
imagePyramid,479,0.369059
track,479,2.426215,0.001505,1
imagePyramid,479,0.412910
preCompute,479,1.241788
imagePyramid,479,1.571947
preCompute,479,1.247997
imagePyramid,479,0.424809
preCompute,479,1.286467
imagePyramid,476,0.378670
track,476,1.693896,0.000000,1
imagePyramid,477,0.505279
track,477,2.832784,0.000773,1
imagePyramid,478,0.521069
track,478,2.401944,0.001401,1
imagePyramid,479,0.484059
track,479,2.087206,0.001214,1
imagePyramid,480,0.478369
track,480,2.136746,0.000976,1
imagePyramid,480,0.710829
preCompute,480,1.532526
imagePyramid,480,0.534559
preCompute,480,1.282637
imagePyramid,480,0.445609
preCompute,480,1.298007
imagePyramid,477,0.407539
track,477,1.621846,0.000000,1
imagePyramid,478,0.440959
track,478,2.601315,0.000852,1
imagePyramid,479,0.445459
track,479,3.065573,0.000884,1
imagePyramid,480,0.408899
track,480,2.049486,0.000604,1
imagePyramid,481,0.394049
track,481,2.163365,0.001302,1
imagePyramid,481,0.721768
preCompute,481,1.623816
imagePyramid,481,0.342249
preCompute,481,1.250488
imagePyramid,481,0.394889
preCompute,481,1.253858
imagePyramid,478,0.332019
track,478,1.898116,0.000000,1
imagePyramid,479,0.553759
track,479,1.982485,0.001003,1
imagePyramid,480,0.441269
track,480,3.065374,0.001164,1
imagePyramid,481,0.478529
track,481,2.379405,0.001749,1
imagePyramid,482,0.431669
track,482,2.213895,0.000733,1
imagePyramid,482,0.701778
preCompute,482,1.217878
imagePyramid,482,0.343049
preCompute,482,1.170728
imagePyramid,482,3.709872
preCompute,482,1.368467
imagePyramid,479,0.410679
track,479,1.645026,0.000000,1
imagePyramid,480,0.411159
track,480,2.590005,0.000691,1
imagePyramid,481,0.916568
track,481,2.203795,0.000812,1
imagePyramid,482,0.474709
track,482,2.252586,0.001411,1
imagePyramid,483,0.379199
track,483,2.191376,0.000863,1
imagePyramid,483,0.875899
preCompute,483,1.191517
imagePyramid,483,0.361599
preCompute,483,1.156067
imagePyramid,483,0.413609
preCompute,483,1.283607
imagePyramid,480,0.350329
track,480,1.753437,0.000000,1
imagePyramid,481,0.416379
track,481,2.630744,0.000974,1
imagePyramid,482,0.444449
track,482,2.560134,0.000842,1
imagePyramid,483,0.369469
track,483,2.168555,0.000776,1
imagePyramid,484,0.396770
track,484,2.092186,0.001002,1
imagePyramid,484,0.700499
preCompute,484,1.318207
imagePyramid,484,0.341490
preCompute,484,1.227297
imagePyramid,484,0.374389
preCompute,484,1.303857
imagePyramid,481,0.316730
track,481,1.606196,0.000000,1
imagePyramid,482,0.385459
track,482,2.707474,0.000736,1
imagePyramid,483,0.408399
track,483,2.672644,0.002517,1
imagePyramid,484,0.447059
track,484,2.298025,0.000820,1
imagePyramid,485,0.443309
track,485,2.213275,0.001029,1
imagePyramid,485,0.728168
preCompute,485,1.235167
imagePyramid,485,0.354699
preCompute,485,1.257538
imagePyramid,485,0.451729
preCompute,485,1.297697
imagePyramid,482,0.385040
track,482,1.605927,0.000000,1
imagePyramid,483,0.387869
track,483,2.072435,0.001133,1
imagePyramid,484,0.440449
track,484,2.870844,0.001661,1
imagePyramid,485,0.448929
track,485,2.556224,0.000751,1
imagePyramid,486,0.393029
track,486,2.345135,0.001516,1
imagePyramid,486,0.685009
preCompute,486,1.511657
imagePyramid,486,0.344179
preCompute,486,1.145998
imagePyramid,486,0.430309
preCompute,486,1.352917
imagePyramid,483,0.342670
track,483,1.650026,0.000000,1
imagePyramid,484,0.446699
track,484,2.120666,0.000916,1
imagePyramid,485,0.399039
track,485,2.184235,0.001049,1
imagePyramid,486,0.421489
track,486,2.574764,0.000842,1
imagePyramid,487,0.390669
track,487,2.430724,0.001515,1
imagePyramid,487,0.431709
preCompute,487,1.264987
imagePyramid,487,0.356779
preCompute,487,1.232017
imagePyramid,487,0.456389
preCompute,487,1.280597
imagePyramid,484,0.350349
track,484,1.695847,0.000000,1
imagePyramid,485,0.410869
track,485,1.979626,0.000825,1
imagePyramid,486,0.440969
track,486,1.941656,0.000689,1
imagePyramid,487,0.452169
track,487,2.340284,0.000891,1
imagePyramid,488,0.432499
track,488,2.433884,0.001053,1
imagePyramid,488,0.509249
preCompute,488,1.306147
imagePyramid,488,0.389900
preCompute,488,1.251147
imagePyramid,488,0.369199
preCompute,488,1.322227
imagePyramid,485,0.344959
track,485,1.594467,0.000000,1
imagePyramid,486,0.438799
track,486,2.187475,0.000971,1
imagePyramid,487,0.439829
track,487,2.176806,0.000629,1
imagePyramid,488,0.379669
track,488,2.413835,0.000619,1
imagePyramid,489,0.352809
track,489,2.572714,0.001194,1
imagePyramid,489,0.488349
preCompute,489,1.296837
imagePyramid,489,0.454299
preCompute,489,1.231397
imagePyramid,486,0.653148
track,486,1.702717,0.000000,1
imagePyramid,487,0.396939
track,487,2.123975,0.000955,1
imagePyramid,488,0.399499
track,488,2.191695,0.001357,1
imagePyramid,489,0.404790
track,489,2.014545,0.000913,1
imagePyramid,490,0.360059
track,490,2.252115,0.000870,1
imagePyramid,490,0.380439
preCompute,490,1.279297
imagePyramid,490,0.622279
preCompute,490,1.377287
imagePyramid,490,0.408539
preCompute,490,1.292977
imagePyramid,487,0.416219
track,487,2.372945,0.000000,1
imagePyramid,488,0.375819
track,488,2.005206,0.000594,1
imagePyramid,489,0.447049
track,489,2.213205,0.000702,1
imagePyramid,490,0.455989
track,490,2.092445,0.001127,1
imagePyramid,491,0.433330
track,491,2.498005,0.000575,1
imagePyramid,491,0.458979
preCompute,491,1.356217
imagePyramid,491,0.361550
preCompute,491,1.282088
imagePyramid,491,0.353339
preCompute,491,1.225927
imagePyramid,488,0.321699
track,488,1.580037,0.000000,1
imagePyramid,489,0.364579
track,489,1.997825,0.000970,1
imagePyramid,490,0.417469
track,490,2.082745,0.003290,1
imagePyramid,491,0.507559
track,491,2.200176,0.002161,1
imagePyramid,492,0.422179
track,492,2.441785,0.001953,1
imagePyramid,492,0.584329
preCompute,492,1.191698
imagePyramid,492,0.382989
preCompute,492,1.224057
imagePyramid,492,0.388710
preCompute,492,1.269788
imagePyramid,489,0.300609
track,489,2.068365,0.000000,1
imagePyramid,490,0.423499
track,490,1.955605,0.000479,1
imagePyramid,491,0.413809
track,491,2.071826,0.000567,1
imagePyramid,492,0.424419
track,492,2.343895,0.000588,1
imagePyramid,493,0.436569
track,493,2.192985,0.000666,1
imagePyramid,493,0.409579
preCompute,493,1.297877
imagePyramid,493,0.342039
preCompute,493,1.211997
imagePyramid,493,0.478219
preCompute,493,1.318267
imagePyramid,490,0.336879
track,490,2.219815,0.000000,1
imagePyramid,491,0.457429
track,491,2.413104,0.001560,1
imagePyramid,492,0.413309
track,492,2.143135,0.001415,1
imagePyramid,493,0.385459
track,493,2.037156,0.001063,1
imagePyramid,494,0.372499
track,494,2.078866,0.001361,1
imagePyramid,494,0.712268
preCompute,494,1.224208
imagePyramid,494,0.347560
preCompute,494,1.160267
imagePyramid,494,0.362409
preCompute,494,1.170408
imagePyramid,491,0.301559
track,491,1.600896,0.000000,1
imagePyramid,492,0.450749
track,492,2.311065,0.001811,1
imagePyramid,493,0.434559
track,493,2.369585,0.001810,1
imagePyramid,494,0.386399
track,494,2.095815,0.001378,1
imagePyramid,495,0.363130
track,495,2.065485,0.002902,1
imagePyramid,495,0.724018
preCompute,495,1.701686
imagePyramid,495,0.327819
preCompute,495,1.166938
imagePyramid,495,0.415979
preCompute,495,1.301117
imagePyramid,492,0.346089
track,492,1.664456,0.000000,1
imagePyramid,493,0.486829
track,493,2.283055,0.002986,1
imagePyramid,494,0.407339
track,494,2.721794,0.002081,1
imagePyramid,495,0.424199
track,495,2.028276,0.001921,1
imagePyramid,496,0.419459
track,496,2.079456,0.001878,1
imagePyramid,496,0.742229
preCompute,496,1.485616
imagePyramid,496,0.468579
preCompute,496,1.403027
imagePyramid,493,0.335169
track,493,1.639897,0.000000,1
imagePyramid,494,1.380827
track,494,1.912955,0.000926,1
imagePyramid,495,0.456089
track,495,2.109835,0.001015,1
imagePyramid,496,0.364139
track,496,1.859756,0.000799,1
imagePyramid,497,0.387859
track,497,2.011666,0.001341,1
imagePyramid,497,0.650349
preCompute,497,1.610346
imagePyramid,497,0.467869
preCompute,497,1.140938
imagePyramid,497,0.431539
preCompute,497,1.282087
imagePyramid,494,0.373550
track,494,1.683846,0.000000,1
imagePyramid,495,0.538259
track,495,2.626694,0.000661,1
imagePyramid,496,0.458579
track,496,2.972943,0.001111,1
imagePyramid,497,0.389269
track,497,2.335595,0.003117,1
imagePyramid,498,0.400519
track,498,2.225755,0.001919,1
imagePyramid,498,0.495139
preCompute,498,1.243777
imagePyramid,498,0.342379
preCompute,498,1.233338
imagePyramid,498,0.370429
preCompute,498,1.261207
imagePyramid,495,0.334949
track,495,1.629477,0.000000,1
imagePyramid,496,0.378649
track,496,2.037866,0.001511,1
imagePyramid,497,0.443589
track,497,2.462775,0.001680,1
imagePyramid,498,0.788518
track,498,2.208285,0.001499,1
imagePyramid,499,0.365010
track,499,2.077016,0.001922,1
imagePyramid,499,0.683978
preCompute,499,1.199848
imagePyramid,499,0.585539
preCompute,499,1.253937
imagePyramid,496,0.382689
track,496,1.682316,0.000000,1
imagePyramid,497,0.483349
track,497,2.004286,0.000755,1
imagePyramid,498,0.351319
track,498,2.793954,0.001399,1
imagePyramid,499,0.402379
track,499,2.687085,0.000971,1
imagePyramid,500,0.467169
track,500,2.487864,0.001461,1
imagePyramid,500,0.418889
preCompute,500,1.936286
imagePyramid,500,0.475279
preCompute,500,1.281237
imagePyramid,500,0.411619
preCompute,500,1.278727
imagePyramid,497,0.346319
track,497,1.623767,0.000000,1
imagePyramid,498,0.394299
track,498,2.111006,0.002386,1
imagePyramid,499,0.549029
track,499,2.109646,0.002131,1
imagePyramid,500,0.446269
track,500,2.487905,0.001857,1
imagePyramid,501,0.475369
track,501,2.349405,0.001722,1
imagePyramid,501,0.443989
preCompute,501,1.288117
imagePyramid,501,0.993658
preCompute,501,1.244467
imagePyramid,501,0.473049
preCompute,501,1.404687
imagePyramid,498,0.340849
track,498,1.622436,0.000000,1
imagePyramid,499,0.374089
track,499,1.891536,0.001517,1
imagePyramid,500,0.389699
track,500,1.907586,0.001191,1
imagePyramid,501,0.387359
track,501,1.985825,0.001428,1
imagePyramid,502,0.403889
track,502,2.334135,0.001360,1
imagePyramid,502,0.370889
preCompute,502,1.202537
imagePyramid,502,0.352109
preCompute,502,1.187068
imagePyramid,502,0.402859
preCompute,502,1.684426
imagePyramid,499,0.333779
track,499,2.180496,0.000000,1
imagePyramid,500,0.434959
track,500,2.028555,0.001586,1
imagePyramid,501,0.403609
track,501,1.985425,0.001765,1
imagePyramid,502,0.384779
track,502,2.188835,0.001267,1
imagePyramid,503,0.378659
track,503,2.486914,0.001639,1
imagePyramid,503,0.725479
preCompute,503,1.254757
imagePyramid,503,0.359379
preCompute,503,1.264257
imagePyramid,500,0.347409
track,500,1.636737,0.000000,1
imagePyramid,501,0.423109
track,501,2.217005,0.001495,1
imagePyramid,502,0.460319
track,502,2.252705,0.002329,1
imagePyramid,503,0.452789
track,503,1.995566,0.001343,1
imagePyramid,504,0.424419
track,504,2.199135,0.001579,1
imagePyramid,504,0.628009
preCompute,504,1.486867
imagePyramid,504,0.352290
preCompute,504,1.235467
imagePyramid,504,0.406359
preCompute,504,1.262067
imagePyramid,501,0.355139
track,501,1.788276,0.000000,1
imagePyramid,502,0.403780
track,502,2.327605,0.001059,1
imagePyramid,503,0.396170
track,503,1.922716,0.001458,1
imagePyramid,504,0.419309
track,504,1.825286,0.001405,1
imagePyramid,505,0.419269
track,505,2.074135,0.001342,1
imagePyramid,505,0.461329
preCompute,505,1.186878
imagePyramid,505,0.325869
preCompute,505,1.184347
imagePyramid,505,0.473439
preCompute,505,1.273887
imagePyramid,502,0.349060
track,502,1.782806,0.000000,1
imagePyramid,503,0.447299
track,503,2.499314,0.001683,1
imagePyramid,504,0.391729
track,504,2.186086,0.001902,1
imagePyramid,505,0.426029
track,505,2.038685,0.001176,1
imagePyramid,506,0.453569
track,506,1.984425,0.001106,1
imagePyramid,506,0.611569
preCompute,506,1.242727
imagePyramid,506,0.361389
preCompute,506,1.160317
imagePyramid,506,0.398759
preCompute,506,1.330027
imagePyramid,503,0.347169
track,503,1.850296,0.000000,1
imagePyramid,504,0.461399
track,504,2.345365,0.001463,1
imagePyramid,505,0.425839
track,505,2.205195,0.001325,1
imagePyramid,506,0.395299
track,506,1.985016,0.000727,1
imagePyramid,507,0.397019
track,507,1.975036,0.001888,1
imagePyramid,507,0.468909
preCompute,507,1.262288
imagePyramid,507,0.350770
preCompute,507,1.141667
imagePyramid,507,0.460069
preCompute,507,1.309477
imagePyramid,504,0.397509
track,504,1.689716,0.000000,1
imagePyramid,505,0.819769
track,505,2.013716,0.001093,1
imagePyramid,506,0.457249
track,506,2.014396,0.001377,1
imagePyramid,507,0.376619
track,507,2.011855,0.000789,1
imagePyramid,508,0.424789
track,508,2.261535,0.001342,1
imagePyramid,508,0.466859
preCompute,508,1.324177
imagePyramid,508,0.397649
preCompute,508,1.143178
imagePyramid,508,0.436509
preCompute,508,1.292228
imagePyramid,505,0.349849
track,505,1.685457,0.000000,1
imagePyramid,506,0.421719
track,506,2.506355,0.000539,1
imagePyramid,507,0.942308
track,507,2.171435,0.001266,1
imagePyramid,508,0.421630
track,508,2.240156,0.001214,1
imagePyramid,509,0.426119
track,509,2.249745,0.001778,1
imagePyramid,509,0.718758
preCompute,509,1.323437
imagePyramid,509,0.347360
preCompute,509,1.247987
imagePyramid,509,0.388509
preCompute,509,1.253778
imagePyramid,506,0.341109
track,506,1.603696,0.000000,1
imagePyramid,507,0.447259
track,507,2.028246,0.001371,1
imagePyramid,508,0.392320
track,508,2.273556,0.001464,1
imagePyramid,509,0.400149
track,509,2.281775,0.001120,1
imagePyramid,510,0.373609
track,510,1.999736,0.001264,1
imagePyramid,510,0.731099
preCompute,510,1.467707
imagePyramid,510,0.348519
preCompute,510,1.227228
imagePyramid,507,0.305409
track,507,1.590627,0.000000,1
imagePyramid,508,0.383629
track,508,2.215045,0.000501,1
imagePyramid,509,0.345269
track,509,2.137755,0.000800,1
imagePyramid,510,0.358780
track,510,2.453694,0.001024,1
imagePyramid,511,0.369729
track,511,2.231805,0.001048,1
imagePyramid,511,0.689098
preCompute,511,1.229798
imagePyramid,511,0.352790
preCompute,511,1.145467
imagePyramid,511,0.345219
preCompute,511,1.240077
imagePyramid,508,0.358870
track,508,1.570046,0.000000,1
imagePyramid,509,0.388529
track,509,1.996276,0.001213,1
imagePyramid,510,0.409839
track,510,2.296776,0.001787,1
imagePyramid,511,0.549529
track,511,1.920716,0.000886,1
imagePyramid,512,0.379259
track,512,2.197075,0.001239,1
imagePyramid,512,0.716729
preCompute,512,1.416126
imagePyramid,512,0.353549
preCompute,512,1.249488
imagePyramid,512,0.363469
preCompute,512,1.266527
imagePyramid,509,0.343339
track,509,1.732447,0.000000,1
imagePyramid,510,0.430619
track,510,1.896616,0.000574,1
imagePyramid,511,0.384219
track,511,2.186286,0.000711,1
imagePyramid,512,0.389560
track,512,2.547875,0.001321,1
imagePyramid,513,0.403640
track,513,2.424755,0.000936,1
imagePyramid,513,0.734369
preCompute,513,1.780576
imagePyramid,513,0.349790
preCompute,513,1.153477
imagePyramid,513,0.376109
preCompute,513,1.127558
imagePyramid,510,0.348400
track,510,1.625456,0.000000,1
imagePyramid,511,0.417319
track,511,2.289496,0.001334,1
imagePyramid,512,0.358569
track,512,2.322245,0.001898,1
imagePyramid,513,0.368529
track,513,2.906264,0.002059,1
imagePyramid,514,0.361369
track,514,2.416365,0.001164,1
imagePyramid,514,0.742468
preCompute,514,1.672996
imagePyramid,514,0.364149
preCompute,514,1.163807
imagePyramid,514,0.357700
preCompute,514,1.253757
imagePyramid,511,0.360519
track,511,1.614177,0.000000,1
imagePyramid,512,0.392099
track,512,1.877326,0.000677,1
imagePyramid,513,0.377459
track,513,1.982575,0.000500,1
imagePyramid,514,0.419769
track,514,2.213525,0.000781,1
imagePyramid,515,0.448289
track,515,2.048185,0.001155,1
imagePyramid,515,0.638138
preCompute,515,1.297577
imagePyramid,515,0.313419
preCompute,515,1.264798
imagePyramid,515,0.464739
preCompute,515,1.279648
imagePyramid,512,0.368220
track,512,1.638496,0.000000,1
imagePyramid,513,0.478299
track,513,2.220915,0.001492,1
imagePyramid,514,0.371359
track,514,2.143686,0.001300,1
imagePyramid,515,0.467679
track,515,2.180475,0.002249,1
imagePyramid,516,0.528658
track,516,2.398525,0.001719,1
imagePyramid,516,0.391209
preCompute,516,1.274447
imagePyramid,516,1.217588
preCompute,516,1.274728
imagePyramid,516,0.417359
preCompute,516,1.261367
imagePyramid,513,0.421029
track,513,1.642376,0.000000,1
imagePyramid,514,0.384819
track,514,1.947446,0.001478,1
imagePyramid,515,0.367419
track,515,2.112356,0.001834,1
imagePyramid,516,0.409689
track,516,2.986693,0.002036,1
imagePyramid,517,0.609478
track,517,2.026276,0.002485,1
imagePyramid,517,0.393199
preCompute,517,1.250997
imagePyramid,517,0.783608
preCompute,517,1.259177
imagePyramid,517,0.358459
preCompute,517,1.242848
imagePyramid,514,0.314039
track,514,1.535927,0.000000,1
imagePyramid,515,0.393309
track,515,2.068716,0.002739,1
imagePyramid,516,0.375280
track,516,2.072236,0.001731,1
imagePyramid,517,0.462159
track,517,2.132505,0.001895,1
imagePyramid,518,0.453179
track,518,2.531144,0.001710,1
imagePyramid,518,0.647298
preCompute,518,1.288057
imagePyramid,518,0.419549
preCompute,518,1.261688
imagePyramid,515,0.399329
track,515,1.704266,0.000000,1
imagePyramid,516,0.479909
track,516,2.049286,0.002954,1
imagePyramid,517,0.395549
track,517,2.001246,0.001410,1
imagePyramid,518,0.416909
track,518,1.795406,0.000985,1
imagePyramid,519,0.483659
track,519,2.363265,0.003205,1
imagePyramid,519,0.731179
preCompute,519,1.283938
imagePyramid,519,0.360609
preCompute,519,1.151958
imagePyramid,519,0.402429
preCompute,519,1.412017
imagePyramid,516,1.146638
track,516,1.651357,0.000000,1
imagePyramid,517,0.482679
track,517,2.109416,0.000889,1
imagePyramid,518,0.383759
track,518,2.077405,0.002320,1
imagePyramid,519,0.462939
track,519,2.224245,0.000822,1
imagePyramid,520,1.473417
track,520,2.512415,0.001803,1
imagePyramid,520,0.463109
preCompute,520,1.264267
imagePyramid,520,0.363799
preCompute,520,1.173608
imagePyramid,520,0.419559
preCompute,520,1.211407
imagePyramid,517,0.303529
track,517,2.271405,0.000000,1
imagePyramid,518,0.385749
track,518,2.151775,0.002658,1
imagePyramid,519,0.389179
track,519,2.224665,0.002268,1
imagePyramid,520,0.386119
track,520,1.963516,0.001045,1
imagePyramid,521,0.501619
track,521,2.286615,0.002576,1
imagePyramid,521,0.619499
preCompute,521,1.441537
imagePyramid,521,0.385419
preCompute,521,1.296878
imagePyramid,521,0.371389
preCompute,521,1.256928
imagePyramid,518,0.459789
track,518,1.897235,0.000000,1
imagePyramid,519,0.393639
track,519,2.182985,0.002332,1
imagePyramid,520,0.426269
track,520,2.123475,0.001579,1
imagePyramid,521,0.434430
track,521,2.085996,0.001645,1
imagePyramid,522,0.451359
track,522,2.215635,0.001688,1
imagePyramid,522,0.725249
preCompute,522,1.302717
imagePyramid,522,0.382709
preCompute,522,1.224057
imagePyramid,522,0.456699
preCompute,522,1.214767
imagePyramid,519,0.488009
track,519,2.150835,0.000000,1
imagePyramid,520,0.457839
track,520,2.386955,0.001355,1
imagePyramid,521,0.461429
track,521,2.321365,0.002617,1
imagePyramid,522,0.493909
track,522,2.200835,0.001686,1
imagePyramid,523,0.457179
track,523,2.295986,0.002686,1
imagePyramid,523,0.747128
preCompute,523,1.611976
imagePyramid,523,0.318489
preCompute,523,1.162408
imagePyramid,523,0.361850
preCompute,523,1.265007
imagePyramid,520,0.333639
track,520,1.677616,0.000000,1
imagePyramid,521,0.395829
track,521,2.416494,0.001155,1
imagePyramid,522,0.501199
track,522,2.246095,0.001556,1
imagePyramid,523,0.416619
track,523,2.063156,0.000437,1
imagePyramid,524,0.373109
track,524,2.118375,0.001073,1
imagePyramid,524,0.993028
preCompute,524,1.270747
imagePyramid,524,0.364329
preCompute,524,1.225517
imagePyramid,524,0.363280
preCompute,524,1.274188
imagePyramid,521,0.367390
track,521,1.616756,0.000000,1
imagePyramid,522,0.403859
track,522,2.409884,0.002193,1
imagePyramid,523,0.382599
track,523,2.534464,0.002128,1
imagePyramid,524,0.389499
track,524,1.997066,0.000914,1
imagePyramid,525,0.383689
track,525,2.181305,0.001937,1
imagePyramid,525,0.585479
preCompute,525,1.236108
imagePyramid,525,0.354409
preCompute,525,1.193527
imagePyramid,525,0.343879
preCompute,525,1.244357
imagePyramid,522,0.332769
track,522,1.606237,0.000000,1
imagePyramid,523,0.454579
track,523,2.247705,0.000804,1
imagePyramid,524,0.429470
track,524,3.001034,0.000958,1
imagePyramid,525,0.393860
track,525,1.920506,0.000942,1
imagePyramid,526,0.375489
track,526,2.039316,0.001013,1
imagePyramid,526,0.596819
preCompute,526,1.184747
imagePyramid,526,0.367379
preCompute,526,1.216358
imagePyramid,523,0.366019
track,523,1.784616,0.000000,1
imagePyramid,524,0.365699
track,524,2.971724,0.003139,1
imagePyramid,525,0.359839
track,525,2.134636,0.002365,1
imagePyramid,526,0.367879
track,526,2.651715,0.002303,1
imagePyramid,527,0.375569
track,527,2.205525,0.002206,1
imagePyramid,527,0.647818
preCompute,527,1.240828
imagePyramid,527,0.343389
preCompute,527,1.252007
imagePyramid,527,0.348429
preCompute,527,1.254737
imagePyramid,524,0.356689
track,524,1.822406,0.000000,1
imagePyramid,525,0.373269
track,525,2.408115,0.001129,1
imagePyramid,526,0.418739
track,526,2.531244,0.001145,1
imagePyramid,527,0.379450
track,527,2.529055,0.000976,1
imagePyramid,528,0.474328
track,528,2.249945,0.001268,1
imagePyramid,528,0.679858
preCompute,528,1.303167
imagePyramid,528,0.379349
preCompute,528,1.290008
imagePyramid,525,0.361710
track,525,1.602776,0.000000,1
imagePyramid,526,0.395849
track,526,2.013255,0.000626,1
imagePyramid,527,0.360379
track,527,2.610364,0.001189,1
imagePyramid,528,0.414290
track,528,2.511545,0.001122,1
imagePyramid,529,0.373349
track,529,2.110075,0.000942,1
imagePyramid,529,0.846898
preCompute,529,1.273937
imagePyramid,529,0.352269
preCompute,529,1.238268
imagePyramid,529,0.419209
preCompute,529,1.285757
imagePyramid,526,0.347439
track,526,1.763317,0.000000,1
imagePyramid,527,0.481309
track,527,2.051485,0.001599,1
imagePyramid,528,0.422939
track,528,2.110415,0.001022,1
imagePyramid,529,0.411309
track,529,2.007845,0.001245,1
imagePyramid,530,0.473919
track,530,3.139753,0.001811,1
imagePyramid,530,0.634829
preCompute,530,1.757386
imagePyramid,530,0.405829
preCompute,530,1.240937
imagePyramid,530,0.470169
preCompute,530,1.289707
imagePyramid,527,0.364719
track,527,1.812576,0.000000,1
imagePyramid,528,0.461319
track,528,2.016106,0.000951,1
imagePyramid,529,0.430660
track,529,1.982316,0.001883,1
imagePyramid,530,0.481769
track,530,2.083475,0.001164,1
imagePyramid,531,0.477879
track,531,2.555914,0.002044,1
imagePyramid,531,0.431559
preCompute,531,1.260187
imagePyramid,531,0.466199
preCompute,531,1.286457
imagePyramid,528,0.367189
track,528,1.733356,0.000000,1
imagePyramid,529,0.498049
track,529,1.999476,0.001284,1
imagePyramid,530,0.462419
track,530,2.058965,0.002891,1
imagePyramid,531,0.497058
track,531,3.241343,0.002921,1
imagePyramid,532,0.500649
track,532,1.953786,0.001882,1
imagePyramid,533,0.402380
track,533,1.974046,0.002915,1
imagePyramid,534,0.376499
track,534,2.042796,0.001955,1
imagePyramid,535,0.421089
track,535,2.061856,0.002607,1
imagePyramid,535,0.402570
preCompute,535,1.216478
imagePyramid,535,0.392620
preCompute,535,1.230197
imagePyramid,535,0.430369
preCompute,535,1.285247
imagePyramid,529,0.358659
track,529,1.919776,0.000000,1
imagePyramid,530,0.478109
track,530,2.251096,0.001873,1
imagePyramid,531,0.506499
track,531,2.205475,0.002204,1
imagePyramid,532,0.478119
track,532,2.001576,0.001593,1
imagePyramid,533,0.452899
track,533,2.017106,0.001358,1
imagePyramid,533,0.510399
preCompute,533,1.257817
imagePyramid,533,0.416029
preCompute,533,1.422717
imagePyramid,530,0.356229
track,530,1.681117,0.000000,1
imagePyramid,531,0.395209
track,531,2.492215,0.001361,1
imagePyramid,532,0.432899
track,532,2.051396,0.001311,1
imagePyramid,533,0.417509
track,533,1.881006,0.001389,1
imagePyramid,534,0.440719
track,534,1.944256,0.001281,1
imagePyramid,534,0.539469
preCompute,534,1.797317
imagePyramid,534,0.397969
preCompute,534,1.255328
imagePyramid,531,0.356839
track,531,1.906456,0.000000,1
imagePyramid,532,0.617809
track,532,2.072695,0.001819,1
imagePyramid,533,0.520019
track,533,2.718875,0.001811,1
imagePyramid,534,0.566158
track,534,1.975496,0.000938,1
imagePyramid,535,0.423199
track,535,1.985436,0.001843,1
imagePyramid,535,0.397079
preCompute,535,1.248577
imagePyramid,535,1.529137
preCompute,535,1.319177
imagePyramid,532,1.919536
track,532,1.808386,0.000000,1
imagePyramid,533,0.451849
track,533,2.374975,0.002723,1
imagePyramid,534,0.412939
track,534,2.058966,0.001877,1
imagePyramid,535,0.493399
track,535,1.938756,0.001168,1
imagePyramid,536,0.516579
track,536,2.730924,0.001932,1
imagePyramid,536,0.492739
preCompute,536,1.245838
imagePyramid,536,0.368299
preCompute,536,1.273917
imagePyramid,533,0.406559
track,533,1.665607,0.000000,1
imagePyramid,534,0.462129
track,534,2.163225,0.001937,1
imagePyramid,535,0.459119
track,535,2.499325,0.002143,1
imagePyramid,536,0.398979
track,536,2.092935,0.002153,1
imagePyramid,537,0.433299
track,537,2.178585,0.002057,1
imagePyramid,537,0.436329
preCompute,537,1.329237
imagePyramid,537,0.362609
preCompute,537,1.271347
imagePyramid,534,0.348870
track,534,1.644316,0.000000,1
imagePyramid,535,0.389579
track,535,1.854296,0.001170,1
imagePyramid,536,0.351449
track,536,2.121085,0.002092,1
imagePyramid,537,0.412059
track,537,2.125525,0.001284,1
imagePyramid,538,0.355260
track,538,1.917666,0.001537,1
imagePyramid,538,0.376269
preCompute,538,1.255667
imagePyramid,538,0.326979
preCompute,538,1.140968
imagePyramid,538,0.357059
preCompute,538,1.337487
imagePyramid,535,0.349950
track,535,1.599826,0.000000,1
imagePyramid,536,0.622579
track,536,2.499975,0.001511,1
imagePyramid,537,0.433929
track,537,2.356325,0.001475,1
imagePyramid,538,0.415819
track,538,2.356225,0.000906,1
imagePyramid,539,0.426759
track,539,1.971045,0.001014,1
imagePyramid,539,0.656739
preCompute,539,1.254067
imagePyramid,539,0.462079
preCompute,539,1.319947
imagePyramid,536,0.364759
track,536,1.724416,0.000000,1
imagePyramid,537,0.410049
track,537,2.266725,0.003953,1
imagePyramid,537,0.465639
preCompute,537,1.351487
imagePyramid,537,0.413279
preCompute,537,1.232017
imagePyramid,537,0.806428
track,537,1.688836,0.000000,1
imagePyramid,538,0.581419
track,538,2.070125,0.002208,1
imagePyramid,539,0.413549
track,539,2.054225,0.001972,1
imagePyramid,540,0.410169
track,540,2.145835,0.001700,1
imagePyramid,541,0.374349
track,541,1.990156,0.002108,1
imagePyramid,541,0.411530
preCompute,541,1.244368
imagePyramid,541,0.345869
preCompute,541,1.235208
imagePyramid,541,0.475079
preCompute,541,1.167818
imagePyramid,538,0.336119
track,538,1.930996,0.000000,1
imagePyramid,539,0.374639
track,539,2.259045,0.000922,1
imagePyramid,540,0.410989
track,540,2.081665,0.001204,1
imagePyramid,541,0.481249
track,541,2.048815,0.001510,1
imagePyramid,542,0.421729
track,542,1.993836,0.001292,1
imagePyramid,542,0.665799
preCompute,542,1.525617
imagePyramid,542,0.456329
preCompute,542,1.294037
imagePyramid,539,0.424309
track,539,2.091065,0.000000,1
imagePyramid,540,0.366120
track,540,2.126935,0.001220,1
imagePyramid,541,0.426229
track,541,2.239165,0.001210,1
imagePyramid,542,0.444019
track,542,2.151495,0.001915,1
imagePyramid,543,0.409689
track,543,1.985255,0.002116,1
imagePyramid,543,0.713069
preCompute,543,1.503497
imagePyramid,543,0.423109
preCompute,543,1.284428
imagePyramid,540,0.333909
track,540,1.600677,0.000000,1
imagePyramid,541,0.411219
track,541,1.966716,0.001262,1
imagePyramid,542,0.398149
track,542,1.897536,0.000944,1
imagePyramid,543,0.423199
track,543,2.004496,0.000829,1
imagePyramid,544,0.386209
track,544,1.949556,0.001441,1
imagePyramid,544,0.370809
preCompute,544,1.238737
imagePyramid,544,0.362430
preCompute,544,1.225598
imagePyramid,544,0.349449
preCompute,544,1.235338
imagePyramid,541,0.344239
track,541,1.540927,0.000000,1
imagePyramid,542,0.400769
track,542,2.397785,0.002041,1
imagePyramid,543,0.392249
track,543,2.578864,0.001443,1
imagePyramid,544,0.405530
track,544,2.677615,0.000786,1
imagePyramid,545,0.516759
track,545,2.131675,0.001471,1
imagePyramid,545,0.501039
preCompute,545,1.286727
imagePyramid,545,0.464109
preCompute,545,1.307137
imagePyramid,542,0.477349
track,542,1.871226,0.000000,1
imagePyramid,543,0.431949
track,543,2.272455,0.003085,1
imagePyramid,544,0.522789
track,544,2.517214,0.002798,1
imagePyramid,545,0.378520
track,545,2.393345,0.001190,1
imagePyramid,546,0.394879
track,546,2.104126,0.001726,1
imagePyramid,546,0.374419
preCompute,546,1.300087
imagePyramid,546,0.334679
preCompute,546,1.238847
imagePyramid,546,0.419700
preCompute,546,1.231808
imagePyramid,543,0.352369
track,543,1.671606,0.000000,1
imagePyramid,544,0.490158
track,544,2.064366,0.000653,1
imagePyramid,545,0.402240
track,545,2.601945,0.000876,1
imagePyramid,546,0.395719
track,546,2.124055,0.000703,1
imagePyramid,547,0.412949
track,547,2.252545,0.001538,1
imagePyramid,547,0.387089
preCompute,547,1.243227
imagePyramid,547,0.356649
preCompute,547,1.157028
imagePyramid,544,0.338829
track,544,1.679787,0.000000,1
imagePyramid,545,0.410769
track,545,1.859846,0.001000,1
imagePyramid,546,0.458659
track,546,1.982076,0.001704,1
imagePyramid,547,0.457029
track,547,1.913176,0.001381,1
imagePyramid,548,0.375819
track,548,2.139095,0.001240,1
imagePyramid,548,0.465369
preCompute,548,1.246757
imagePyramid,548,0.448669
preCompute,548,1.330147
imagePyramid,545,0.350929
track,545,1.717696,0.000000,1
imagePyramid,546,0.377169
track,546,1.966166,0.001564,1
imagePyramid,547,0.381079
track,547,2.056245,0.002719,1
imagePyramid,548,0.366779
track,548,1.806326,0.000907,1
imagePyramid,549,0.393630
track,549,2.152956,0.001645,1
imagePyramid,549,0.496359
preCompute,549,1.581176
imagePyramid,549,0.656198
preCompute,549,1.279518
imagePyramid,549,0.340809
preCompute,549,1.297118
imagePyramid,546,0.344879
track,546,1.608287,0.000000,1
imagePyramid,547,0.384630
track,547,2.056256,0.001621,1
imagePyramid,548,0.406719
track,548,2.205645,0.001947,1
imagePyramid,549,0.411319
track,549,1.935145,0.000742,1
imagePyramid,550,0.485649
track,550,2.489944,0.001117,1
imagePyramid,550,0.431009
preCompute,550,1.309497
imagePyramid,550,0.835749
preCompute,550,1.310927
imagePyramid,547,0.365109
track,547,1.798256,0.000000,1
imagePyramid,548,0.471939
track,548,2.183406,0.001920,1
imagePyramid,549,0.401829
track,549,2.272985,0.001926,1
imagePyramid,550,0.389019
track,550,2.010125,0.001169,1
imagePyramid,551,0.381039
track,551,2.278605,0.001933,1
imagePyramid,551,0.734118
preCompute,551,1.680976
imagePyramid,551,0.373990
preCompute,551,1.246397
imagePyramid,551,0.455059
preCompute,551,1.304487
imagePyramid,548,0.384549
track,548,1.854186,0.000000,1
imagePyramid,549,0.598798
track,549,2.690434,0.001012,1
imagePyramid,550,0.419829
track,550,2.286815,0.001652,1
imagePyramid,551,0.383609
track,551,2.063955,0.001573,1
imagePyramid,552,0.401509
track,552,2.483835,0.002262,1
imagePyramid,552,0.489379
preCompute,552,1.588156
imagePyramid,552,0.657208
preCompute,552,1.282467
imagePyramid,549,0.341620
track,549,2.049145,0.000000,1
imagePyramid,550,0.446639
track,550,2.103635,0.002171,1
imagePyramid,551,0.430759
track,551,2.377615,0.003251,1
imagePyramid,552,0.432959
track,552,2.401614,0.002556,1
imagePyramid,553,0.360540
track,553,1.989305,0.001662,1
imagePyramid,553,1.722026
preCompute,553,1.285997
imagePyramid,553,0.486909
preCompute,553,1.222997
imagePyramid,553,0.560519
preCompute,553,1.301907
imagePyramid,550,0.565099
track,550,1.626506,0.000000,1
imagePyramid,551,0.387409
track,551,2.487604,0.001692,1
imagePyramid,552,0.527779
track,552,2.037726,0.001309,1
imagePyramid,553,0.410829
track,553,2.149995,0.002968,1
imagePyramid,554,0.428749
track,554,2.243316,0.002948,1
imagePyramid,554,0.416929
preCompute,554,1.312757
imagePyramid,554,0.392549
preCompute,554,1.275848
imagePyramid,551,0.438789
track,551,1.953066,0.000000,1
imagePyramid,552,0.370269
track,552,2.258895,0.000871,1
imagePyramid,553,0.408109
track,553,2.408405,0.001763,1
imagePyramid,554,0.362549
track,554,2.079745,0.000846,1
imagePyramid,555,0.429999
track,555,2.190666,0.001069,1
imagePyramid,555,0.381359
preCompute,555,1.238607
imagePyramid,555,0.357100
preCompute,555,1.232018
imagePyramid,555,0.445909
preCompute,555,1.299237
imagePyramid,552,0.350909
track,552,1.667456,0.000000,1
imagePyramid,553,0.460209
track,553,2.301165,0.001711,1
imagePyramid,554,0.535359
track,554,2.250176,0.002009,1
imagePyramid,555,0.446809
track,555,2.190975,0.001218,1
imagePyramid,556,0.367019
track,556,2.077686,0.002047,1
imagePyramid,556,0.422929
preCompute,556,1.273927
imagePyramid,556,0.410369
preCompute,556,1.263138
imagePyramid,553,0.347639
track,553,1.876626,0.000000,1
imagePyramid,554,0.559339
track,554,2.074395,0.001383,1
imagePyramid,555,0.416769
track,555,2.157495,0.002009,1
imagePyramid,556,0.407530
track,556,2.258306,0.001952,1
imagePyramid,557,0.499399
track,557,2.183185,0.001749,1
imagePyramid,557,0.735368
preCompute,557,1.214888
imagePyramid,557,0.369399
preCompute,557,1.249977
imagePyramid,557,0.381769
preCompute,557,1.325717
imagePyramid,554,0.341359
track,554,1.643847,0.000000,1
imagePyramid,555,0.484038
track,555,1.940396,0.001823,1
imagePyramid,556,0.454079
track,556,2.011016,0.001559,1
imagePyramid,557,1.046348
track,557,2.706524,0.002251,1
imagePyramid,558,0.440809
track,558,2.316565,0.003371,1
imagePyramid,558,0.678239
preCompute,558,1.298987
imagePyramid,558,0.397469
preCompute,558,1.293527
imagePyramid,555,0.323569
track,555,1.632627,0.000000,1
imagePyramid,556,0.545259
track,556,2.359405,0.002742,1
imagePyramid,557,0.487338
track,557,2.952064,0.001360,1
imagePyramid,558,0.395039
track,558,2.369225,0.001900,1
imagePyramid,559,0.512298
track,559,2.506585,0.001751,1
imagePyramid,559,0.732899
preCompute,559,1.605437
imagePyramid,559,0.374650
preCompute,559,1.276597
imagePyramid,556,0.327600
track,556,1.735206,0.000000,1
imagePyramid,557,0.459709
track,557,2.008596,0.001632,1
imagePyramid,558,0.945088
track,558,2.207685,0.002054,1
imagePyramid,559,0.373110
track,559,2.077086,0.002648,1
imagePyramid,560,0.419979
track,560,2.564134,0.002450,1
imagePyramid,560,0.672878
preCompute,560,1.599057
imagePyramid,560,0.362179
preCompute,560,1.264347
imagePyramid,560,0.353459
preCompute,560,1.255497
imagePyramid,557,0.348219
track,557,1.616707,0.000000,1
imagePyramid,558,0.472429
track,558,2.014106,0.000668,1
imagePyramid,559,0.383379
track,559,2.043275,0.001821,1
imagePyramid,560,0.430859
track,560,2.832944,0.000806,1
imagePyramid,561,0.438149
track,561,2.437625,0.001145,1
imagePyramid,561,1.728286
preCompute,561,1.326737
imagePyramid,561,0.390569
preCompute,561,1.289547
imagePyramid,558,0.427229
track,558,1.613796,0.000000,1
imagePyramid,559,0.421139
track,559,1.924126,0.001108,1
imagePyramid,560,0.430149
track,560,2.024636,0.000575,1
imagePyramid,561,0.443380
track,561,2.591905,0.001737,1
imagePyramid,562,0.424899
track,562,2.422185,0.001607,1
imagePyramid,562,0.584368
preCompute,562,1.237188
imagePyramid,562,0.450929
preCompute,562,1.321268
imagePyramid,559,0.350979
track,559,1.687586,0.000000,1
imagePyramid,560,0.413849
track,560,2.260205,0.000846,1
imagePyramid,561,0.373619
track,561,2.120595,0.001468,1
imagePyramid,562,0.388339
track,562,2.102105,0.002164,1
imagePyramid,563,0.466149
track,563,2.086785,0.001121,1
imagePyramid,563,0.377499
preCompute,563,1.274937
imagePyramid,563,0.353100
preCompute,563,1.252158
imagePyramid,560,0.315439
track,560,1.620087,0.000000,1
imagePyramid,561,0.384669
track,561,1.984795,0.001572,1
imagePyramid,562,0.385749
track,562,2.045426,0.001607,1
imagePyramid,563,0.391929
track,563,2.196456,0.001527,1
imagePyramid,564,1.200217
track,564,2.191945,0.001040,1
imagePyramid,564,0.473359
preCompute,564,1.558767
imagePyramid,564,0.386069
preCompute,564,1.270907
imagePyramid,561,0.364570
track,561,2.076286,0.000000,1
imagePyramid,562,0.409149
track,562,2.982593,0.001758,1
imagePyramid,563,0.389619
track,563,2.495854,0.002004,1
imagePyramid,564,0.527999
track,564,2.158145,0.001306,1
imagePyramid,565,0.368659
track,565,1.996955,0.000953,1
imagePyramid,565,1.230428
preCompute,565,1.291078
imagePyramid,565,0.350180
preCompute,565,1.268777
imagePyramid,565,0.420800
preCompute,565,1.237648
imagePyramid,562,0.489939
track,562,2.040806,0.000000,1
imagePyramid,563,0.439479
track,563,2.400395,0.001175,1
imagePyramid,564,0.410869
track,564,2.317385,0.001735,1
imagePyramid,565,0.390019
track,565,2.088226,0.002120,1
imagePyramid,566,0.413329
track,566,2.151656,0.002821,1
imagePyramid,566,0.502249
preCompute,566,1.290227
imagePyramid,566,0.479929
preCompute,566,1.268727
imagePyramid,563,0.343829
track,563,1.883586,0.000000,1
imagePyramid,564,0.516099
track,564,2.415945,0.001906,1
imagePyramid,565,0.406849
track,565,2.342115,0.001985,1
imagePyramid,566,0.368379
track,566,2.123686,0.001507,1
imagePyramid,567,0.447509
track,567,2.257685,0.002751,1
imagePyramid,567,0.458969
preCompute,567,1.295607
imagePyramid,567,0.528519
preCompute,567,1.257257
imagePyramid,567,1.060708
preCompute,567,1.235107
imagePyramid,564,0.352900
track,564,2.316775,0.000000,1
imagePyramid,565,0.417359
track,565,2.697644,0.002771,1
imagePyramid,566,0.391679
track,566,3.118293,0.002661,1
imagePyramid,567,0.502849
track,567,2.099085,0.001096,1
imagePyramid,568,0.448569
track,568,2.313475,0.002495,1
imagePyramid,568,0.484009
preCompute,568,1.292438
imagePyramid,568,0.693608
preCompute,568,1.295157
imagePyramid,565,0.353239
track,565,2.082655,0.000000,1
imagePyramid,566,0.423219
track,566,2.183795,0.002275,1
imagePyramid,567,0.393919
track,567,2.269865,0.002323,1
imagePyramid,568,0.393939
track,568,2.151495,0.001761,1
imagePyramid,569,0.362199
track,569,2.212916,0.002285,1
imagePyramid,569,0.384239
preCompute,569,1.240407
imagePyramid,569,0.345829
preCompute,569,1.218997
imagePyramid,569,0.358129
preCompute,569,1.242387
imagePyramid,566,0.343950
track,566,1.598476,0.000000,1
imagePyramid,567,0.403799
track,567,2.058485,0.002496,1
imagePyramid,568,0.436159
track,568,2.598415,0.002121,1
imagePyramid,569,0.381879
track,569,2.517535,0.000802,1
imagePyramid,570,0.423039
track,570,2.196916,0.002116,1
imagePyramid,570,0.735619
preCompute,570,1.286257
imagePyramid,570,0.476109
preCompute,570,1.317707
imagePyramid,567,0.487359
track,567,1.753176,0.000000,1
imagePyramid,568,0.429009
track,568,2.081026,0.001133,1
imagePyramid,569,0.473859
track,569,2.243515,0.000750,1
imagePyramid,570,0.376149
track,570,2.150385,0.000608,1
imagePyramid,571,0.374310
track,571,1.941696,0.001287,1
imagePyramid,571,0.430210
preCompute,571,1.994016
imagePyramid,571,0.363519
preCompute,571,1.210527
imagePyramid,571,0.350989
preCompute,571,1.183347
imagePyramid,568,0.362229
track,568,1.601697,0.000000,1
imagePyramid,569,0.465139
track,569,1.965976,0.000858,1
imagePyramid,570,0.436849
track,570,2.767774,0.001361,1
imagePyramid,571,0.402399
track,571,2.361295,0.001017,1
imagePyramid,572,0.397509
track,572,2.044795,0.002056,1
imagePyramid,572,0.459779
preCompute,572,1.260708
imagePyramid,572,0.470299
preCompute,572,1.239197
imagePyramid,569,0.343759
track,569,1.625137,0.000000,1
imagePyramid,570,0.371760
track,570,2.145545,0.001392,1
imagePyramid,571,0.416249
track,571,2.390275,0.001580,1
imagePyramid,572,0.368129
track,572,2.153266,0.001527,1
imagePyramid,573,0.507199
track,573,2.315865,0.001891,1
imagePyramid,573,0.400519
preCompute,573,1.269447
imagePyramid,573,0.338010
preCompute,573,1.247717
imagePyramid,573,0.367039
preCompute,573,1.274717
imagePyramid,570,0.364469
track,570,1.625987,0.000000,1
imagePyramid,571,0.386599
track,571,2.245155,0.001652,1
imagePyramid,572,0.442689
track,572,2.342595,0.001730,1
imagePyramid,573,0.454209
track,573,2.223775,0.001795,1
imagePyramid,574,0.477799
track,574,2.249985,0.002295,1
imagePyramid,574,0.415919
preCompute,574,1.260947
imagePyramid,574,0.357770
preCompute,574,1.184297
imagePyramid,571,0.324119
track,571,1.692996,0.000000,1
imagePyramid,572,0.382179
track,572,2.107095,0.001731,1
imagePyramid,573,0.538019
track,573,2.113355,0.001119,1
imagePyramid,574,0.435569
track,574,2.472295,0.001675,1
imagePyramid,575,0.467359
track,575,2.031095,0.001296,1
imagePyramid,575,0.412209
preCompute,575,1.294238
imagePyramid,575,0.327609
preCompute,575,1.159308
imagePyramid,575,0.343059
preCompute,575,1.231748
imagePyramid,572,0.344999
track,572,1.566317,0.000000,1
imagePyramid,573,0.476209
track,573,2.237945,0.002321,1
imagePyramid,574,0.415879
track,574,1.981005,0.001239,1
imagePyramid,575,0.472639
track,575,2.256775,0.001150,1
imagePyramid,576,0.491269
track,576,2.062695,0.001597,1
imagePyramid,576,0.401189
preCompute,576,1.246757
imagePyramid,576,0.405949
preCompute,576,1.238698
imagePyramid,573,0.360539
track,573,1.764876,0.000000,1
imagePyramid,574,0.470699
track,574,1.867146,0.001180,1
imagePyramid,575,0.603409
track,575,2.312565,0.001603,1
imagePyramid,576,0.413429
track,576,2.361985,0.000975,1
imagePyramid,577,0.413419
track,577,2.048695,0.001171,1
imagePyramid,577,0.413889
preCompute,577,1.267117
imagePyramid,577,0.483189
preCompute,577,1.205227
imagePyramid,577,0.363339
preCompute,577,1.247627
imagePyramid,574,0.323509
track,574,1.737586,0.000000,1
imagePyramid,575,0.393069
track,575,1.874216,0.001441,1
imagePyramid,576,0.372669
track,576,2.034225,0.001354,1
imagePyramid,577,0.403709
track,577,2.637454,0.001241,1
imagePyramid,578,0.499969
track,578,1.985026,0.001639,1
imagePyramid,578,0.457139
preCompute,578,1.271038
imagePyramid,578,0.492599
preCompute,578,1.246997
imagePyramid,575,0.404889
track,575,2.019426,0.000000,1
imagePyramid,576,0.427469
track,576,2.175055,0.001457,1
imagePyramid,577,0.398269
track,577,2.020326,0.001191,1
imagePyramid,578,0.476469
track,578,1.983626,0.001421,1
imagePyramid,579,0.635619
track,579,2.034386,0.001437,1
imagePyramid,579,0.439869
preCompute,579,1.672387
imagePyramid,579,0.375749
preCompute,579,1.289827
imagePyramid,576,0.352359
track,576,2.313295,0.000000,1
imagePyramid,577,0.605829
track,577,2.079836,0.001250,1
imagePyramid,578,0.422759
track,578,2.026335,0.001658,1
imagePyramid,579,0.353159
track,579,2.257625,0.001241,1
imagePyramid,580,1.669667
track,580,2.076825,0.001225,1
imagePyramid,580,0.396899
preCompute,580,1.524677
imagePyramid,580,0.412869
preCompute,580,1.256547
imagePyramid,577,0.387339
track,577,1.967515,0.000000,1
imagePyramid,578,0.496099
track,578,2.157235,0.000970,1
imagePyramid,579,0.393649
track,579,2.026956,0.001535,1
imagePyramid,580,0.422749
track,580,1.928745,0.001509,1
imagePyramid,581,0.368429
track,581,2.232476,0.001437,1
imagePyramid,581,0.396259
preCompute,581,1.186777
imagePyramid,581,0.480509
preCompute,581,1.192467
imagePyramid,578,0.368949
track,578,1.651796,0.000000,1
imagePyramid,579,0.438299
track,579,2.008596,0.001552,1
imagePyramid,580,0.418649
track,580,2.276525,0.001790,1
imagePyramid,581,0.386529
track,581,1.885256,0.001065,1
imagePyramid,582,0.404229
track,582,2.134435,0.001239,1
imagePyramid,582,0.400049
preCompute,582,1.279417
imagePyramid,582,0.395179
preCompute,582,1.238177
imagePyramid,582,0.458899
preCompute,582,1.337937
imagePyramid,579,0.954498
track,579,1.738476,0.000000,1
imagePyramid,580,0.388499
track,580,2.170115,0.002128,1
imagePyramid,581,0.406909
track,581,2.271905,0.002202,1
imagePyramid,582,0.429779
track,582,2.050555,0.001111,1
imagePyramid,583,0.428839
track,583,2.146726,0.001753,1
imagePyramid,583,0.732948
preCompute,583,1.234487
imagePyramid,583,0.417369
preCompute,583,1.299767
imagePyramid,580,0.364169
track,580,2.364435,0.000000,1
imagePyramid,581,0.400519
track,581,2.456235,0.002164,1
imagePyramid,582,0.374410
track,582,2.256105,0.002189,1
imagePyramid,583,0.499439
track,583,2.026866,0.002011,1
imagePyramid,584,0.439359
track,584,2.094315,0.002243,1
imagePyramid,584,0.403920
preCompute,584,1.235548
imagePyramid,584,0.378520
preCompute,584,1.330297
imagePyramid,584,0.401389
preCompute,584,1.183368
imagePyramid,581,0.365560
track,581,2.220745,0.000000,1
imagePyramid,582,0.371369
track,582,1.857076,0.001373,1
imagePyramid,583,0.400079
track,583,1.914436,0.001630,1
imagePyramid,584,0.540339
track,584,2.298715,0.001703,1
imagePyramid,585,0.478989
track,585,2.082005,0.001981,1
imagePyramid,585,0.441189
preCompute,585,1.255327
imagePyramid,585,0.395049
preCompute,585,1.257677
imagePyramid,582,0.522599
track,582,1.697027,0.000000,1
imagePyramid,583,0.361229
track,583,2.191245,0.001199,1
imagePyramid,584,0.501709
track,584,2.077656,0.002552,1
imagePyramid,585,0.392710
track,585,2.105076,0.001737,1
imagePyramid,586,0.464559
track,586,1.987025,0.001561,1
imagePyramid,586,0.400329
preCompute,586,1.284487
imagePyramid,586,0.356550
preCompute,586,1.154947
imagePyramid,586,0.362540
preCompute,586,1.275127
imagePyramid,583,0.356429
track,583,1.656666,0.000000,1
imagePyramid,584,0.443629
track,584,2.507304,0.002379,1
imagePyramid,585,0.554349
track,585,2.433825,0.003082,1
imagePyramid,586,0.476329
track,586,2.066506,0.001368,1
imagePyramid,587,0.433089
track,587,2.016306,0.002668,1
imagePyramid,587,0.727358
preCompute,587,1.510417
imagePyramid,587,0.415209
preCompute,587,1.290547
imagePyramid,584,0.363849
track,584,1.671466,0.000000,1
imagePyramid,585,0.587679
track,585,2.071235,0.003088,1
imagePyramid,586,0.748819
track,586,2.284475,0.002565,1
imagePyramid,587,0.498599
track,587,2.089515,0.001627,1
imagePyramid,588,0.441469
track,588,2.119525,0.002117,1
imagePyramid,588,0.421889
preCompute,588,1.232257
imagePyramid,588,0.357469
preCompute,588,1.209207
imagePyramid,588,0.366849
preCompute,588,1.229948
imagePyramid,585,0.342450
track,585,1.638976,0.000000,1
imagePyramid,586,0.983818
track,586,2.143416,0.001669,1
imagePyramid,587,0.583949
track,587,2.322205,0.001230,1
imagePyramid,588,0.415689
track,588,2.148575,0.002677,1
imagePyramid,589,0.472659
track,589,2.244095,0.002452,1
imagePyramid,589,0.389680
preCompute,589,1.277508
imagePyramid,589,0.398039
preCompute,589,1.243717
imagePyramid,586,0.341269
track,586,1.674197,0.000000,1
imagePyramid,587,0.619569
track,587,2.098135,0.001183,1
imagePyramid,588,0.442069
track,588,2.272435,0.002161,1
imagePyramid,589,0.430439
track,589,2.171015,0.001473,1
imagePyramid,590,0.540999
track,590,2.314645,0.001717,1
imagePyramid,590,0.507219
preCompute,590,1.310008
imagePyramid,590,0.466289
preCompute,590,1.321637
imagePyramid,587,0.342379
track,587,1.667907,0.000000,1
imagePyramid,588,0.750038
track,588,1.998756,0.001669,1
imagePyramid,589,0.401409
track,589,2.139746,0.002466,1
imagePyramid,590,0.392009
track,590,2.026416,0.002166,1
imagePyramid,591,0.464099
track,591,2.240235,0.001920,1
imagePyramid,591,0.417579
preCompute,591,1.265388
imagePyramid,591,0.352729
preCompute,591,1.246707
imagePyramid,591,0.346129
preCompute,591,1.266477
imagePyramid,588,0.343909
track,588,1.676537,0.000000,1
imagePyramid,589,0.367089
track,589,1.960626,0.001762,1
imagePyramid,590,0.490509
track,590,3.389443,0.001481,1
imagePyramid,591,0.447909
track,591,2.378265,0.001104,1
imagePyramid,592,0.406699
track,592,2.070525,0.001894,1
imagePyramid,592,0.389699
preCompute,592,1.252707
imagePyramid,592,0.434729
preCompute,592,1.304617
imagePyramid,589,0.373279
track,589,1.736116,0.000000,1
imagePyramid,590,0.479269
track,590,1.939345,0.001694,1
imagePyramid,591,1.201857
track,591,2.383015,0.002068,1
imagePyramid,592,0.657258
track,592,2.095676,0.001704,1
imagePyramid,593,0.384490
track,593,1.968776,0.002060,1
imagePyramid,593,0.392039
preCompute,593,1.232397
imagePyramid,593,0.377749
preCompute,593,1.256588
imagePyramid,590,0.355629
track,590,1.607857,0.000000,1
imagePyramid,591,0.401519
track,591,1.766666,0.001431,1
imagePyramid,592,0.443129
track,592,2.075235,0.001653,1
imagePyramid,593,0.457619
track,593,2.649904,0.001630,1
imagePyramid,594,0.374489
track,594,2.215895,0.001652,1
imagePyramid,594,0.391539
preCompute,594,1.254777
imagePyramid,594,0.397200
preCompute,594,1.169997
imagePyramid,594,0.337729
preCompute,594,1.284787
imagePyramid,591,0.359009
track,591,1.622137,0.000000,1
imagePyramid,592,0.476889
track,592,1.984145,0.001551,1
imagePyramid,593,0.456909
track,593,1.952386,0.001911,1
imagePyramid,594,0.444509
track,594,2.505095,0.001461,1
imagePyramid,595,0.388849
track,595,2.659934,0.001996,1
imagePyramid,595,0.454069
preCompute,595,1.381507
imagePyramid,595,0.538579
preCompute,595,1.297127
imagePyramid,592,0.450819
track,592,2.128276,0.000000,1
imagePyramid,593,0.455149
track,593,2.108675,0.001139,1
imagePyramid,594,0.479969
track,594,2.072555,0.001712,1
imagePyramid,595,0.427989
track,595,1.970996,0.001144,1
imagePyramid,596,0.461499
track,596,2.115715,0.001493,1
imagePyramid,596,0.403709
preCompute,596,1.282407
imagePyramid,596,0.362000
preCompute,596,1.230117
imagePyramid,596,0.359219
preCompute,596,1.233477
imagePyramid,593,1.448517
track,593,1.710517,0.000000,1
imagePyramid,594,0.439649
track,594,2.031386,0.002331,1
imagePyramid,595,0.435799
track,595,2.152046,0.002248,1
imagePyramid,596,0.450769
track,596,2.136575,0.001327,1
imagePyramid,597,0.444959
track,597,2.467144,0.002601,1
imagePyramid,597,0.635178
preCompute,597,1.407407
imagePyramid,597,0.495449
preCompute,597,1.260358
imagePyramid,594,0.618489
track,594,1.674946,0.000000,1
imagePyramid,595,0.397229
track,595,1.849366,0.000977,1
imagePyramid,596,0.537809
track,596,1.919096,0.001504,1
imagePyramid,597,0.388939
track,597,1.827036,0.001913,1
imagePyramid,598,0.475939
track,598,2.013186,0.001483,1
imagePyramid,598,0.594369
preCompute,598,1.752776
imagePyramid,598,0.404969
preCompute,598,1.254558
imagePyramid,595,0.626609
track,595,1.679046,0.000000,1
imagePyramid,596,0.381799
track,596,1.933426,0.001383,1
imagePyramid,597,0.376339
track,597,1.877196,0.001556,1
imagePyramid,598,0.499389
track,598,1.967056,0.001371,1
imagePyramid,599,0.500069
track,599,2.100076,0.001515,1
imagePyramid,599,0.407890
preCompute,599,1.297338
imagePyramid,599,0.356270
preCompute,599,1.155617
imagePyramid,599,0.404729
preCompute,599,1.477196
imagePyramid,596,0.329140
track,596,2.475594,0.000000,1
imagePyramid,597,0.396879
track,597,1.961536,0.001458,1
imagePyramid,598,0.411339
track,598,2.042755,0.001902,1
imagePyramid,599,0.424619
track,599,2.095795,0.001692,1
imagePyramid,600,0.461779
track,600,2.058626,0.001769,1
imagePyramid,600,0.761139
preCompute,600,1.290128
imagePyramid,600,0.402369
preCompute,600,1.275887
imagePyramid,597,0.356229
track,597,2.335625,0.000000,1
imagePyramid,598,0.418339
track,598,2.121716,0.002876,1
imagePyramid,599,0.678769
track,599,2.317886,0.003365,1
imagePyramid,600,0.374909
track,600,2.028226,0.001828,1
imagePyramid,601,0.481619
track,601,2.089175,0.001410,1
imagePyramid,601,0.375619
preCompute,601,1.240667
imagePyramid,601,0.348719
preCompute,601,1.213728
imagePyramid,601,0.346249
preCompute,601,1.202278
imagePyramid,598,0.328479
track,598,1.671106,0.000000,1
imagePyramid,599,0.368719
track,599,2.684344,0.001527,1
imagePyramid,600,0.540298
track,600,2.302005,0.001773,1
imagePyramid,601,0.400610
track,601,2.013526,0.001423,1
imagePyramid,602,0.439289
track,602,1.984456,0.001944,1
imagePyramid,602,0.423609
preCompute,602,1.324457
imagePyramid,602,0.493509
preCompute,602,1.287787
imagePyramid,599,0.379139
track,599,1.798006,0.000000,1
imagePyramid,600,0.425879
track,600,2.002856,0.001438,1
imagePyramid,601,0.399249
track,601,2.581654,0.001309,1
imagePyramid,602,0.392819
track,602,1.988026,0.001242,1
imagePyramid,603,0.475739
track,603,1.963846,0.001889,1
imagePyramid,603,0.409319
preCompute,603,1.253207
imagePyramid,603,0.435449
preCompute,603,1.292987
imagePyramid,600,0.334439
track,600,1.753816,0.000000,1
imagePyramid,601,0.501519
track,601,2.646435,0.001037,1
imagePyramid,602,0.391609
track,602,2.241445,0.001871,1
imagePyramid,603,0.375390
track,603,2.148106,0.001276,1
imagePyramid,604,0.491599
track,604,1.899156,0.001166,1
imagePyramid,604,0.412859
preCompute,604,1.264758
imagePyramid,604,0.346350
preCompute,604,1.242337
imagePyramid,604,0.354859
preCompute,604,1.228157
imagePyramid,601,0.323159
track,601,1.665226,0.000000,1
imagePyramid,602,0.370879
track,602,1.904246,0.001225,1
imagePyramid,603,0.381809
track,603,2.310635,0.002016,1
imagePyramid,604,0.444410
track,604,2.183046,0.001689,1
imagePyramid,605,1.113508
track,605,1.893956,0.001676,1
imagePyramid,605,0.443229
preCompute,605,1.178228
imagePyramid,605,0.421669
preCompute,605,1.282667
imagePyramid,602,0.387939
track,602,1.746526,0.000000,1
imagePyramid,603,0.456519
track,603,1.952506,0.001820,1
imagePyramid,604,0.422899
track,604,2.309955,0.001955,1
imagePyramid,605,0.639399
track,605,1.909126,0.001180,1
imagePyramid,606,1.265267
track,606,1.965136,0.001638,1
imagePyramid,606,0.483219
preCompute,606,1.237677
imagePyramid,606,0.386929
preCompute,606,1.271277
imagePyramid,603,0.344819
track,603,1.779186,0.000000,1
imagePyramid,604,0.427679
track,604,2.078005,0.001460,1
imagePyramid,605,0.392959
track,605,1.905786,0.001711,1
imagePyramid,606,0.415319
track,606,1.923866,0.001441,1
imagePyramid,607,0.367900
track,607,2.081426,0.001847,1
imagePyramid,607,0.391049
preCompute,607,1.269717
imagePyramid,607,0.353459
preCompute,607,1.240768
imagePyramid,604,0.329299
track,604,1.655157,0.000000,1
imagePyramid,605,0.378169
track,605,1.784796,0.001667,1
imagePyramid,606,0.471599
track,606,1.982175,0.002824,1
imagePyramid,607,0.478129
track,607,2.796814,0.001736,1
imagePyramid,608,0.440009
track,608,2.280595,0.002168,1
imagePyramid,608,0.371079
preCompute,608,1.237918
imagePyramid,608,0.359699
preCompute,608,1.158017
imagePyramid,608,0.463529
preCompute,608,1.282078
imagePyramid,605,0.499249
track,605,1.766156,0.000000,1
imagePyramid,606,0.430959
track,606,2.290216,0.001440,1
imagePyramid,607,0.517709
track,607,2.209665,0.001362,1
imagePyramid,608,0.490529
track,608,2.156206,0.001338,1
imagePyramid,609,0.419559
track,609,1.915316,0.001824,1
imagePyramid,609,0.711788
preCompute,609,1.756737
imagePyramid,609,0.415689
preCompute,609,1.368387
imagePyramid,606,0.349199
track,606,1.742516,0.000000,1
imagePyramid,607,0.403479
track,607,1.869196,0.001652,1
imagePyramid,608,0.445399
track,608,1.878566,0.001712,1
imagePyramid,609,0.454829
track,609,2.442725,0.001383,1
imagePyramid,610,0.526069
track,610,2.267805,0.001778,1
imagePyramid,610,0.419529
preCompute,610,1.217358
imagePyramid,610,0.430409
preCompute,610,1.254777
imagePyramid,607,0.368010
track,607,1.703806,0.000000,1
imagePyramid,608,0.464139
track,608,2.034896,0.001613,1
imagePyramid,609,0.476859
track,609,1.889076,0.002638,1
imagePyramid,610,0.418829
track,610,2.274665,0.001773,1
imagePyramid,611,0.414249
track,611,2.229805,0.002139,1
imagePyramid,611,0.414689
preCompute,611,1.374547
imagePyramid,611,0.463549
preCompute,611,1.286357
imagePyramid,611,0.406609
preCompute,611,1.279337
imagePyramid,608,0.357489
track,608,1.604787,0.000000,1
imagePyramid,609,0.435449
track,609,1.963175,0.002271,1
imagePyramid,610,0.481699
track,610,1.928706,0.001903,1
imagePyramid,611,0.424579
track,611,1.915686,0.001071,1
imagePyramid,612,0.435319
track,612,2.375975,0.002416,1
imagePyramid,612,0.493929
preCompute,612,1.292118
