1341847982.1307 -0.0558 0.0011 -0.0161 -0.0022 0.0096 -0.0003 1.0000 42
1341847982.1627 -0.0578 0.0095 -0.0101 0.0052 0.0087 0.0011 0.9999 43
1341847982.1627 -0.0578 0.0095 -0.0101 0.0052 0.0087 0.0011 0.9999 44
1341847982.1627 -0.0578 0.0095 -0.0101 0.0052 0.0087 0.0011 0.9999 45
1341847982.1627 -0.0578 0.0095 -0.0101 0.0052 0.0087 0.0011 0.9999 46
1341847982.1627 -0.0578 0.0095 -0.0101 0.0052 0.0087 0.0011 0.9999 47
1341847982.1627 -0.0578 0.0095 -0.0101 0.0052 0.0087 0.0011 0.9999 48
1341847982.1627 -0.0578 0.0095 -0.0101 0.0052 0.0087 0.0011 0.9999 49
1341847982.1627 -0.0578 0.0095 -0.0101 0.0052 0.0087 0.0011 0.9999 50
1341847982.1627 -0.0578 0.0095 -0.0101 0.0052 0.0087 0.0011 0.9999 51
1341847982.1627 -0.0578 0.0095 -0.0101 0.0052 0.0087 0.0011 0.9999 52
1341847982.1627 -0.0578 0.0095 -0.0101 0.0052 0.0087 0.0011 0.9999 53
1341847982.1627 -0.0578 0.0095 -0.0101 0.0052 0.0087 0.0011 0.9999 54
1341847982.5667 -0.0674 0.0023 -0.0149 0.0059 0.0210 0.0114 0.9997 55
1341847982.5667 -0.0674 0.0023 -0.0149 0.0059 0.0210 0.0114 0.9997 56
1341847982.5667 -0.0674 0.0023 -0.0149 0.0059 0.0210 0.0114 0.9997 57
1341847982.5667 -0.0674 0.0023 -0.0149 0.0059 0.0210 0.0114 0.9997 58
1341847982.5667 -0.0674 0.0023 -0.0149 0.0059 0.0210 0.0114 0.9997 59
1341847982.5667 -0.0674 0.0023 -0.0149 0.0059 0.0210 0.0114 0.9997 60
1341847982.5667 -0.0674 0.0023 -0.0149 0.0059 0.0210 0.0114 0.9997 61
1341847982.5667 -0.0674 0.0023 -0.0149 0.0059 0.0210 0.0114 0.9997 62
1341847982.5667 -0.0674 0.0023 -0.0149 0.0059 0.0210 0.0114 0.9997 63
1341847982.5667 -0.0674 0.0023 -0.0149 0.0059 0.0210 0.0114 0.9997 64
1341847982.8987 -0.1002 0.0033 -0.0061 0.0064 0.0455 0.0197 0.9988 65
1341847982.9348 -0.1156 0.0067 -0.0092 0.0068 0.0484 0.0217 0.9986 66
1341847982.9667 -0.1184 0.0039 -0.0103 0.0042 0.0470 0.0220 0.9986 67
1341847982.9667 -0.1184 0.0039 -0.0103 0.0042 0.0470 0.0220 0.9986 68
1341847982.9667 -0.1184 0.0039 -0.0103 0.0042 0.0470 0.0220 0.9986 69
1341847982.9667 -0.1184 0.0039 -0.0103 0.0042 0.0470 0.0220 0.9986 70
1341847982.9667 -0.1184 0.0039 -0.0103 0.0042 0.0470 0.0220 0.9986 71
1341847982.9667 -0.1184 0.0039 -0.0103 0.0042 0.0470 0.0220 0.9986 72
1341847982.9667 -0.1184 0.0039 -0.0103 0.0042 0.0470 0.0220 0.9986 73
1341847982.9667 -0.1184 0.0039 -0.0103 0.0042 0.0470 0.0220 0.9986 74
1341847982.9667 -0.1184 0.0039 -0.0103 0.0042 0.0470 0.0220 0.9986 75
1341847982.9667 -0.1184 0.0039 -0.0103 0.0042 0.0470 0.0220 0.9986 76
1341847982.9667 -0.1184 0.0039 -0.0103 0.0042 0.0470 0.0220 0.9986 77
1341847982.9667 -0.1184 0.0039 -0.0103 0.0042 0.0470 0.0220 0.9986 78
1341847982.9667 -0.1184 0.0039 -0.0103 0.0042 0.0470 0.0220 0.9986 79
1341847982.9667 -0.1184 0.0039 -0.0103 0.0042 0.0470 0.0220 0.9986 80
1341847982.9667 -0.1184 0.0039 -0.0103 0.0042 0.0470 0.0220 0.9986 81
1341847982.9667 -0.1184 0.0039 -0.0103 0.0042 0.0470 0.0220 0.9986 82
1341847983.5028 -0.1821 -0.0120 -0.0098 -0.0110 0.0582 0.0227 0.9980 83
1341847983.5028 -0.1821 -0.0120 -0.0098 -0.0110 0.0582 0.0227 0.9980 84
1341847983.5707 -0.1963 0.0017 -0.0052 -0.0041 0.0669 0.0239 0.9975 85
1341847983.5707 -0.1963 0.0017 -0.0052 -0.0041 0.0669 0.0239 0.9975 86
1341847983.5707 -0.1963 0.0017 -0.0052 -0.0041 0.0669 0.0239 0.9975 87
1341847983.6707 -0.2119 -0.0035 -0.0064 -0.0018 0.0711 0.0239 0.9972 88
1341847983.6707 -0.2119 -0.0035 -0.0064 -0.0018 0.0711 0.0239 0.9972 89
1341847983.7387 -0.2271 -0.0002 -0.0086 0.0036 0.0732 0.0282 0.9969 90
1341847983.7387 -0.2271 -0.0002 -0.0086 0.0036 0.0732 0.0282 0.9969 91
1341847983.8067 -0.2361 -0.0030 -0.0109 0.0050 0.0736 0.0286 0.9969 92
1341847983.8067 -0.2361 -0.0030 -0.0109 0.0050 0.0736 0.0286 0.9969 93
1341847983.8707 -0.2517 0.0039 -0.0112 0.0130 0.0754 0.0325 0.9965 94
1341847983.8707 -0.2517 0.0039 -0.0112 0.0130 0.0754 0.0325 0.9965 95
1341847983.9388 -0.2633 0.0018 -0.0170 0.0120 0.0720 0.0362 0.9967 96
1341847983.9388 -0.2633 0.0018 -0.0170 0.0120 0.0720 0.0362 0.9967 97
1341847983.9388 -0.2633 0.0018 -0.0170 0.0120 0.0720 0.0362 0.9967 98
1341847983.9388 -0.2633 0.0018 -0.0170 0.0120 0.0720 0.0362 0.9967 99
1341847983.9388 -0.2633 0.0018 -0.0170 0.0120 0.0720 0.0362 0.9967 100
1341847983.9388 -0.2633 0.0018 -0.0170 0.0120 0.0720 0.0362 0.9967 101
1341847983.9388 -0.2633 0.0018 -0.0170 0.0120 0.0720 0.0362 0.9967 102
1341847984.1748 -0.3037 0.0106 -0.0172 0.0003 0.0874 0.0295 0.9957 103
1341847984.1748 -0.3037 0.0106 -0.0172 0.0003 0.0874 0.0295 0.9957 104
1341847984.2387 -0.3124 0.0115 -0.0133 -0.0048 0.0875 0.0285 0.9957 105
1341847984.2387 -0.3124 0.0115 -0.0133 -0.0048 0.0875 0.0285 0.9957 106
1341847984.2387 -0.3124 0.0115 -0.0133 -0.0048 0.0875 0.0285 0.9957 107
1341847984.2387 -0.3124 0.0115 -0.0133 -0.0048 0.0875 0.0285 0.9957 108
1341847984.2387 -0.3124 0.0115 -0.0133 -0.0048 0.0875 0.0285 0.9957 109
1341847984.2387 -0.3124 0.0115 -0.0133 -0.0048 0.0875 0.0285 0.9957 110
1341847984.2387 -0.3124 0.0115 -0.0133 -0.0048 0.0875 0.0285 0.9957 111
1341847984.4746 -0.3424 0.0113 0.0045 -0.0168 0.0831 0.0329 0.9959 112
1341847984.4746 -0.3424 0.0113 0.0045 -0.0168 0.0831 0.0329 0.9959 113
1341847984.4746 -0.3424 0.0113 0.0045 -0.0168 0.0831 0.0329 0.9959 114
1341847984.4746 -0.3424 0.0113 0.0045 -0.0168 0.0831 0.0329 0.9959 115
1341847984.6108 -0.3656 0.0065 0.0255 -0.0194 0.0926 0.0325 0.9950 116
1341847984.6108 -0.3656 0.0065 0.0255 -0.0194 0.0926 0.0325 0.9950 117
1341847984.6108 -0.3656 0.0065 0.0255 -0.0194 0.0926 0.0325 0.9950 118
1341847984.6108 -0.3656 0.0065 0.0255 -0.0194 0.0926 0.0325 0.9950 119
1341847984.6108 -0.3656 0.0065 0.0255 -0.0194 0.0926 0.0325 0.9950 120
1341847984.7789 -0.3820 0.0005 0.0466 -0.0106 0.0904 0.0358 0.9952 121
1341847984.7789 -0.3820 0.0005 0.0466 -0.0106 0.0904 0.0358 0.9952 122
1341847984.8427 -0.3901 -0.0036 0.0612 -0.0066 0.0924 0.0397 0.9949 123
1341847984.8427 -0.3901 -0.0036 0.0612 -0.0066 0.0924 0.0397 0.9949 124
1341847984.8427 -0.3901 -0.0036 0.0612 -0.0066 0.0924 0.0397 0.9949 125
1341847984.9431 -0.3997 -0.0068 0.0749 -0.0046 0.0912 0.0478 0.9947 126
1341847984.9431 -0.3997 -0.0068 0.0749 -0.0046 0.0912 0.0478 0.9947 127
1341847985.0106 -0.4011 -0.0142 0.0826 -0.0100 0.0890 0.0513 0.9947 128
1341847985.0106 -0.4011 -0.0142 0.0826 -0.0100 0.0890 0.0513 0.9947 129
1341847985.0106 -0.4011 -0.0142 0.0826 -0.0100 0.0890 0.0513 0.9947 130
1341847985.0106 -0.4011 -0.0142 0.0826 -0.0100 0.0890 0.0513 0.9947 131
1341847985.0106 -0.4011 -0.0142 0.0826 -0.0100 0.0890 0.0513 0.9947 132
1341847985.0106 -0.4011 -0.0142 0.0826 -0.0100 0.0890 0.0513 0.9947 133
1341847985.0106 -0.4011 -0.0142 0.0826 -0.0100 0.0890 0.0513 0.9947 134
1341847985.0106 -0.4011 -0.0142 0.0826 -0.0100 0.0890 0.0513 0.9947 135
1341847985.0106 -0.4011 -0.0142 0.0826 -0.0100 0.0890 0.0513 0.9947 136
1341847985.3146 -0.4174 -0.0351 0.1276 -0.0122 0.1174 0.0569 0.9914 137
1341847985.3146 -0.4174 -0.0351 0.1276 -0.0122 0.1174 0.0569 0.9914 138
1341847985.3146 -0.4174 -0.0351 0.1276 -0.0122 0.1174 0.0569 0.9914 139
1341847985.3146 -0.4174 -0.0351 0.1276 -0.0122 0.1174 0.0569 0.9914 140
1341847985.3146 -0.4174 -0.0351 0.1276 -0.0122 0.1174 0.0569 0.9914 141
1341847985.3146 -0.4174 -0.0351 0.1276 -0.0122 0.1174 0.0569 0.9914 142
1341847985.3146 -0.4174 -0.0351 0.1276 -0.0122 0.1174 0.0569 0.9914 143
1341847985.3146 -0.4174 -0.0351 0.1276 -0.0122 0.1174 0.0569 0.9914 144
1341847985.3146 -0.4174 -0.0351 0.1276 -0.0122 0.1174 0.0569 0.9914 145
1341847985.3146 -0.4174 -0.0351 0.1276 -0.0122 0.1174 0.0569 0.9914 146
1341847985.3146 -0.4174 -0.0351 0.1276 -0.0122 0.1174 0.0569 0.9914 147
1341847985.3146 -0.4174 -0.0351 0.1276 -0.0122 0.1174 0.0569 0.9914 148
1341847985.3146 -0.4174 -0.0351 0.1276 -0.0122 0.1174 0.0569 0.9914 149
1341847985.3146 -0.4174 -0.0351 0.1276 -0.0122 0.1174 0.0569 0.9914 150
1341847985.3146 -0.4174 -0.0351 0.1276 -0.0122 0.1174 0.0569 0.9914 151
1341847985.8147 -0.4508 -0.0718 0.2040 0.0086 0.1543 0.0774 0.9849 152
1341847985.8147 -0.4508 -0.0718 0.2040 0.0086 0.1543 0.0774 0.9849 153
1341847985.8147 -0.4508 -0.0718 0.2040 0.0086 0.1543 0.0774 0.9849 154
1341847985.8147 -0.4508 -0.0718 0.2040 0.0086 0.1543 0.0774 0.9849 155
1341847985.8147 -0.4508 -0.0718 0.2040 0.0086 0.1543 0.0774 0.9849 156
1341847985.8147 -0.4508 -0.0718 0.2040 0.0086 0.1543 0.0774 0.9849 157
1341847985.8147 -0.4508 -0.0718 0.2040 0.0086 0.1543 0.0774 0.9849 158
1341847985.8147 -0.4508 -0.0718 0.2040 0.0086 0.1543 0.0774 0.9849 159
1341847985.8147 -0.4508 -0.0718 0.2040 0.0086 0.1543 0.0774 0.9849 160
1341847985.8147 -0.4508 -0.0718 0.2040 0.0086 0.1543 0.0774 0.9849 161
1341847986.1506 -0.4687 -0.1004 0.2447 0.0044 0.1818 0.0906 0.9791 162
1341847986.1506 -0.4687 -0.1004 0.2447 0.0044 0.1818 0.0906 0.9791 163
1341847986.1506 -0.4687 -0.1004 0.2447 0.0044 0.1818 0.0906 0.9791 164
1341847986.1506 -0.4687 -0.1004 0.2447 0.0044 0.1818 0.0906 0.9791 165
1341847986.1506 -0.4687 -0.1004 0.2447 0.0044 0.1818 0.0906 0.9791 166
1341847986.1506 -0.4687 -0.1004 0.2447 0.0044 0.1818 0.0906 0.9791 167
1341847986.1506 -0.4687 -0.1004 0.2447 0.0044 0.1818 0.0906 0.9791 168
1341847986.1506 -0.4687 -0.1004 0.2447 0.0044 0.1818 0.0906 0.9791 169
1341847986.1506 -0.4687 -0.1004 0.2447 0.0044 0.1818 0.0906 0.9791 170
1341847986.1506 -0.4687 -0.1004 0.2447 0.0044 0.1818 0.0906 0.9791 171
1341847986.4937 -0.4782 -0.1220 0.2914 0.0135 0.2134 0.1052 0.9712 172
1341847986.4937 -0.4782 -0.1220 0.2914 0.0135 0.2134 0.1052 0.9712 173
1341847986.4937 -0.4782 -0.1220 0.2914 0.0135 0.2134 0.1052 0.9712 174
1341847986.4937 -0.4782 -0.1220 0.2914 0.0135 0.2134 0.1052 0.9712 175
1341847986.4937 -0.4782 -0.1220 0.2914 0.0135 0.2134 0.1052 0.9712 176
1341847986.4937 -0.4782 -0.1220 0.2914 0.0135 0.2134 0.1052 0.9712 177
1341847986.4937 -0.4782 -0.1220 0.2914 0.0135 0.2134 0.1052 0.9712 178
1341847986.4937 -0.4782 -0.1220 0.2914 0.0135 0.2134 0.1052 0.9712 179
1341847986.4937 -0.4782 -0.1220 0.2914 0.0135 0.2134 0.1052 0.9712 180
1341847986.4937 -0.4782 -0.1220 0.2914 0.0135 0.2134 0.1052 0.9712 181
1341847986.4937 -0.4782 -0.1220 0.2914 0.0135 0.2134 0.1052 0.9712 182
1341847986.8618 -0.4845 -0.1451 0.3446 0.0083 0.2345 0.1304 0.9633 183
1341847986.8618 -0.4845 -0.1451 0.3446 0.0083 0.2345 0.1304 0.9633 184
1341847986.8618 -0.4845 -0.1451 0.3446 0.0083 0.2345 0.1304 0.9633 185
1341847986.8618 -0.4845 -0.1451 0.3446 0.0083 0.2345 0.1304 0.9633 186
1341847986.8618 -0.4845 -0.1451 0.3446 0.0083 0.2345 0.1304 0.9633 187
1341847986.8618 -0.4845 -0.1451 0.3446 0.0083 0.2345 0.1304 0.9633 188
1341847986.8618 -0.4845 -0.1451 0.3446 0.0083 0.2345 0.1304 0.9633 189
1341847986.8618 -0.4845 -0.1451 0.3446 0.0083 0.2345 0.1304 0.9633 190
1341847986.8618 -0.4845 -0.1451 0.3446 0.0083 0.2345 0.1304 0.9633 191
1341847986.8618 -0.4845 -0.1451 0.3446 0.0083 0.2345 0.1304 0.9633 192
1341847987.1907 -0.4906 -0.1643 0.3899 -0.0083 0.2571 0.1436 0.9556 193
1341847987.1907 -0.4906 -0.1643 0.3899 -0.0083 0.2571 0.1436 0.9556 194
1341847987.1907 -0.4906 -0.1643 0.3899 -0.0083 0.2571 0.1436 0.9556 195
1341847987.1907 -0.4906 -0.1643 0.3899 -0.0083 0.2571 0.1436 0.9556 196
1341847987.1907 -0.4906 -0.1643 0.3899 -0.0083 0.2571 0.1436 0.9556 197
1341847987.1907 -0.4906 -0.1643 0.3899 -0.0083 0.2571 0.1436 0.9556 198
1341847987.1907 -0.4906 -0.1643 0.3899 -0.0083 0.2571 0.1436 0.9556 199
1341847987.1907 -0.4906 -0.1643 0.3899 -0.0083 0.2571 0.1436 0.9556 200
1341847987.1907 -0.4906 -0.1643 0.3899 -0.0083 0.2571 0.1436 0.9556 201
1341847987.1907 -0.4906 -0.1643 0.3899 -0.0083 0.2571 0.1436 0.9556 202
1341847987.5268 -0.5066 -0.1726 0.4331 0.0063 0.3063 0.1426 0.9412 203
1341847987.5268 -0.5066 -0.1726 0.4331 0.0063 0.3063 0.1426 0.9412 204
1341847987.5268 -0.5066 -0.1726 0.4331 0.0063 0.3063 0.1426 0.9412 205
1341847987.5268 -0.5066 -0.1726 0.4331 0.0063 0.3063 0.1426 0.9412 206
1341847987.5268 -0.5066 -0.1726 0.4331 0.0063 0.3063 0.1426 0.9412 207
1341847987.5268 -0.5066 -0.1726 0.4331 0.0063 0.3063 0.1426 0.9412 208
1341847987.5268 -0.5066 -0.1726 0.4331 0.0063 0.3063 0.1426 0.9412 209
1341847987.5268 -0.5066 -0.1726 0.4331 0.0063 0.3063 0.1426 0.9412 210
1341847987.5268 -0.5066 -0.1726 0.4331 0.0063 0.3063 0.1426 0.9412 211
1341847987.5268 -0.5066 -0.1726 0.4331 0.0063 0.3063 0.1426 0.9412 212
1341847987.8659 -0.5280 -0.1723 0.4804 0.0182 0.3257 0.1708 0.9297 213
1341847987.8659 -0.5280 -0.1723 0.4804 0.0182 0.3257 0.1708 0.9297 214
1341847987.8659 -0.5280 -0.1723 0.4804 0.0182 0.3257 0.1708 0.9297 215
1341847987.8659 -0.5280 -0.1723 0.4804 0.0182 0.3257 0.1708 0.9297 216
1341847987.8659 -0.5280 -0.1723 0.4804 0.0182 0.3257 0.1708 0.9297 217
1341847987.8659 -0.5280 -0.1723 0.4804 0.0182 0.3257 0.1708 0.9297 218
1341847987.8659 -0.5280 -0.1723 0.4804 0.0182 0.3257 0.1708 0.9297 219
1341847987.8659 -0.5280 -0.1723 0.4804 0.0182 0.3257 0.1708 0.9297 220
1341847987.8659 -0.5280 -0.1723 0.4804 0.0182 0.3257 0.1708 0.9297 221
1341847987.8659 -0.5280 -0.1723 0.4804 0.0182 0.3257 0.1708 0.9297 222
1341847988.2017 -0.5479 -0.1794 0.5183 0.0341 0.3330 0.1575 0.9291 223
1341847988.2017 -0.5479 -0.1794 0.5183 0.0341 0.3330 0.1575 0.9291 224
1341847988.2017 -0.5479 -0.1794 0.5183 0.0341 0.3330 0.1575 0.9291 225
1341847988.2017 -0.5479 -0.1794 0.5183 0.0341 0.3330 0.1575 0.9291 226
1341847988.2017 -0.5479 -0.1794 0.5183 0.0341 0.3330 0.1575 0.9291 227
1341847988.2017 -0.5479 -0.1794 0.5183 0.0341 0.3330 0.1575 0.9291 228
1341847988.2017 -0.5479 -0.1794 0.5183 0.0341 0.3330 0.1575 0.9291 229
1341847988.2017 -0.5479 -0.1794 0.5183 0.0341 0.3330 0.1575 0.9291 230
1341847988.2017 -0.5479 -0.1794 0.5183 0.0341 0.3330 0.1575 0.9291 231
1341847988.2017 -0.5479 -0.1794 0.5183 0.0341 0.3330 0.1575 0.9291 232
1341847988.2017 -0.5479 -0.1794 0.5183 0.0341 0.3330 0.1575 0.9291 233
1341847988.5697 -0.5596 -0.1814 0.5495 0.0290 0.3410 0.1784 0.9225 234
1341847988.5697 -0.5596 -0.1814 0.5495 0.0290 0.3410 0.1784 0.9225 235
1341847988.5697 -0.5596 -0.1814 0.5495 0.0290 0.3410 0.1784 0.9225 236
1341847988.5697 -0.5596 -0.1814 0.5495 0.0290 0.3410 0.1784 0.9225 237
1341847988.5697 -0.5596 -0.1814 0.5495 0.0290 0.3410 0.1784 0.9225 238
1341847988.5697 -0.5596 -0.1814 0.5495 0.0290 0.3410 0.1784 0.9225 239
1341847988.5697 -0.5596 -0.1814 0.5495 0.0290 0.3410 0.1784 0.9225 240
1341847988.5697 -0.5596 -0.1814 0.5495 0.0290 0.3410 0.1784 0.9225 241
1341847988.5697 -0.5596 -0.1814 0.5495 0.0290 0.3410 0.1784 0.9225 242
1341847988.5697 -0.5596 -0.1814 0.5495 0.0290 0.3410 0.1784 0.9225 243
1341847988.5697 -0.5596 -0.1814 0.5495 0.0290 0.3410 0.1784 0.9225 244
1341847988.5697 -0.5596 -0.1814 0.5495 0.0290 0.3410 0.1784 0.9225 245
1341847988.9987 -0.5923 -0.1916 0.5667 0.0137 0.3616 0.1931 0.9120 246
1341847988.9987 -0.5923 -0.1916 0.5667 0.0137 0.3616 0.1931 0.9120 247
1341847988.9987 -0.5923 -0.1916 0.5667 0.0137 0.3616 0.1931 0.9120 248
1341847988.9987 -0.5923 -0.1916 0.5667 0.0137 0.3616 0.1931 0.9120 249
1341847988.9987 -0.5923 -0.1916 0.5667 0.0137 0.3616 0.1931 0.9120 250
1341847988.9987 -0.5923 -0.1916 0.5667 0.0137 0.3616 0.1931 0.9120 251
1341847988.9987 -0.5923 -0.1916 0.5667 0.0137 0.3616 0.1931 0.9120 252
1341847988.9987 -0.5923 -0.1916 0.5667 0.0137 0.3616 0.1931 0.9120 253
1341847988.9987 -0.5923 -0.1916 0.5667 0.0137 0.3616 0.1931 0.9120 254
1341847988.9987 -0.5923 -0.1916 0.5667 0.0137 0.3616 0.1931 0.9120 255
1341847989.3349 -0.6334 -0.2102 0.5747 0.0192 0.3550 0.1861 0.9160 256
1341847989.3349 -0.6334 -0.2102 0.5747 0.0192 0.3550 0.1861 0.9160 257
1341847989.3349 -0.6334 -0.2102 0.5747 0.0192 0.3550 0.1861 0.9160 258
1341847989.3349 -0.6334 -0.2102 0.5747 0.0192 0.3550 0.1861 0.9160 259
1341847989.3349 -0.6334 -0.2102 0.5747 0.0192 0.3550 0.1861 0.9160 260
1341847989.3349 -0.6334 -0.2102 0.5747 0.0192 0.3550 0.1861 0.9160 261
1341847989.3349 -0.6334 -0.2102 0.5747 0.0192 0.3550 0.1861 0.9160 262
1341847989.3349 -0.6334 -0.2102 0.5747 0.0192 0.3550 0.1861 0.9160 263
1341847989.3349 -0.6334 -0.2102 0.5747 0.0192 0.3550 0.1861 0.9160 264
1341847989.3349 -0.6334 -0.2102 0.5747 0.0192 0.3550 0.1861 0.9160 265
1341847989.6706 -0.6671 -0.2284 0.5772 0.0070 0.3648 0.1662 0.9161 266
1341847989.6706 -0.6671 -0.2284 0.5772 0.0070 0.3648 0.1662 0.9161 267
1341847989.6706 -0.6671 -0.2284 0.5772 0.0070 0.3648 0.1662 0.9161 268
1341847989.6706 -0.6671 -0.2284 0.5772 0.0070 0.3648 0.1662 0.9161 269
1341847989.6706 -0.6671 -0.2284 0.5772 0.0070 0.3648 0.1662 0.9161 270
1341847989.6706 -0.6671 -0.2284 0.5772 0.0070 0.3648 0.1662 0.9161 271
1341847989.6706 -0.6671 -0.2284 0.5772 0.0070 0.3648 0.1662 0.9161 272
1341847989.6706 -0.6671 -0.2284 0.5772 0.0070 0.3648 0.1662 0.9161 273
1341847989.6706 -0.6671 -0.2284 0.5772 0.0070 0.3648 0.1662 0.9161 274
1341847989.6706 -0.6671 -0.2284 0.5772 0.0070 0.3648 0.1662 0.9161 275
1341847989.6706 -0.6671 -0.2284 0.5772 0.0070 0.3648 0.1662 0.9161 276
1341847990.0390 -0.7149 -0.2386 0.5829 0.0081 0.3809 0.1699 0.9088 277
1341847990.0390 -0.7149 -0.2386 0.5829 0.0081 0.3809 0.1699 0.9088 278
1341847990.0390 -0.7149 -0.2386 0.5829 0.0081 0.3809 0.1699 0.9088 279
1341847990.0390 -0.7149 -0.2386 0.5829 0.0081 0.3809 0.1699 0.9088 280
1341847990.0390 -0.7149 -0.2386 0.5829 0.0081 0.3809 0.1699 0.9088 281
1341847990.0390 -0.7149 -0.2386 0.5829 0.0081 0.3809 0.1699 0.9088 282
1341847990.0390 -0.7149 -0.2386 0.5829 0.0081 0.3809 0.1699 0.9088 283
1341847990.0390 -0.7149 -0.2386 0.5829 0.0081 0.3809 0.1699 0.9088 284
1341847990.0390 -0.7149 -0.2386 0.5829 0.0081 0.3809 0.1699 0.9088 285
1341847990.0390 -0.7149 -0.2386 0.5829 0.0081 0.3809 0.1699 0.9088 286
1341847990.0390 -0.7149 -0.2386 0.5829 0.0081 0.3809 0.1699 0.9088 287
1341847990.4068 -0.7706 -0.2482 0.5859 0.0159 0.3767 0.1747 0.9096 288
1341847990.4068 -0.7706 -0.2482 0.5859 0.0159 0.3767 0.1747 0.9096 289
1341847990.4068 -0.7706 -0.2482 0.5859 0.0159 0.3767 0.1747 0.9096 290
1341847990.4068 -0.7706 -0.2482 0.5859 0.0159 0.3767 0.1747 0.9096 291
1341847990.4068 -0.7706 -0.2482 0.5859 0.0159 0.3767 0.1747 0.9096 292
1341847990.4068 -0.7706 -0.2482 0.5859 0.0159 0.3767 0.1747 0.9096 293
1341847990.4068 -0.7706 -0.2482 0.5859 0.0159 0.3767 0.1747 0.9096 294
1341847990.4068 -0.7706 -0.2482 0.5859 0.0159 0.3767 0.1747 0.9096 295
1341847990.4068 -0.7706 -0.2482 0.5859 0.0159 0.3767 0.1747 0.9096 296
1341847990.7108 -0.8026 -0.2527 0.5912 0.0118 0.3813 0.1901 0.9046 297
1341847990.7108 -0.8026 -0.2527 0.5912 0.0118 0.3813 0.1901 0.9046 298
1341847990.7108 -0.8026 -0.2527 0.5912 0.0118 0.3813 0.1901 0.9046 299
1341847990.7108 -0.8026 -0.2527 0.5912 0.0118 0.3813 0.1901 0.9046 300
1341847990.7108 -0.8026 -0.2527 0.5912 0.0118 0.3813 0.1901 0.9046 301
1341847990.7108 -0.8026 -0.2527 0.5912 0.0118 0.3813 0.1901 0.9046 302
1341847990.7108 -0.8026 -0.2527 0.5912 0.0118 0.3813 0.1901 0.9046 303
1341847990.7108 -0.8026 -0.2527 0.5912 0.0118 0.3813 0.1901 0.9046 304
1341847990.7108 -0.8026 -0.2527 0.5912 0.0118 0.3813 0.1901 0.9046 305
1341847990.7108 -0.8026 -0.2527 0.5912 0.0118 0.3813 0.1901 0.9046 306
1341847991.0428 -0.8315 -0.2639 0.6070 0.0091 0.3999 0.2014 0.8941 307
1341847991.0428 -0.8315 -0.2639 0.6070 0.0091 0.3999 0.2014 0.8941 308
1341847991.0428 -0.8315 -0.2639 0.6070 0.0091 0.3999 0.2014 0.8941 309
1341847991.0428 -0.8315 -0.2639 0.6070 0.0091 0.3999 0.2014 0.8941 310
1341847991.0428 -0.8315 -0.2639 0.6070 0.0091 0.3999 0.2014 0.8941 311
1341847991.0428 -0.8315 -0.2639 0.6070 0.0091 0.3999 0.2014 0.8941 312
1341847991.0428 -0.8315 -0.2639 0.6070 0.0091 0.3999 0.2014 0.8941 313
1341847991.0428 -0.8315 -0.2639 0.6070 0.0091 0.3999 0.2014 0.8941 314
1341847991.0428 -0.8315 -0.2639 0.6070 0.0091 0.3999 0.2014 0.8941 315
1341847991.0428 -0.8315 -0.2639 0.6070 0.0091 0.3999 0.2014 0.8941 316
1341847991.3788 -0.8627 -0.2768 0.6288 0.0200 0.4122 0.2201 0.8839 317
1341847991.3788 -0.8627 -0.2768 0.6288 0.0200 0.4122 0.2201 0.8839 318
1341847991.3788 -0.8627 -0.2768 0.6288 0.0200 0.4122 0.2201 0.8839 319
1341847991.3788 -0.8627 -0.2768 0.6288 0.0200 0.4122 0.2201 0.8839 320
1341847991.3788 -0.8627 -0.2768 0.6288 0.0200 0.4122 0.2201 0.8839 321
1341847991.3788 -0.8627 -0.2768 0.6288 0.0200 0.4122 0.2201 0.8839 322
1341847991.3788 -0.8627 -0.2768 0.6288 0.0200 0.4122 0.2201 0.8839 323
1341847991.3788 -0.8627 -0.2768 0.6288 0.0200 0.4122 0.2201 0.8839 324
1341847991.3788 -0.8627 -0.2768 0.6288 0.0200 0.4122 0.2201 0.8839 325
1341847991.3788 -0.8627 -0.2768 0.6288 0.0200 0.4122 0.2201 0.8839 326
1341847991.7147 -0.8795 -0.2937 0.6490 0.0158 0.4396 0.2472 0.8634 327
1341847991.7147 -0.8795 -0.2937 0.6490 0.0158 0.4396 0.2472 0.8634 328
1341847991.7147 -0.8795 -0.2937 0.6490 0.0158 0.4396 0.2472 0.8634 329
1341847991.7147 -0.8795 -0.2937 0.6490 0.0158 0.4396 0.2472 0.8634 330
1341847991.7147 -0.8795 -0.2937 0.6490 0.0158 0.4396 0.2472 0.8634 331
1341847991.7147 -0.8795 -0.2937 0.6490 0.0158 0.4396 0.2472 0.8634 332
1341847991.7147 -0.8795 -0.2937 0.6490 0.0158 0.4396 0.2472 0.8634 333
1341847991.7147 -0.8795 -0.2937 0.6490 0.0158 0.4396 0.2472 0.8634 334
1341847991.7147 -0.8795 -0.2937 0.6490 0.0158 0.4396 0.2472 0.8634 335
1341847991.7147 -0.8795 -0.2937 0.6490 0.0158 0.4396 0.2472 0.8634 336
1341847992.0506 -0.8961 -0.3135 0.6666 0.0112 0.4702 0.2520 0.8458 337
1341847992.0506 -0.8961 -0.3135 0.6666 0.0112 0.4702 0.2520 0.8458 338
1341847992.0506 -0.8961 -0.3135 0.6666 0.0112 0.4702 0.2520 0.8458 339
1341847992.0506 -0.8961 -0.3135 0.6666 0.0112 0.4702 0.2520 0.8458 340
1341847992.0506 -0.8961 -0.3135 0.6666 0.0112 0.4702 0.2520 0.8458 341
1341847992.0506 -0.8961 -0.3135 0.6666 0.0112 0.4702 0.2520 0.8458 342
1341847992.0506 -0.8961 -0.3135 0.6666 0.0112 0.4702 0.2520 0.8458 343
1341847992.0506 -0.8961 -0.3135 0.6666 0.0112 0.4702 0.2520 0.8458 344
1341847992.0506 -0.8961 -0.3135 0.6666 0.0112 0.4702 0.2520 0.8458 345
1341847992.0506 -0.8961 -0.3135 0.6666 0.0112 0.4702 0.2520 0.8458 346
1341847992.3829 -0.9232 -0.3313 0.6969 0.0124 0.4960 0.2588 0.8288 347
1341847992.3829 -0.9232 -0.3313 0.6969 0.0124 0.4960 0.2588 0.8288 348
1341847992.3829 -0.9232 -0.3313 0.6969 0.0124 0.4960 0.2588 0.8288 349
1341847992.4867 -0.9347 -0.3366 0.7038 0.0159 0.5023 0.2670 0.8223 350
1341847992.4867 -0.9347 -0.3366 0.7038 0.0159 0.5023 0.2670 0.8223 351
1341847992.4867 -0.9347 -0.3366 0.7038 0.0159 0.5023 0.2670 0.8223 352
1341847992.4867 -0.9347 -0.3366 0.7038 0.0159 0.5023 0.2670 0.8223 353
1341847992.4867 -0.9347 -0.3366 0.7038 0.0159 0.5023 0.2670 0.8223 354
1341847992.4867 -0.9347 -0.3366 0.7038 0.0159 0.5023 0.2670 0.8223 355
1341847992.4867 -0.9347 -0.3366 0.7038 0.0159 0.5023 0.2670 0.8223 356
1341847992.4867 -0.9347 -0.3366 0.7038 0.0159 0.5023 0.2670 0.8223 357
1341847992.4867 -0.9347 -0.3366 0.7038 0.0159 0.5023 0.2670 0.8223 358
1341847992.4867 -0.9347 -0.3366 0.7038 0.0159 0.5023 0.2670 0.8223 359
1341847992.8187 -0.9701 -0.3556 0.7346 0.0140 0.5169 0.2749 0.8106 360
1341847992.8187 -0.9701 -0.3556 0.7346 0.0140 0.5169 0.2749 0.8106 361
1341847992.8187 -0.9701 -0.3556 0.7346 0.0140 0.5169 0.2749 0.8106 362
1341847992.8187 -0.9701 -0.3556 0.7346 0.0140 0.5169 0.2749 0.8106 363
1341847992.8187 -0.9701 -0.3556 0.7346 0.0140 0.5169 0.2749 0.8106 364
1341847992.8187 -0.9701 -0.3556 0.7346 0.0140 0.5169 0.2749 0.8106 365
1341847992.8187 -0.9701 -0.3556 0.7346 0.0140 0.5169 0.2749 0.8106 366
1341847992.8187 -0.9701 -0.3556 0.7346 0.0140 0.5169 0.2749 0.8106 367
1341847992.8187 -0.9701 -0.3556 0.7346 0.0140 0.5169 0.2749 0.8106 368
1341847992.8187 -0.9701 -0.3556 0.7346 0.0140 0.5169 0.2749 0.8106 369
1341847993.1547 -0.9877 -0.3702 0.7658 0.0027 0.5311 0.2794 0.7999 370
1341847993.1547 -0.9877 -0.3702 0.7658 0.0027 0.5311 0.2794 0.7999 371
1341847993.1547 -0.9877 -0.3702 0.7658 0.0027 0.5311 0.2794 0.7999 372
1341847993.1547 -0.9877 -0.3702 0.7658 0.0027 0.5311 0.2794 0.7999 373
1341847993.1547 -0.9877 -0.3702 0.7658 0.0027 0.5311 0.2794 0.7999 374
1341847993.1547 -0.9877 -0.3702 0.7658 0.0027 0.5311 0.2794 0.7999 375
1341847993.1547 -0.9877 -0.3702 0.7658 0.0027 0.5311 0.2794 0.7999 376
1341847993.1547 -0.9877 -0.3702 0.7658 0.0027 0.5311 0.2794 0.7999 377
1341847993.1547 -0.9877 -0.3702 0.7658 0.0027 0.5311 0.2794 0.7999 378
1341847993.1547 -0.9877 -0.3702 0.7658 0.0027 0.5311 0.2794 0.7999 379
1341847993.4907 -1.0002 -0.3880 0.8018 0.0151 0.5521 0.2905 0.7814 380
1341847993.4907 -1.0002 -0.3880 0.8018 0.0151 0.5521 0.2905 0.7814 381
1341847993.4907 -1.0002 -0.3880 0.8018 0.0151 0.5521 0.2905 0.7814 382
1341847993.4907 -1.0002 -0.3880 0.8018 0.0151 0.5521 0.2905 0.7814 383
1341847993.4907 -1.0002 -0.3880 0.8018 0.0151 0.5521 0.2905 0.7814 384
1341847993.4907 -1.0002 -0.3880 0.8018 0.0151 0.5521 0.2905 0.7814 385
1341847993.4907 -1.0002 -0.3880 0.8018 0.0151 0.5521 0.2905 0.7814 386
1341847993.4907 -1.0002 -0.3880 0.8018 0.0151 0.5521 0.2905 0.7814 387
1341847993.4907 -1.0002 -0.3880 0.8018 0.0151 0.5521 0.2905 0.7814 388
1341847993.4907 -1.0002 -0.3880 0.8018 0.0151 0.5521 0.2905 0.7814 389
1341847993.8267 -1.0088 -0.4079 0.8440 0.0003 0.5615 0.3063 0.7687 390
1341847993.8267 -1.0088 -0.4079 0.8440 0.0003 0.5615 0.3063 0.7687 391
1341847993.8267 -1.0088 -0.4079 0.8440 0.0003 0.5615 0.3063 0.7687 392
1341847993.8267 -1.0088 -0.4079 0.8440 0.0003 0.5615 0.3063 0.7687 393
1341847993.8267 -1.0088 -0.4079 0.8440 0.0003 0.5615 0.3063 0.7687 394
1341847993.8267 -1.0088 -0.4079 0.8440 0.0003 0.5615 0.3063 0.7687 395
1341847993.8267 -1.0088 -0.4079 0.8440 0.0003 0.5615 0.3063 0.7687 396
1341847993.8267 -1.0088 -0.4079 0.8440 0.0003 0.5615 0.3063 0.7687 397
1341847993.8267 -1.0088 -0.4079 0.8440 0.0003 0.5615 0.3063 0.7687 398
1341847993.8267 -1.0088 -0.4079 0.8440 0.0003 0.5615 0.3063 0.7687 399
1341847994.1697 -1.0126 -0.4343 0.8741 -0.0031 0.5812 0.3040 0.7548 400
1341847994.1697 -1.0126 -0.4343 0.8741 -0.0031 0.5812 0.3040 0.7548 401
1341847994.1697 -1.0126 -0.4343 0.8741 -0.0031 0.5812 0.3040 0.7548 402
1341847994.1697 -1.0126 -0.4343 0.8741 -0.0031 0.5812 0.3040 0.7548 403
1341847994.1697 -1.0126 -0.4343 0.8741 -0.0031 0.5812 0.3040 0.7548 404
1341847994.1697 -1.0126 -0.4343 0.8741 -0.0031 0.5812 0.3040 0.7548 405
1341847994.1697 -1.0126 -0.4343 0.8741 -0.0031 0.5812 0.3040 0.7548 406
1341847994.1697 -1.0126 -0.4343 0.8741 -0.0031 0.5812 0.3040 0.7548 407
1341847994.1697 -1.0126 -0.4343 0.8741 -0.0031 0.5812 0.3040 0.7548 408
1341847994.1697 -1.0126 -0.4343 0.8741 -0.0031 0.5812 0.3040 0.7548 409
1341847994.5017 -1.0315 -0.4605 0.9089 0.0183 0.6002 0.3118 0.7363 410
1341847994.5017 -1.0315 -0.4605 0.9089 0.0183 0.6002 0.3118 0.7363 411
1341847994.5017 -1.0315 -0.4605 0.9089 0.0183 0.6002 0.3118 0.7363 412
1341847994.5017 -1.0315 -0.4605 0.9089 0.0183 0.6002 0.3118 0.7363 413
1341847994.5017 -1.0315 -0.4605 0.9089 0.0183 0.6002 0.3118 0.7363 414
1341847994.5017 -1.0315 -0.4605 0.9089 0.0183 0.6002 0.3118 0.7363 415
1341847994.5017 -1.0315 -0.4605 0.9089 0.0183 0.6002 0.3118 0.7363 416
1341847994.5017 -1.0315 -0.4605 0.9089 0.0183 0.6002 0.3118 0.7363 417
1341847994.5017 -1.0315 -0.4605 0.9089 0.0183 0.6002 0.3118 0.7363 418
1341847994.8313 -1.0497 -0.4823 0.9543 0.0095 0.6171 0.3277 0.7153 419
1341847994.8313 -1.0497 -0.4823 0.9543 0.0095 0.6171 0.3277 0.7153 420
1341847994.8987 -1.0540 -0.4875 0.9609 0.0081 0.6170 0.3343 0.7124 421
1341847994.8987 -1.0540 -0.4875 0.9609 0.0081 0.6170 0.3343 0.7124 422
1341847994.8987 -1.0540 -0.4875 0.9609 0.0081 0.6170 0.3343 0.7124 423
1341847994.8987 -1.0540 -0.4875 0.9609 0.0081 0.6170 0.3343 0.7124 424
1341847994.8987 -1.0540 -0.4875 0.9609 0.0081 0.6170 0.3343 0.7124 425
1341847994.8987 -1.0540 -0.4875 0.9609 0.0081 0.6170 0.3343 0.7124 426
1341847995.0987 -1.0547 -0.4966 0.9828 0.0065 0.6326 0.3413 0.6953 427
1341847995.0987 -1.0547 -0.4966 0.9828 0.0065 0.6326 0.3413 0.6953 428
1341847995.0987 -1.0547 -0.4966 0.9828 0.0065 0.6326 0.3413 0.6953 429
1341847995.0987 -1.0547 -0.4966 0.9828 0.0065 0.6326 0.3413 0.6953 430
1341847995.0987 -1.0547 -0.4966 0.9828 0.0065 0.6326 0.3413 0.6953 431
1341847995.0987 -1.0547 -0.4966 0.9828 0.0065 0.6326 0.3413 0.6953 432
1341847995.0987 -1.0547 -0.4966 0.9828 0.0065 0.6326 0.3413 0.6953 433
1341847995.0987 -1.0547 -0.4966 0.9828 0.0065 0.6326 0.3413 0.6953 434
1341847995.0987 -1.0547 -0.4966 0.9828 0.0065 0.6326 0.3413 0.6953 435
1341847995.0987 -1.0547 -0.4966 0.9828 0.0065 0.6326 0.3413 0.6953 436
1341847995.4347 -1.0594 -0.5149 1.0132 0.0100 0.6532 0.3464 0.6733 437
1341847995.4347 -1.0594 -0.5149 1.0132 0.0100 0.6532 0.3464 0.6733 438
1341847995.4347 -1.0594 -0.5149 1.0132 0.0100 0.6532 0.3464 0.6733 439
1341847995.4347 -1.0594 -0.5149 1.0132 0.0100 0.6532 0.3464 0.6733 440
1341847995.4347 -1.0594 -0.5149 1.0132 0.0100 0.6532 0.3464 0.6733 441
1341847995.4347 -1.0594 -0.5149 1.0132 0.0100 0.6532 0.3464 0.6733 442
1341847995.4347 -1.0594 -0.5149 1.0132 0.0100 0.6532 0.3464 0.6733 443
1341847995.6708 -1.0581 -0.5259 1.0369 0.0153 0.6522 0.3623 0.6657 444
1341847995.6708 -1.0581 -0.5259 1.0369 0.0153 0.6522 0.3623 0.6657 445
1341847995.6708 -1.0581 -0.5259 1.0369 0.0153 0.6522 0.3623 0.6657 446
1341847995.6708 -1.0581 -0.5259 1.0369 0.0153 0.6522 0.3623 0.6657 447
1341847995.6708 -1.0581 -0.5259 1.0369 0.0153 0.6522 0.3623 0.6657 448
1341847995.6708 -1.0581 -0.5259 1.0369 0.0153 0.6522 0.3623 0.6657 449
1341847995.6708 -1.0581 -0.5259 1.0369 0.0153 0.6522 0.3623 0.6657 450
1341847995.6708 -1.0581 -0.5259 1.0369 0.0153 0.6522 0.3623 0.6657 451
1341847995.6708 -1.0581 -0.5259 1.0369 0.0153 0.6522 0.3623 0.6657 452
1341847995.6708 -1.0581 -0.5259 1.0369 0.0153 0.6522 0.3623 0.6657 453
1341847996.0027 -1.0540 -0.5374 1.0613 0.0106 0.6640 0.3713 0.6490 454
1341847996.0027 -1.0540 -0.5374 1.0613 0.0106 0.6640 0.3713 0.6490 455
1341847996.0027 -1.0540 -0.5374 1.0613 0.0106 0.6640 0.3713 0.6490 456
1341847996.0027 -1.0540 -0.5374 1.0613 0.0106 0.6640 0.3713 0.6490 457
1341847996.0027 -1.0540 -0.5374 1.0613 0.0106 0.6640 0.3713 0.6490 458
1341847996.0027 -1.0540 -0.5374 1.0613 0.0106 0.6640 0.3713 0.6490 459
1341847996.0027 -1.0540 -0.5374 1.0613 0.0106 0.6640 0.3713 0.6490 460
1341847996.0027 -1.0540 -0.5374 1.0613 0.0106 0.6640 0.3713 0.6490 461
1341847996.0027 -1.0540 -0.5374 1.0613 0.0106 0.6640 0.3713 0.6490 462
1341847996.0027 -1.0540 -0.5374 1.0613 0.0106 0.6640 0.3713 0.6490 463
1341847996.3389 -1.0535 -0.5471 1.0746 0.0147 0.6833 0.3717 0.6282 464
1341847996.3389 -1.0535 -0.5471 1.0746 0.0147 0.6833 0.3717 0.6282 465
1341847996.3389 -1.0535 -0.5471 1.0746 0.0147 0.6833 0.3717 0.6282 466
1341847996.3389 -1.0535 -0.5471 1.0746 0.0147 0.6833 0.3717 0.6282 467
1341847996.3389 -1.0535 -0.5471 1.0746 0.0147 0.6833 0.3717 0.6282 468
1341847996.5067 -1.0549 -0.5532 1.0844 0.0192 0.6923 0.3765 0.6152 469
1341847996.5067 -1.0549 -0.5532 1.0844 0.0192 0.6923 0.3765 0.6152 470
1341847996.5067 -1.0549 -0.5532 1.0844 0.0192 0.6923 0.3765 0.6152 471
1341847996.5067 -1.0549 -0.5532 1.0844 0.0192 0.6923 0.3765 0.6152 472
1341847996.5067 -1.0549 -0.5532 1.0844 0.0192 0.6923 0.3765 0.6152 473
1341847996.5067 -1.0549 -0.5532 1.0844 0.0192 0.6923 0.3765 0.6152 474
1341847996.5067 -1.0549 -0.5532 1.0844 0.0192 0.6923 0.3765 0.6152 475
1341847996.5067 -1.0549 -0.5532 1.0844 0.0192 0.6923 0.3765 0.6152 476
1341847996.5067 -1.0549 -0.5532 1.0844 0.0192 0.6923 0.3765 0.6152 477
1341847996.5067 -1.0549 -0.5532 1.0844 0.0192 0.6923 0.3765 0.6152 478
1341847996.8428 -1.0659 -0.5615 1.1142 0.0076 0.7061 0.3878 0.5925 479
1341847996.8428 -1.0659 -0.5615 1.1142 0.0076 0.7061 0.3878 0.5925 480
1341847996.8428 -1.0659 -0.5615 1.1142 0.0076 0.7061 0.3878 0.5925 481
1341847996.8428 -1.0659 -0.5615 1.1142 0.0076 0.7061 0.3878 0.5925 482
1341847996.8428 -1.0659 -0.5615 1.1142 0.0076 0.7061 0.3878 0.5925 483
1341847996.8428 -1.0659 -0.5615 1.1142 0.0076 0.7061 0.3878 0.5925 484
1341847997.0427 -1.0677 -0.5767 1.1376 0.0145 0.7096 0.3919 0.5854 485
1341847997.0427 -1.0677 -0.5767 1.1376 0.0145 0.7096 0.3919 0.5854 486
1341847997.0427 -1.0677 -0.5767 1.1376 0.0145 0.7096 0.3919 0.5854 487
1341847997.0427 -1.0677 -0.5767 1.1376 0.0145 0.7096 0.3919 0.5854 488
1341847997.0427 -1.0677 -0.5767 1.1376 0.0145 0.7096 0.3919 0.5854 489
1341847997.0427 -1.0677 -0.5767 1.1376 0.0145 0.7096 0.3919 0.5854 490
1341847997.0427 -1.0677 -0.5767 1.1376 0.0145 0.7096 0.3919 0.5854 491
1341847997.0427 -1.0677 -0.5767 1.1376 0.0145 0.7096 0.3919 0.5854 492
1341847997.0427 -1.0677 -0.5767 1.1376 0.0145 0.7096 0.3919 0.5854 493
1341847997.0427 -1.0677 -0.5767 1.1376 0.0145 0.7096 0.3919 0.5854 494
1341847997.3787 -1.0727 -0.5986 1.1782 0.0099 0.7157 0.3870 0.5813 495
1341847997.3787 -1.0727 -0.5986 1.1782 0.0099 0.7157 0.3870 0.5813 496
1341847997.4467 -1.0691 -0.6028 1.1840 0.0100 0.7201 0.3850 0.5773 497
1341847997.4467 -1.0691 -0.6028 1.1840 0.0100 0.7201 0.3850 0.5773 498
1341847997.4467 -1.0691 -0.6028 1.1840 0.0100 0.7201 0.3850 0.5773 499
1341847997.4467 -1.0691 -0.6028 1.1840 0.0100 0.7201 0.3850 0.5773 500
1341847997.5787 -1.0664 -0.6129 1.1965 0.0095 0.7295 0.3822 0.5672 501
1341847997.5787 -1.0664 -0.6129 1.1965 0.0095 0.7295 0.3822 0.5672 502
1341847997.5787 -1.0664 -0.6129 1.1965 0.0095 0.7295 0.3822 0.5672 503
1341847997.5787 -1.0664 -0.6129 1.1965 0.0095 0.7295 0.3822 0.5672 504
1341847997.5787 -1.0664 -0.6129 1.1965 0.0095 0.7295 0.3822 0.5672 505
1341847997.5787 -1.0664 -0.6129 1.1965 0.0095 0.7295 0.3822 0.5672 506
1341847997.7787 -1.0541 -0.6281 1.2223 0.0130 0.7431 0.3734 0.5552 507
1341847997.7787 -1.0541 -0.6281 1.2223 0.0130 0.7431 0.3734 0.5552 508
1341847997.7787 -1.0541 -0.6281 1.2223 0.0130 0.7431 0.3734 0.5552 509
1341847997.7787 -1.0541 -0.6281 1.2223 0.0130 0.7431 0.3734 0.5552 510
1341847997.7787 -1.0541 -0.6281 1.2223 0.0130 0.7431 0.3734 0.5552 511
1341847997.9470 -1.0432 -0.6401 1.2443 0.0214 0.7474 0.3799 0.5446 512
1341847997.9470 -1.0432 -0.6401 1.2443 0.0214 0.7474 0.3799 0.5446 513
1341847997.9470 -1.0432 -0.6401 1.2443 0.0214 0.7474 0.3799 0.5446 514
1341847997.9470 -1.0432 -0.6401 1.2443 0.0214 0.7474 0.3799 0.5446 515
1341847997.9470 -1.0432 -0.6401 1.2443 0.0214 0.7474 0.3799 0.5446 516
1341847998.1223 -1.0338 -0.6542 1.2647 0.0276 0.7454 0.3867 0.5423 517
1341847998.1223 -1.0338 -0.6542 1.2647 0.0276 0.7454 0.3867 0.5423 518
1341847998.1857 -1.0283 -0.6575 1.2709 0.0250 0.7439 0.3879 0.5437 519
1341847998.1857 -1.0283 -0.6575 1.2709 0.0250 0.7439 0.3879 0.5437 520
1341847998.1857 -1.0283 -0.6575 1.2709 0.0250 0.7439 0.3879 0.5437 521
1341847998.1857 -1.0283 -0.6575 1.2709 0.0250 0.7439 0.3879 0.5437 522
1341847998.3512 -1.0203 -0.6699 1.2903 0.0195 0.7417 0.3856 0.5485 523
1341847998.3827 -1.0176 -0.6727 1.2947 0.0182 0.7403 0.3854 0.5505 524
1341847998.3827 -1.0176 -0.6727 1.2947 0.0182 0.7403 0.3854 0.5505 525
1341847998.4508 -1.0146 -0.6760 1.3027 0.0124 0.7395 0.3831 0.5533 526
1341847998.4840 -1.0127 -0.6781 1.3075 0.0110 0.7381 0.3833 0.5551 527
1341847998.4840 -1.0127 -0.6781 1.3075 0.0110 0.7381 0.3833 0.5551 528
1341847998.5507 -1.0108 -0.6821 1.3157 0.0062 0.7364 0.3821 0.5583 529
1341847998.5507 -1.0108 -0.6821 1.3157 0.0062 0.7364 0.3821 0.5583 530
1341847998.5507 -1.0108 -0.6821 1.3157 0.0062 0.7364 0.3821 0.5583 531
1341847998.6507 -1.0090 -0.6888 1.3310 0.0008 0.7361 0.3813 0.5593 532
1341847998.6507 -1.0090 -0.6888 1.3310 0.0008 0.7361 0.3813 0.5593 533
1341847998.6507 -1.0090 -0.6888 1.3310 0.0008 0.7361 0.3813 0.5593 534
1341847998.6507 -1.0090 -0.6888 1.3310 0.0008 0.7361 0.3813 0.5593 535
1341847998.6507 -1.0090 -0.6888 1.3310 0.0008 0.7361 0.3813 0.5593 536
1341847998.8188 -1.0032 -0.6994 1.3545 -0.0000 0.7373 0.3848 0.5553 537
1341847998.8188 -1.0032 -0.6994 1.3545 -0.0000 0.7373 0.3848 0.5553 538
1341847998.8188 -1.0032 -0.6994 1.3545 -0.0000 0.7373 0.3848 0.5553 539
1341847998.9187 -1.0033 -0.7073 1.3705 -0.0008 0.7375 0.3888 0.5522 540
1341847998.9187 -1.0033 -0.7073 1.3705 -0.0008 0.7375 0.3888 0.5522 541
1341847998.9867 -0.9989 -0.7090 1.3794 -0.0023 0.7351 0.3941 0.5517 542
1341847998.9867 -0.9989 -0.7090 1.3794 -0.0023 0.7351 0.3941 0.5517 543
1341847998.9867 -0.9989 -0.7090 1.3794 -0.0023 0.7351 0.3941 0.5517 544
1341847999.0868 -0.9975 -0.7129 1.3956 -0.0050 0.7347 0.3975 0.5498 545
1341847999.0868 -0.9975 -0.7129 1.3956 -0.0050 0.7347 0.3975 0.5498 546
1341847999.0868 -0.9975 -0.7129 1.3956 -0.0050 0.7347 0.3975 0.5498 547
1341847999.0868 -0.9975 -0.7129 1.3956 -0.0050 0.7347 0.3975 0.5498 548
1341847999.0868 -0.9975 -0.7129 1.3956 -0.0050 0.7347 0.3975 0.5498 549
1341847999.0868 -0.9975 -0.7129 1.3956 -0.0050 0.7347 0.3975 0.5498 550
1341847999.0868 -0.9975 -0.7129 1.3956 -0.0050 0.7347 0.3975 0.5498 551
1341847999.0868 -0.9975 -0.7129 1.3956 -0.0050 0.7347 0.3975 0.5498 552
1341847999.0868 -0.9975 -0.7129 1.3956 -0.0050 0.7347 0.3975 0.5498 553
1341847999.3908 -0.9838 -0.7271 1.4271 0.0089 0.7523 0.4017 0.5221 554
1341847999.3908 -0.9838 -0.7271 1.4271 0.0089 0.7523 0.4017 0.5221 555
1341847999.4549 -0.9800 -0.7299 1.4304 0.0109 0.7576 0.4010 0.5148 556
1341847999.4549 -0.9800 -0.7299 1.4304 0.0109 0.7576 0.4010 0.5148 557
1341847999.4549 -0.9800 -0.7299 1.4304 0.0109 0.7576 0.4010 0.5148 558
1341847999.5589 -0.9728 -0.7339 1.4366 0.0204 0.7669 0.4076 0.4953 559
1341847999.5589 -0.9728 -0.7339 1.4366 0.0204 0.7669 0.4076 0.4953 560
1341847999.5589 -0.9728 -0.7339 1.4366 0.0204 0.7669 0.4076 0.4953 561
1341847999.6588 -0.9638 -0.7367 1.4427 0.0229 0.7739 0.4108 0.4814 562
1341847999.6588 -0.9638 -0.7367 1.4427 0.0229 0.7739 0.4108 0.4814 563
1341847999.6588 -0.9638 -0.7367 1.4427 0.0229 0.7739 0.4108 0.4814 564
1341847999.6588 -0.9638 -0.7367 1.4427 0.0229 0.7739 0.4108 0.4814 565
1341847999.6588 -0.9638 -0.7367 1.4427 0.0229 0.7739 0.4108 0.4814 566
1341847999.8267 -0.9468 -0.7407 1.4547 0.0273 0.7854 0.4125 0.4607 567
1341847999.8267 -0.9468 -0.7407 1.4547 0.0273 0.7854 0.4125 0.4607 568
1341847999.8267 -0.9468 -0.7407 1.4547 0.0273 0.7854 0.4125 0.4607 569
1341847999.9271 -0.9351 -0.7396 1.4597 0.0321 0.7893 0.4243 0.4427 570
1341847999.9271 -0.9351 -0.7396 1.4597 0.0321 0.7893 0.4243 0.4427 571
1341847999.9908 -0.9264 -0.7401 1.4618 0.0319 0.7905 0.4341 0.4309 572
1341847999.9908 -0.9264 -0.7401 1.4618 0.0319 0.7905 0.4341 0.4309 573
1341847999.9908 -0.9264 -0.7401 1.4618 0.0319 0.7905 0.4341 0.4309 574
1341848000.0948 -0.9170 -0.7399 1.4651 0.0292 0.7921 0.4440 0.4179 575
1341848000.0948 -0.9170 -0.7399 1.4651 0.0292 0.7921 0.4440 0.4179 576
1341848000.0948 -0.9170 -0.7399 1.4651 0.0292 0.7921 0.4440 0.4179 577
1341848000.0948 -0.9170 -0.7399 1.4651 0.0292 0.7921 0.4440 0.4179 578
1341848000.0948 -0.9170 -0.7399 1.4651 0.0292 0.7921 0.4440 0.4179 579
1341848000.2670 -0.8996 -0.7361 1.4673 0.0208 0.7951 0.4580 0.3970 580
1341848000.2670 -0.8996 -0.7361 1.4673 0.0208 0.7951 0.4580 0.3970 581
1341848000.2670 -0.8996 -0.7361 1.4673 0.0208 0.7951 0.4580 0.3970 582
1341848000.3627 -0.8893 -0.7351 1.4691 0.0189 0.7956 0.4656 0.3872 583
1341848000.3627 -0.8893 -0.7351 1.4691 0.0189 0.7956 0.4656 0.3872 584
1341848000.3627 -0.8893 -0.7351 1.4691 0.0189 0.7956 0.4656 0.3872 585
1341848000.3627 -0.8893 -0.7351 1.4691 0.0189 0.7956 0.4656 0.3872 586
1341848000.3627 -0.8893 -0.7351 1.4691 0.0189 0.7956 0.4656 0.3872 587
1341848000.3627 -0.8893 -0.7351 1.4691 0.0189 0.7956 0.4656 0.3872 588
1341848000.3627 -0.8893 -0.7351 1.4691 0.0189 0.7956 0.4656 0.3872 589
1341848000.3627 -0.8893 -0.7351 1.4691 0.0189 0.7956 0.4656 0.3872 590
1341848000.3627 -0.8893 -0.7351 1.4691 0.0189 0.7956 0.4656 0.3872 591
1341848000.6627 -0.8579 -0.7316 1.4701 0.0188 0.8051 0.4681 0.3636 592
1341848000.6627 -0.8579 -0.7316 1.4701 0.0188 0.8051 0.4681 0.3636 593
1341848000.7308 -0.8496 -0.7315 1.4714 0.0214 0.8094 0.4675 0.3547 594
1341848000.7308 -0.8496 -0.7315 1.4714 0.0214 0.8094 0.4675 0.3547 595
1341848000.7308 -0.8496 -0.7315 1.4714 0.0214 0.8094 0.4675 0.3547 596
1341848000.8307 -0.8363 -0.7324 1.4720 0.0272 0.8139 0.4674 0.3442 597
1341848000.8307 -0.8363 -0.7324 1.4720 0.0272 0.8139 0.4674 0.3442 598
1341848000.8307 -0.8363 -0.7324 1.4720 0.0272 0.8139 0.4674 0.3442 599
1341848000.8307 -0.8363 -0.7324 1.4720 0.0272 0.8139 0.4674 0.3442 600
1341848000.8307 -0.8363 -0.7324 1.4720 0.0272 0.8139 0.4674 0.3442 601
1341848000.8307 -0.8363 -0.7324 1.4720 0.0272 0.8139 0.4674 0.3442 602
1341848000.8307 -0.8363 -0.7324 1.4720 0.0272 0.8139 0.4674 0.3442 603
1341848000.8307 -0.8363 -0.7324 1.4720 0.0272 0.8139 0.4674 0.3442 604
1341848000.8307 -0.8363 -0.7324 1.4720 0.0272 0.8139 0.4674 0.3442 605
1341848000.8307 -0.8363 -0.7324 1.4720 0.0272 0.8139 0.4674 0.3442 606
1341848001.2060 -0.7890 -0.7362 1.4816 0.0369 0.8251 0.4685 0.3137 607
1341848001.2060 -0.7890 -0.7362 1.4816 0.0369 0.8251 0.4685 0.3137 608
1341848001.2060 -0.7890 -0.7362 1.4816 0.0369 0.8251 0.4685 0.3137 609
1341848001.2060 -0.7890 -0.7362 1.4816 0.0369 0.8251 0.4685 0.3137 610
1341848001.3348 -0.7714 -0.7332 1.4864 0.0270 0.8333 0.4650 0.2976 611
1341848001.3348 -0.7714 -0.7332 1.4864 0.0270 0.8333 0.4650 0.2976 612
1341848001.3348 -0.7714 -0.7332 1.4864 0.0270 0.8333 0.4650 0.2976 613
1341848001.3348 -0.7714 -0.7332 1.4864 0.0270 0.8333 0.4650 0.2976 614
1341848001.4667 -0.7551 -0.7298 1.4833 0.0183 0.8399 0.4667 0.2764 615
1341848001.5027 -0.7508 -0.7275 1.4831 0.0150 0.8416 0.4675 0.2701 616
1341848001.5027 -0.7508 -0.7275 1.4831 0.0150 0.8416 0.4675 0.2701 617
1341848001.5027 -0.7508 -0.7275 1.4831 0.0150 0.8416 0.4675 0.2701 618
1341848001.6029 -0.7413 -0.7242 1.4797 0.0117 0.8489 0.4665 0.2482 619
1341848001.6347 -0.7367 -0.7211 1.4800 0.0122 0.8515 0.4660 0.2401 620
1341848001.6347 -0.7367 -0.7211 1.4800 0.0122 0.8515 0.4660 0.2401 621
1341848001.6347 -0.7367 -0.7211 1.4800 0.0122 0.8515 0.4660 0.2401 622
1341848001.6347 -0.7367 -0.7211 1.4800 0.0122 0.8515 0.4660 0.2401 623
1341848001.7707 -0.7231 -0.7174 1.4736 0.0135 0.8575 0.4642 0.2213 624
1341848001.7707 -0.7231 -0.7174 1.4736 0.0135 0.8575 0.4642 0.2213 625
1341848001.8348 -0.7155 -0.7168 1.4717 0.0133 0.8592 0.4669 0.2086 626
1341848001.8348 -0.7155 -0.7168 1.4717 0.0133 0.8592 0.4669 0.2086 627
1341848001.8348 -0.7155 -0.7168 1.4717 0.0133 0.8592 0.4669 0.2086 628
1341848001.8348 -0.7155 -0.7168 1.4717 0.0133 0.8592 0.4669 0.2086 629
1341848001.8348 -0.7155 -0.7168 1.4717 0.0133 0.8592 0.4669 0.2086 630
1341848001.8348 -0.7155 -0.7168 1.4717 0.0133 0.8592 0.4669 0.2086 631
1341848001.8348 -0.7155 -0.7168 1.4717 0.0133 0.8592 0.4669 0.2086 632
1341848002.0708 -0.6898 -0.7139 1.4601 0.0211 0.8622 0.4739 0.1777 633
1341848002.0708 -0.6898 -0.7139 1.4601 0.0211 0.8622 0.4739 0.1777 634
1341848002.0708 -0.6898 -0.7139 1.4601 0.0211 0.8622 0.4739 0.1777 635
1341848002.0708 -0.6898 -0.7139 1.4601 0.0211 0.8622 0.4739 0.1777 636
1341848002.0708 -0.6898 -0.7139 1.4601 0.0211 0.8622 0.4739 0.1777 637
1341848002.0708 -0.6898 -0.7139 1.4601 0.0211 0.8622 0.4739 0.1777 638
1341848002.0708 -0.6898 -0.7139 1.4601 0.0211 0.8622 0.4739 0.1777 639
1341848002.0708 -0.6898 -0.7139 1.4601 0.0211 0.8622 0.4739 0.1777 640
1341848002.0708 -0.6898 -0.7139 1.4601 0.0211 0.8622 0.4739 0.1777 641
1341848002.3708 -0.6568 -0.7059 1.4505 0.0157 0.8638 0.4835 0.1410 642
1341848002.3708 -0.6568 -0.7059 1.4505 0.0157 0.8638 0.4835 0.1410 643
1341848002.3708 -0.6568 -0.7059 1.4505 0.0157 0.8638 0.4835 0.1410 644
1341848002.3708 -0.6568 -0.7059 1.4505 0.0157 0.8638 0.4835 0.1410 645
1341848002.3708 -0.6568 -0.7059 1.4505 0.0157 0.8638 0.4835 0.1410 646
1341848002.3708 -0.6568 -0.7059 1.4505 0.0157 0.8638 0.4835 0.1410 647
1341848002.3708 -0.6568 -0.7059 1.4505 0.0157 0.8638 0.4835 0.1410 648
1341848002.3708 -0.6568 -0.7059 1.4505 0.0157 0.8638 0.4835 0.1410 649
1341848002.3708 -0.6568 -0.7059 1.4505 0.0157 0.8638 0.4835 0.1410 650
1341848002.3708 -0.6568 -0.7059 1.4505 0.0157 0.8638 0.4835 0.1410 651
1341848002.7138 -0.6247 -0.6853 1.4462 0.0076 0.8606 0.4959 0.1156 652
1341848002.7428 -0.6217 -0.6854 1.4456 0.0046 0.8599 0.4972 0.1157 653
1341848002.7428 -0.6217 -0.6854 1.4456 0.0046 0.8599 0.4972 0.1157 654
1341848002.7428 -0.6217 -0.6854 1.4456 0.0046 0.8599 0.4972 0.1157 655
1341848002.7428 -0.6217 -0.6854 1.4456 0.0046 0.8599 0.4972 0.1157 656
1341848002.7428 -0.6217 -0.6854 1.4456 0.0046 0.8599 0.4972 0.1157 657
1341848002.7428 -0.6217 -0.6854 1.4456 0.0046 0.8599 0.4972 0.1157 658
1341848002.9433 -0.6011 -0.6765 1.4468 0.0101 0.8605 0.4957 0.1172 659
1341848002.9433 -0.6011 -0.6765 1.4468 0.0101 0.8605 0.4957 0.1172 660
1341848002.9433 -0.6011 -0.6765 1.4468 0.0101 0.8605 0.4957 0.1172 661
1341848002.9433 -0.6011 -0.6765 1.4468 0.0101 0.8605 0.4957 0.1172 662
1341848002.9433 -0.6011 -0.6765 1.4468 0.0101 0.8605 0.4957 0.1172 663
1341848002.9433 -0.6011 -0.6765 1.4468 0.0101 0.8605 0.4957 0.1172 664
1341848003.1426 -0.5778 -0.6733 1.4434 0.0017 0.8612 0.4908 0.1319 665
1341848003.1426 -0.5778 -0.6733 1.4434 0.0017 0.8612 0.4908 0.1319 666
1341848003.1426 -0.5778 -0.6733 1.4434 0.0017 0.8612 0.4908 0.1319 667
1341848003.1426 -0.5778 -0.6733 1.4434 0.0017 0.8612 0.4908 0.1319 668
1341848003.2789 -0.5640 -0.6683 1.4434 -0.0085 0.8629 0.4869 0.1348 669
1341848003.2789 -0.5640 -0.6683 1.4434 -0.0085 0.8629 0.4869 0.1348 670
1341848003.2789 -0.5640 -0.6683 1.4434 -0.0085 0.8629 0.4869 0.1348 671
1341848003.3790 -0.5537 -0.6652 1.4425 -0.0178 0.8641 0.4825 0.1419 672
1341848003.4108 -0.5497 -0.6645 1.4444 -0.0199 0.8647 0.4802 0.1457 673
1341848003.4427 -0.5453 -0.6625 1.4442 -0.0196 0.8643 0.4795 0.1503 674
1341848003.4787 -0.5419 -0.6627 1.4450 -0.0199 0.8638 0.4786 0.1561 675
1341848003.4787 -0.5419 -0.6627 1.4450 -0.0199 0.8638 0.4786 0.1561 676
1341848003.5469 -0.5349 -0.6590 1.4435 -0.0230 0.8611 0.4781 0.1716 677
1341848003.5469 -0.5349 -0.6590 1.4435 -0.0230 0.8611 0.4781 0.1716 678
1341848003.6179 -0.5283 -0.6568 1.4432 -0.0202 0.8602 0.4753 0.1835 679
1341848003.6179 -0.5283 -0.6568 1.4432 -0.0202 0.8602 0.4753 0.1835 680
1341848003.6858 -0.5202 -0.6547 1.4406 -0.0222 0.8587 0.4739 0.1938 681
1341848003.6858 -0.5202 -0.6547 1.4406 -0.0222 0.8587 0.4739 0.1938 682
1341848003.6858 -0.5202 -0.6547 1.4406 -0.0222 0.8587 0.4739 0.1938 683
1341848003.6858 -0.5202 -0.6547 1.4406 -0.0222 0.8587 0.4739 0.1938 684
1341848003.6858 -0.5202 -0.6547 1.4406 -0.0222 0.8587 0.4739 0.1938 685
1341848003.8540 -0.5056 -0.6476 1.4368 -0.0262 0.8550 0.4692 0.2194 686
1341848003.8540 -0.5056 -0.6476 1.4368 -0.0262 0.8550 0.4692 0.2194 687
1341848003.8540 -0.5056 -0.6476 1.4368 -0.0262 0.8550 0.4692 0.2194 688
1341848003.8540 -0.5056 -0.6476 1.4368 -0.0262 0.8550 0.4692 0.2194 689
1341848003.8540 -0.5056 -0.6476 1.4368 -0.0262 0.8550 0.4692 0.2194 690
1341848004.0216 -0.4895 -0.6392 1.4267 -0.0266 0.8503 0.4691 0.2373 691
1341848004.0538 -0.4866 -0.6348 1.4274 -0.0293 0.8511 0.4654 0.2412 692
1341848004.0538 -0.4866 -0.6348 1.4274 -0.0293 0.8511 0.4654 0.2412 693
1341848004.1217 -0.4800 -0.6319 1.4211 -0.0267 0.8480 0.4680 0.2473 694
1341848004.1537 -0.4747 -0.6314 1.4193 -0.0276 0.8468 0.4695 0.2486 695
1341848004.1537 -0.4747 -0.6314 1.4193 -0.0276 0.8468 0.4695 0.2486 696
1341848004.1537 -0.4747 -0.6314 1.4193 -0.0276 0.8468 0.4695 0.2486 697
1341848004.2578 -0.4661 -0.6239 1.4138 -0.0281 0.8426 0.4691 0.2632 698
1341848004.2898 -0.4615 -0.6225 1.4149 -0.0300 0.8427 0.4674 0.2657 699
1341848004.3218 -0.4590 -0.6205 1.4129 -0.0305 0.8396 0.4680 0.2740 700
1341848004.3218 -0.4590 -0.6205 1.4129 -0.0305 0.8396 0.4680 0.2740 701
1341848004.3898 -0.4525 -0.6162 1.4106 -0.0344 0.8354 0.4680 0.2863 702
1341848004.3898 -0.4525 -0.6162 1.4106 -0.0344 0.8354 0.4680 0.2863 703
1341848004.3898 -0.4525 -0.6162 1.4106 -0.0344 0.8354 0.4680 0.2863 704
1341848004.4898 -0.4413 -0.6109 1.4087 -0.0423 0.8288 0.4687 0.3027 705
1341848004.4898 -0.4413 -0.6109 1.4087 -0.0423 0.8288 0.4687 0.3027 706
1341848004.4898 -0.4413 -0.6109 1.4087 -0.0423 0.8288 0.4687 0.3027 707
1341848004.4898 -0.4413 -0.6109 1.4087 -0.0423 0.8288 0.4687 0.3027 708
1341848004.6258 -0.4305 -0.6033 1.4077 -0.0473 0.8189 0.4735 0.3209 709
1341848004.6258 -0.4305 -0.6033 1.4077 -0.0473 0.8189 0.4735 0.3209 710
1341848004.6258 -0.4305 -0.6033 1.4077 -0.0473 0.8189 0.4735 0.3209 711
1341848004.6258 -0.4305 -0.6033 1.4077 -0.0473 0.8189 0.4735 0.3209 712
1341848004.6258 -0.4305 -0.6033 1.4077 -0.0473 0.8189 0.4735 0.3209 713
1341848004.6258 -0.4305 -0.6033 1.4077 -0.0473 0.8189 0.4735 0.3209 714
1341848004.8258 -0.4178 -0.5950 1.4071 -0.0544 0.8053 0.4815 0.3415 715
1341848004.8258 -0.4178 -0.5950 1.4071 -0.0544 0.8053 0.4815 0.3415 716
1341848004.8258 -0.4178 -0.5950 1.4071 -0.0544 0.8053 0.4815 0.3415 717
1341848004.9258 -0.4127 -0.5918 1.4082 -0.0567 0.8008 0.4828 0.3499 718
1341848004.9258 -0.4127 -0.5918 1.4082 -0.0567 0.8008 0.4828 0.3499 719
1341848004.9258 -0.4127 -0.5918 1.4082 -0.0567 0.8008 0.4828 0.3499 720
1341848004.9258 -0.4127 -0.5918 1.4082 -0.0567 0.8008 0.4828 0.3499 721
1341848004.9258 -0.4127 -0.5918 1.4082 -0.0567 0.8008 0.4828 0.3499 722
1341848004.9258 -0.4127 -0.5918 1.4082 -0.0567 0.8008 0.4828 0.3499 723
1341848005.1257 -0.4058 -0.5899 1.4093 -0.0599 0.7914 0.4839 0.3687 724
1341848005.1257 -0.4058 -0.5899 1.4093 -0.0599 0.7914 0.4839 0.3687 725
1341848005.1937 -0.4041 -0.5866 1.4109 -0.0560 0.7897 0.4805 0.3772 726
1341848005.1937 -0.4041 -0.5866 1.4109 -0.0560 0.7897 0.4805 0.3772 727
1341848005.1937 -0.4041 -0.5866 1.4109 -0.0560 0.7897 0.4805 0.3772 728
1341848005.1937 -0.4041 -0.5866 1.4109 -0.0560 0.7897 0.4805 0.3772 729
1341848005.1937 -0.4041 -0.5866 1.4109 -0.0560 0.7897 0.4805 0.3772 730
1341848005.3577 -0.3965 -0.5879 1.4132 -0.0598 0.7832 0.4788 0.3922 731
1341848005.3577 -0.3965 -0.5879 1.4132 -0.0598 0.7832 0.4788 0.3922 732
1341848005.4257 -0.3946 -0.5858 1.4163 -0.0591 0.7809 0.4756 0.4006 733
1341848005.4257 -0.3946 -0.5858 1.4163 -0.0591 0.7809 0.4756 0.4006 734
1341848005.4937 -0.3913 -0.5854 1.4177 -0.0589 0.7779 0.4750 0.4072 735
1341848005.4937 -0.3913 -0.5854 1.4177 -0.0589 0.7779 0.4750 0.4072 736
1341848005.5618 -0.3872 -0.5853 1.4178 -0.0609 0.7739 0.4761 0.4132 737
1341848005.5618 -0.3872 -0.5853 1.4178 -0.0609 0.7739 0.4761 0.4132 738
1341848005.6298 -0.3847 -0.5852 1.4194 -0.0618 0.7715 0.4741 0.4198 739
1341848005.6298 -0.3847 -0.5852 1.4194 -0.0618 0.7715 0.4741 0.4198 740
1341848005.6298 -0.3847 -0.5852 1.4194 -0.0618 0.7715 0.4741 0.4198 741
1341848005.6298 -0.3847 -0.5852 1.4194 -0.0618 0.7715 0.4741 0.4198 742
1341848005.6298 -0.3847 -0.5852 1.4194 -0.0618 0.7715 0.4741 0.4198 743
1341848005.7979 -0.3750 -0.5889 1.4240 -0.0633 0.7679 0.4666 0.4344 744
1341848005.7979 -0.3750 -0.5889 1.4240 -0.0633 0.7679 0.4666 0.4344 745
1341848005.7979 -0.3750 -0.5889 1.4240 -0.0633 0.7679 0.4666 0.4344 746
1341848005.8978 -0.3715 -0.5900 1.4255 -0.0603 0.7637 0.4638 0.4450 747
1341848005.9297 -0.3719 -0.5888 1.4272 -0.0580 0.7630 0.4605 0.4498 748
1341848005.9297 -0.3719 -0.5888 1.4272 -0.0580 0.7630 0.4605 0.4498 749
1341848005.9978 -0.3679 -0.5915 1.4276 -0.0587 0.7602 0.4604 0.4547 750
1341848005.9978 -0.3679 -0.5915 1.4276 -0.0587 0.7602 0.4604 0.4547 751
1341848006.0658 -0.3674 -0.5903 1.4295 -0.0551 0.7584 0.4528 0.4656 752
1341848006.0658 -0.3674 -0.5903 1.4295 -0.0551 0.7584 0.4528 0.4656 753
1341848006.1337 -0.3626 -0.5924 1.4298 -0.0521 0.7586 0.4477 0.4706 754
1341848006.1337 -0.3626 -0.5924 1.4298 -0.0521 0.7586 0.4477 0.4706 755
1341848006.1976 -0.3607 -0.5932 1.4320 -0.0446 0.7578 0.4440 0.4760 756
1341848006.1976 -0.3607 -0.5932 1.4320 -0.0446 0.7578 0.4440 0.4760 757
1341848006.1976 -0.3607 -0.5932 1.4320 -0.0446 0.7578 0.4440 0.4760 758
1341848006.1976 -0.3607 -0.5932 1.4320 -0.0446 0.7578 0.4440 0.4760 759
1341848006.3337 -0.3547 -0.5970 1.4375 -0.0373 0.7553 0.4352 0.4886 760
1341848006.3660 -0.3549 -0.5951 1.4386 -0.0375 0.7538 0.4310 0.4946 761
1341848006.3660 -0.3549 -0.5951 1.4386 -0.0375 0.7538 0.4310 0.4946 762
1341848006.4337 -0.3508 -0.5952 1.4404 -0.0368 0.7524 0.4302 0.4974 763
1341848006.4697 -0.3508 -0.5963 1.4414 -0.0359 0.7506 0.4306 0.4999 764
1341848006.4697 -0.3508 -0.5963 1.4414 -0.0359 0.7506 0.4306 0.4999 765
1341848006.5337 -0.3461 -0.5983 1.4422 -0.0355 0.7479 0.4324 0.5024 766
1341848006.5337 -0.3461 -0.5983 1.4422 -0.0355 0.7479 0.4324 0.5024 767
1341848006.5337 -0.3461 -0.5983 1.4422 -0.0355 0.7479 0.4324 0.5024 768
1341848006.5337 -0.3461 -0.5983 1.4422 -0.0355 0.7479 0.4324 0.5024 769
1341848006.5337 -0.3461 -0.5983 1.4422 -0.0355 0.7479 0.4324 0.5024 770
1341848006.5337 -0.3461 -0.5983 1.4422 -0.0355 0.7479 0.4324 0.5024 771
1341848006.5337 -0.3461 -0.5983 1.4422 -0.0355 0.7479 0.4324 0.5024 772
1341848006.5337 -0.3461 -0.5983 1.4422 -0.0355 0.7479 0.4324 0.5024 773
1341848006.5337 -0.3461 -0.5983 1.4422 -0.0355 0.7479 0.4324 0.5024 774
1341848006.5337 -0.3461 -0.5983 1.4422 -0.0355 0.7479 0.4324 0.5024 775
1341848006.8707 -0.3336 -0.6166 1.4547 -0.0259 0.7469 0.4357 0.5016 776
1341848006.9018 -0.3282 -0.6129 1.4596 -0.0252 0.7504 0.4311 0.5005 777
1341848006.9018 -0.3282 -0.6129 1.4596 -0.0252 0.7504 0.4311 0.5005 778
1341848006.9018 -0.3282 -0.6129 1.4596 -0.0252 0.7504 0.4311 0.5005 779
1341848006.9018 -0.3282 -0.6129 1.4596 -0.0252 0.7504 0.4311 0.5005 780
1341848006.9018 -0.3282 -0.6129 1.4596 -0.0252 0.7504 0.4311 0.5005 781
1341848006.9018 -0.3282 -0.6129 1.4596 -0.0252 0.7504 0.4311 0.5005 782
1341848006.9018 -0.3282 -0.6129 1.4596 -0.0252 0.7504 0.4311 0.5005 783
1341848006.9018 -0.3282 -0.6129 1.4596 -0.0252 0.7504 0.4311 0.5005 784
1341848006.9018 -0.3282 -0.6129 1.4596 -0.0252 0.7504 0.4311 0.5005 785
1341848007.2057 -0.3210 -0.6307 1.4783 -0.0150 0.7653 0.4394 0.4701 786
1341848007.2057 -0.3210 -0.6307 1.4783 -0.0150 0.7653 0.4394 0.4701 787
1341848007.2057 -0.3210 -0.6307 1.4783 -0.0150 0.7653 0.4394 0.4701 788
1341848007.2057 -0.3210 -0.6307 1.4783 -0.0150 0.7653 0.4394 0.4701 789
1341848007.2057 -0.3210 -0.6307 1.4783 -0.0150 0.7653 0.4394 0.4701 790
1341848007.2057 -0.3210 -0.6307 1.4783 -0.0150 0.7653 0.4394 0.4701 791
1341848007.2057 -0.3210 -0.6307 1.4783 -0.0150 0.7653 0.4394 0.4701 792
1341848007.2057 -0.3210 -0.6307 1.4783 -0.0150 0.7653 0.4394 0.4701 793
1341848007.4667 -0.3135 -0.6528 1.4984 -0.0078 0.7726 0.4431 0.4546 794
1341848007.4667 -0.3135 -0.6528 1.4984 -0.0078 0.7726 0.4431 0.4546 795
1341848007.4667 -0.3135 -0.6528 1.4984 -0.0078 0.7726 0.4431 0.4546 796
1341848007.4667 -0.3135 -0.6528 1.4984 -0.0078 0.7726 0.4431 0.4546 797
1341848007.4667 -0.3135 -0.6528 1.4984 -0.0078 0.7726 0.4431 0.4546 798
1341848007.4667 -0.3135 -0.6528 1.4984 -0.0078 0.7726 0.4431 0.4546 799
1341848007.4667 -0.3135 -0.6528 1.4984 -0.0078 0.7726 0.4431 0.4546 800
1341848007.4667 -0.3135 -0.6528 1.4984 -0.0078 0.7726 0.4431 0.4546 801
1341848007.7346 -0.2978 -0.6719 1.5125 -0.0018 0.7778 0.4613 0.4269 802
1341848007.7346 -0.2978 -0.6719 1.5125 -0.0018 0.7778 0.4613 0.4269 803
1341848007.8029 -0.2969 -0.6761 1.5206 -0.0026 0.7842 0.4580 0.4186 804
1341848007.8029 -0.2969 -0.6761 1.5206 -0.0026 0.7842 0.4580 0.4186 805
1341848007.8029 -0.2969 -0.6761 1.5206 -0.0026 0.7842 0.4580 0.4186 806
1341848007.8029 -0.2969 -0.6761 1.5206 -0.0026 0.7842 0.4580 0.4186 807
1341848007.9349 -0.2855 -0.6819 1.5261 -0.0020 0.7904 0.4690 0.3942 808
1341848007.9349 -0.2855 -0.6819 1.5261 -0.0020 0.7904 0.4690 0.3942 809
1341848007.9349 -0.2855 -0.6819 1.5261 -0.0020 0.7904 0.4690 0.3942 810
1341848007.9349 -0.2855 -0.6819 1.5261 -0.0020 0.7904 0.4690 0.3942 811
1341848007.9349 -0.2855 -0.6819 1.5261 -0.0020 0.7904 0.4690 0.3942 812
1341848007.9349 -0.2855 -0.6819 1.5261 -0.0020 0.7904 0.4690 0.3942 813
1341848008.1388 -0.2717 -0.6899 1.5414 0.0027 0.7981 0.4759 0.3695 814
1341848008.1388 -0.2717 -0.6899 1.5414 0.0027 0.7981 0.4759 0.3695 815
1341848008.1388 -0.2717 -0.6899 1.5414 0.0027 0.7981 0.4759 0.3695 816
1341848008.1388 -0.2717 -0.6899 1.5414 0.0027 0.7981 0.4759 0.3695 817
1341848008.1388 -0.2717 -0.6899 1.5414 0.0027 0.7981 0.4759 0.3695 818
1341848008.1388 -0.2717 -0.6899 1.5414 0.0027 0.7981 0.4759 0.3695 819
1341848008.1388 -0.2717 -0.6899 1.5414 0.0027 0.7981 0.4759 0.3695 820
1341848008.3707 -0.2523 -0.6981 1.5569 0.0054 0.8024 0.4913 0.3389 821
1341848008.3707 -0.2523 -0.6981 1.5569 0.0054 0.8024 0.4913 0.3389 822
1341848008.3707 -0.2523 -0.6981 1.5569 0.0054 0.8024 0.4913 0.3389 823
1341848008.3707 -0.2523 -0.6981 1.5569 0.0054 0.8024 0.4913 0.3389 824
1341848008.3707 -0.2523 -0.6981 1.5569 0.0054 0.8024 0.4913 0.3389 825
1341848008.3707 -0.2523 -0.6981 1.5569 0.0054 0.8024 0.4913 0.3389 826
1341848008.3707 -0.2523 -0.6981 1.5569 0.0054 0.8024 0.4913 0.3389 827
1341848008.6067 -0.2337 -0.7120 1.5693 0.0148 0.8070 0.5035 0.3082 828
1341848008.6067 -0.2337 -0.7120 1.5693 0.0148 0.8070 0.5035 0.3082 829
1341848008.6067 -0.2337 -0.7120 1.5693 0.0148 0.8070 0.5035 0.3082 830
1341848008.6067 -0.2337 -0.7120 1.5693 0.0148 0.8070 0.5035 0.3082 831
1341848008.6067 -0.2337 -0.7120 1.5693 0.0148 0.8070 0.5035 0.3082 832
1341848008.6067 -0.2337 -0.7120 1.5693 0.0148 0.8070 0.5035 0.3082 833
1341848008.6067 -0.2337 -0.7120 1.5693 0.0148 0.8070 0.5035 0.3082 834
1341848008.6067 -0.2337 -0.7120 1.5693 0.0148 0.8070 0.5035 0.3082 835
1341848008.6067 -0.2337 -0.7120 1.5693 0.0148 0.8070 0.5035 0.3082 836
1341848008.6067 -0.2337 -0.7120 1.5693 0.0148 0.8070 0.5035 0.3082 837
1341848008.9431 -0.2099 -0.7281 1.5823 0.0125 0.8170 0.5074 0.2736 838
1341848008.9431 -0.2099 -0.7281 1.5823 0.0125 0.8170 0.5074 0.2736 839
1341848009.0068 -0.2040 -0.7315 1.5852 0.0122 0.8183 0.5092 0.2665 840
1341848009.0068 -0.2040 -0.7315 1.5852 0.0122 0.8183 0.5092 0.2665 841
1341848009.0068 -0.2040 -0.7315 1.5852 0.0122 0.8183 0.5092 0.2665 842
1341848009.0068 -0.2040 -0.7315 1.5852 0.0122 0.8183 0.5092 0.2665 843
1341848009.0068 -0.2040 -0.7315 1.5852 0.0122 0.8183 0.5092 0.2665 844
1341848009.1747 -0.1940 -0.7305 1.5922 0.0062 0.8252 0.5078 0.2474 845
1341848009.1747 -0.1940 -0.7305 1.5922 0.0062 0.8252 0.5078 0.2474 846
1341848009.2429 -0.1873 -0.7337 1.5990 0.0086 0.8265 0.5139 0.2298 847
1341848009.2429 -0.1873 -0.7337 1.5990 0.0086 0.8265 0.5139 0.2298 848
1341848009.2429 -0.1873 -0.7337 1.5990 0.0086 0.8265 0.5139 0.2298 849
1341848009.2429 -0.1873 -0.7337 1.5990 0.0086 0.8265 0.5139 0.2298 850
1341848009.2429 -0.1873 -0.7337 1.5990 0.0086 0.8265 0.5139 0.2298 851
1341848009.2429 -0.1873 -0.7337 1.5990 0.0086 0.8265 0.5139 0.2298 852
1341848009.2429 -0.1873 -0.7337 1.5990 0.0086 0.8265 0.5139 0.2298 853
1341848009.2429 -0.1873 -0.7337 1.5990 0.0086 0.8265 0.5139 0.2298 854
1341848009.2429 -0.1873 -0.7337 1.5990 0.0086 0.8265 0.5139 0.2298 855
1341848009.2429 -0.1873 -0.7337 1.5990 0.0086 0.8265 0.5139 0.2298 856
1341848009.5788 -0.1607 -0.7310 1.6076 0.0043 0.8284 0.5291 0.1838 857
1341848009.5788 -0.1607 -0.7310 1.6076 0.0043 0.8284 0.5291 0.1838 858
1341848009.5788 -0.1607 -0.7310 1.6076 0.0043 0.8284 0.5291 0.1838 859
1341848009.5788 -0.1607 -0.7310 1.6076 0.0043 0.8284 0.5291 0.1838 860
1341848009.5788 -0.1607 -0.7310 1.6076 0.0043 0.8284 0.5291 0.1838 861
1341848009.7468 -0.1407 -0.7288 1.6100 -0.0020 0.8322 0.5237 0.1822 862
1341848009.7468 -0.1407 -0.7288 1.6100 -0.0020 0.8322 0.5237 0.1822 863
1341848009.7468 -0.1407 -0.7288 1.6100 -0.0020 0.8322 0.5237 0.1822 864
1341848009.7468 -0.1407 -0.7288 1.6100 -0.0020 0.8322 0.5237 0.1822 865
1341848009.7468 -0.1407 -0.7288 1.6100 -0.0020 0.8322 0.5237 0.1822 866
1341848009.7468 -0.1407 -0.7288 1.6100 -0.0020 0.8322 0.5237 0.1822 867
1341848009.7468 -0.1407 -0.7288 1.6100 -0.0020 0.8322 0.5237 0.1822 868
1341848009.7468 -0.1407 -0.7288 1.6100 -0.0020 0.8322 0.5237 0.1822 869
1341848009.7468 -0.1407 -0.7288 1.6100 -0.0020 0.8322 0.5237 0.1822 870
1341848009.7468 -0.1407 -0.7288 1.6100 -0.0020 0.8322 0.5237 0.1822 871
1341848010.0826 -0.1072 -0.7148 1.6060 -0.0014 0.8334 0.5211 0.1841 872
1341848010.0826 -0.1072 -0.7148 1.6060 -0.0014 0.8334 0.5211 0.1841 873
1341848010.0826 -0.1072 -0.7148 1.6060 -0.0014 0.8334 0.5211 0.1841 874
1341848010.0826 -0.1072 -0.7148 1.6060 -0.0014 0.8334 0.5211 0.1841 875
1341848010.0826 -0.1072 -0.7148 1.6060 -0.0014 0.8334 0.5211 0.1841 876
1341848010.0826 -0.1072 -0.7148 1.6060 -0.0014 0.8334 0.5211 0.1841 877
1341848010.0826 -0.1072 -0.7148 1.6060 -0.0014 0.8334 0.5211 0.1841 878
1341848010.0826 -0.1072 -0.7148 1.6060 -0.0014 0.8334 0.5211 0.1841 879
1341848010.0826 -0.1072 -0.7148 1.6060 -0.0014 0.8334 0.5211 0.1841 880
1341848010.3828 -0.0797 -0.6979 1.5796 0.0007 0.8318 0.5307 0.1625 881
1341848010.3828 -0.0797 -0.6979 1.5796 0.0007 0.8318 0.5307 0.1625 882
1341848010.3828 -0.0797 -0.6979 1.5796 0.0007 0.8318 0.5307 0.1625 883
1341848010.3828 -0.0797 -0.6979 1.5796 0.0007 0.8318 0.5307 0.1625 884
1341848010.3828 -0.0797 -0.6979 1.5796 0.0007 0.8318 0.5307 0.1625 885
1341848010.3828 -0.0797 -0.6979 1.5796 0.0007 0.8318 0.5307 0.1625 886
1341848010.5829 -0.0711 -0.6863 1.5568 0.0037 0.8296 0.5383 0.1482 887
1341848010.5829 -0.0711 -0.6863 1.5568 0.0037 0.8296 0.5383 0.1482 888
1341848010.5829 -0.0711 -0.6863 1.5568 0.0037 0.8296 0.5383 0.1482 889
1341848010.6826 -0.0675 -0.6857 1.5505 0.0036 0.8294 0.5413 0.1378 890
1341848010.6826 -0.0675 -0.6857 1.5505 0.0036 0.8294 0.5413 0.1378 891
1341848010.6826 -0.0675 -0.6857 1.5505 0.0036 0.8294 0.5413 0.1378 892
1341848010.7827 -0.0636 -0.6854 1.5402 0.0016 0.8282 0.5459 0.1268 893
1341848010.7827 -0.0636 -0.6854 1.5402 0.0016 0.8282 0.5459 0.1268 894
1341848010.7827 -0.0636 -0.6854 1.5402 0.0016 0.8282 0.5459 0.1268 895
1341848010.8867 -0.0600 -0.6837 1.5343 0.0040 0.8312 0.5442 0.1141 896
1341848010.8867 -0.0600 -0.6837 1.5343 0.0040 0.8312 0.5442 0.1141 897
1341848010.8867 -0.0600 -0.6837 1.5343 0.0040 0.8312 0.5442 0.1141 898
1341848010.8867 -0.0600 -0.6837 1.5343 0.0040 0.8312 0.5442 0.1141 899
1341848010.8867 -0.0600 -0.6837 1.5343 0.0040 0.8312 0.5442 0.1141 900
1341848011.0510 -0.0590 -0.6789 1.5271 0.0057 0.8333 0.5433 0.1026 901
1341848011.0510 -0.0590 -0.6789 1.5271 0.0057 0.8333 0.5433 0.1026 902
1341848011.0510 -0.0590 -0.6789 1.5271 0.0057 0.8333 0.5433 0.1026 903
1341848011.0510 -0.0590 -0.6789 1.5271 0.0057 0.8333 0.5433 0.1026 904
1341848011.0510 -0.0590 -0.6789 1.5271 0.0057 0.8333 0.5433 0.1026 905
1341848011.0510 -0.0590 -0.6789 1.5271 0.0057 0.8333 0.5433 0.1026 906
1341848011.0510 -0.0590 -0.6789 1.5271 0.0057 0.8333 0.5433 0.1026 907
1341848011.0510 -0.0590 -0.6789 1.5271 0.0057 0.8333 0.5433 0.1026 908
1341848011.0510 -0.0590 -0.6789 1.5271 0.0057 0.8333 0.5433 0.1026 909
1341848011.0510 -0.0590 -0.6789 1.5271 0.0057 0.8333 0.5433 0.1026 910
1341848011.3867 -0.0508 -0.6716 1.5187 0.0041 0.8378 0.5413 0.0717 911
1341848011.4227 -0.0461 -0.6722 1.5154 0.0024 0.8360 0.5450 0.0635 912
1341848011.4227 -0.0461 -0.6722 1.5154 0.0024 0.8360 0.5450 0.0635 913
1341848011.4227 -0.0461 -0.6722 1.5154 0.0024 0.8360 0.5450 0.0635 914
1341848011.4227 -0.0461 -0.6722 1.5154 0.0024 0.8360 0.5450 0.0635 915
1341848011.4227 -0.0461 -0.6722 1.5154 0.0024 0.8360 0.5450 0.0635 916
1341848011.4227 -0.0461 -0.6722 1.5154 0.0024 0.8360 0.5450 0.0635 917
1341848011.6227 -0.0465 -0.6665 1.5106 0.0060 0.8369 0.5457 0.0423 918
1341848011.6227 -0.0465 -0.6665 1.5106 0.0060 0.8369 0.5457 0.0423 919
1341848011.6227 -0.0465 -0.6665 1.5106 0.0060 0.8369 0.5457 0.0423 920
1341848011.6227 -0.0465 -0.6665 1.5106 0.0060 0.8369 0.5457 0.0423 921
1341848011.7548 -0.0445 -0.6609 1.5059 0.0034 0.8348 0.5499 0.0284 922
1341848011.7548 -0.0445 -0.6609 1.5059 0.0034 0.8348 0.5499 0.0284 923
1341848011.8227 -0.0444 -0.6576 1.5027 0.0048 0.8331 0.5527 0.0198 924
1341848011.8227 -0.0444 -0.6576 1.5027 0.0048 0.8331 0.5527 0.0198 925
1341848011.8227 -0.0444 -0.6576 1.5027 0.0048 0.8331 0.5527 0.0198 926
1341848011.8227 -0.0444 -0.6576 1.5027 0.0048 0.8331 0.5527 0.0198 927
1341848011.8227 -0.0444 -0.6576 1.5027 0.0048 0.8331 0.5527 0.0198 928
1341848011.9908 -0.0468 -0.6500 1.4940 0.0091 0.8315 0.5554 0.0069 929
1341848011.9908 -0.0468 -0.6500 1.4940 0.0091 0.8315 0.5554 0.0069 930
1341848011.9908 -0.0468 -0.6500 1.4940 0.0091 0.8315 0.5554 0.0069 931
1341848011.9908 -0.0468 -0.6500 1.4940 0.0091 0.8315 0.5554 0.0069 932
1341848012.1269 -0.0471 -0.6415 1.4836 0.0021 0.8284 0.5601 0.0020 933
1341848012.1269 -0.0471 -0.6415 1.4836 0.0021 0.8284 0.5601 0.0020 934
1341848012.1269 -0.0471 -0.6415 1.4836 0.0021 0.8284 0.5601 0.0020 935
1341848012.2267 -0.0463 -0.6343 1.4753 0.0009 0.8254 0.5645 0.0045 936
1341848012.2267 -0.0463 -0.6343 1.4753 0.0009 0.8254 0.5645 0.0045 937
1341848012.2267 -0.0463 -0.6343 1.4753 0.0009 0.8254 0.5645 0.0045 938
1341848012.2267 -0.0463 -0.6343 1.4753 0.0009 0.8254 0.5645 0.0045 939
1341848012.2267 -0.0463 -0.6343 1.4753 0.0009 0.8254 0.5645 0.0045 940
1341848012.3947 -0.0473 -0.6207 1.4621 -0.0128 0.8215 0.5698 0.0197 941
1341848012.3947 -0.0473 -0.6207 1.4621 -0.0128 0.8215 0.5698 0.0197 942
1341848012.3947 -0.0473 -0.6207 1.4621 -0.0128 0.8215 0.5698 0.0197 943
1341848012.3947 -0.0473 -0.6207 1.4621 -0.0128 0.8215 0.5698 0.0197 944
1341848012.3947 -0.0473 -0.6207 1.4621 -0.0128 0.8215 0.5698 0.0197 945
1341848012.3947 -0.0473 -0.6207 1.4621 -0.0128 0.8215 0.5698 0.0197 946
1341848012.3947 -0.0473 -0.6207 1.4621 -0.0128 0.8215 0.5698 0.0197 947
1341848012.6268 -0.0456 -0.6058 1.4387 -0.0301 0.8141 0.5787 0.0391 948
1341848012.6268 -0.0456 -0.6058 1.4387 -0.0301 0.8141 0.5787 0.0391 949
1341848012.6268 -0.0456 -0.6058 1.4387 -0.0301 0.8141 0.5787 0.0391 950
1341848012.6268 -0.0456 -0.6058 1.4387 -0.0301 0.8141 0.5787 0.0391 951
1341848012.6268 -0.0456 -0.6058 1.4387 -0.0301 0.8141 0.5787 0.0391 952
1341848012.6268 -0.0456 -0.6058 1.4387 -0.0301 0.8141 0.5787 0.0391 953
1341848012.6268 -0.0456 -0.6058 1.4387 -0.0301 0.8141 0.5787 0.0391 954
1341848012.8628 -0.0390 -0.5935 1.4247 -0.0482 0.8104 0.5783 0.0804 955
1341848012.8628 -0.0390 -0.5935 1.4247 -0.0482 0.8104 0.5783 0.0804 956
1341848012.8628 -0.0390 -0.5935 1.4247 -0.0482 0.8104 0.5783 0.0804 957
1341848012.8628 -0.0390 -0.5935 1.4247 -0.0482 0.8104 0.5783 0.0804 958
1341848012.9948 -0.0376 -0.5877 1.4227 -0.0608 0.8129 0.5694 0.1057 959
1341848012.9948 -0.0376 -0.5877 1.4227 -0.0608 0.8129 0.5694 0.1057 960
1341848012.9948 -0.0376 -0.5877 1.4227 -0.0608 0.8129 0.5694 0.1057 961
1341848012.9948 -0.0376 -0.5877 1.4227 -0.0608 0.8129 0.5694 0.1057 962
1341848012.9948 -0.0376 -0.5877 1.4227 -0.0608 0.8129 0.5694 0.1057 963
1341848012.9948 -0.0376 -0.5877 1.4227 -0.0608 0.8129 0.5694 0.1057 964
1341848013.1987 -0.0330 -0.5816 1.4206 -0.0607 0.8086 0.5669 0.1456 965
1341848013.1987 -0.0330 -0.5816 1.4206 -0.0607 0.8086 0.5669 0.1456 966
1341848013.2627 -0.0294 -0.5806 1.4218 -0.0625 0.8060 0.5675 0.1563 967
1341848013.2627 -0.0294 -0.5806 1.4218 -0.0625 0.8060 0.5675 0.1563 968
1341848013.3308 -0.0295 -0.5790 1.4215 -0.0614 0.8022 0.5685 0.1717 969
1341848013.3308 -0.0295 -0.5790 1.4215 -0.0614 0.8022 0.5685 0.1717 970
1341848013.3987 -0.0253 -0.5764 1.4267 -0.0669 0.8020 0.5650 0.1822 971
1341848013.3987 -0.0253 -0.5764 1.4267 -0.0669 0.8020 0.5650 0.1822 972
1341848013.4670 -0.0234 -0.5766 1.4250 -0.0658 0.7921 0.5726 0.2009 973
1341848013.4670 -0.0234 -0.5766 1.4250 -0.0658 0.7921 0.5726 0.2009 974
1341848013.4670 -0.0234 -0.5766 1.4250 -0.0658 0.7921 0.5726 0.2009 975
1341848013.5667 -0.0157 -0.5759 1.4287 -0.0795 0.7894 0.5666 0.2224 976
1341848013.5667 -0.0157 -0.5759 1.4287 -0.0795 0.7894 0.5666 0.2224 977
1341848013.5667 -0.0157 -0.5759 1.4287 -0.0795 0.7894 0.5666 0.2224 978
1341848013.5667 -0.0157 -0.5759 1.4287 -0.0795 0.7894 0.5666 0.2224 979
1341848013.6988 -0.0108 -0.5769 1.4297 -0.0795 0.7844 0.5594 0.2559 980
1341848013.6988 -0.0108 -0.5769 1.4297 -0.0795 0.7844 0.5594 0.2559 981
1341848013.6988 -0.0108 -0.5769 1.4297 -0.0795 0.7844 0.5594 0.2559 982
1341848013.6988 -0.0108 -0.5769 1.4297 -0.0795 0.7844 0.5594 0.2559 983
1341848013.8348 -0.0053 -0.5760 1.4346 -0.0813 0.7846 0.5460 0.2824 984
1341848013.8348 -0.0053 -0.5760 1.4346 -0.0813 0.7846 0.5460 0.2824 985
1341848013.9027 -0.0036 -0.5743 1.4358 -0.0831 0.7842 0.5391 0.2957 986
1341848013.9349 -0.0011 -0.5745 1.4368 -0.0848 0.7823 0.5391 0.3002 987
1341848013.9667 0.0008 -0.5735 1.4367 -0.0843 0.7804 0.5387 0.3060 988
1341848013.9667 0.0008 -0.5735 1.4367 -0.0843 0.7804 0.5387 0.3060 989
1341848013.9667 0.0008 -0.5735 1.4367 -0.0843 0.7804 0.5387 0.3060 990
1341848014.0710 0.0070 -0.5733 1.4376 -0.0871 0.7728 0.5365 0.3276 991
1341848014.0710 0.0070 -0.5733 1.4376 -0.0871 0.7728 0.5365 0.3276 992
1341848014.1347 0.0110 -0.5706 1.4403 -0.0946 0.7700 0.5306 0.3415 993
1341848014.1347 0.0110 -0.5706 1.4403 -0.0946 0.7700 0.5306 0.3415 994
1341848014.1347 0.0110 -0.5706 1.4403 -0.0946 0.7700 0.5306 0.3415 995
1341848014.2348 0.0216 -0.5696 1.4420 -0.1017 0.7617 0.5277 0.3621 996
1341848014.2348 0.0216 -0.5696 1.4420 -0.1017 0.7617 0.5277 0.3621 997
1341848014.3027 0.0269 -0.5693 1.4433 -0.1015 0.7555 0.5256 0.3776 998
1341848014.3387 0.0303 -0.5700 1.4445 -0.1014 0.7530 0.5238 0.3852 999
1341848014.3706 0.0330 -0.5700 1.4469 -0.1022 0.7499 0.5204 0.3956 1000
1341848014.4028 0.0359 -0.5701 1.4466 -0.1038 0.7459 0.5183 0.4052 1001
1341848014.4028 0.0359 -0.5701 1.4466 -0.1038 0.7459 0.5183 0.4052 1002
1341848014.4708 0.0421 -0.5710 1.4477 -0.1039 0.7391 0.5123 0.4248 1003
1341848014.4708 0.0421 -0.5710 1.4477 -0.1039 0.7391 0.5123 0.4248 1004
1341848014.4708 0.0421 -0.5710 1.4477 -0.1039 0.7391 0.5123 0.4248 1005
1341848014.5708 0.0505 -0.5711 1.4506 -0.1042 0.7314 0.4979 0.4542 1006
1341848014.5708 0.0505 -0.5711 1.4506 -0.1042 0.7314 0.4979 0.4542 1007
1341848014.6387 0.0591 -0.5741 1.4565 -0.1042 0.7276 0.4928 0.4658 1008
1341848014.6387 0.0591 -0.5741 1.4565 -0.1042 0.7276 0.4928 0.4658 1009
1341848014.6387 0.0591 -0.5741 1.4565 -0.1042 0.7276 0.4928 0.4658 1010
1341848014.6387 0.0591 -0.5741 1.4565 -0.1042 0.7276 0.4928 0.4658 1011
1341848014.7747 0.0722 -0.5782 1.4620 -0.0989 0.7224 0.4774 0.4904 1012
1341848014.7747 0.0722 -0.5782 1.4620 -0.0989 0.7224 0.4774 0.4904 1013
1341848014.7747 0.0722 -0.5782 1.4620 -0.0989 0.7224 0.4774 0.4904 1014
1341848014.8747 0.0804 -0.5778 1.4638 -0.0870 0.7133 0.4725 0.5103 1015
1341848014.8747 0.0804 -0.5778 1.4638 -0.0870 0.7133 0.4725 0.5103 1016
1341848014.8747 0.0804 -0.5778 1.4638 -0.0870 0.7133 0.4725 0.5103 1017
1341848014.8747 0.0804 -0.5778 1.4638 -0.0870 0.7133 0.4725 0.5103 1018
1341848014.8747 0.0804 -0.5778 1.4638 -0.0870 0.7133 0.4725 0.5103 1019
1341848014.8747 0.0804 -0.5778 1.4638 -0.0870 0.7133 0.4725 0.5103 1020
1341848014.8747 0.0804 -0.5778 1.4638 -0.0870 0.7133 0.4725 0.5103 1021
1341848014.8747 0.0804 -0.5778 1.4638 -0.0870 0.7133 0.4725 0.5103 1022
1341848014.8747 0.0804 -0.5778 1.4638 -0.0870 0.7133 0.4725 0.5103 1023
1341848014.8747 0.0804 -0.5778 1.4638 -0.0870 0.7133 0.4725 0.5103 1024
1341848015.2072 0.0992 -0.5692 1.4697 -0.1020 0.6709 0.4728 0.5621 1025
1341848015.2072 0.0992 -0.5692 1.4697 -0.1020 0.6709 0.4728 0.5621 1026
1341848015.2748 0.1029 -0.5681 1.4722 -0.1045 0.6639 0.4694 0.5727 1027
1341848015.2748 0.1029 -0.5681 1.4722 -0.1045 0.6639 0.4694 0.5727 1028
1341848015.3429 0.1073 -0.5678 1.4752 -0.1072 0.6553 0.4640 0.5864 1029
1341848015.3429 0.1073 -0.5678 1.4752 -0.1072 0.6553 0.4640 0.5864 1030
1341848015.4107 0.1125 -0.5671 1.4743 -0.1036 0.6421 0.4644 0.6011 1031
1341848015.4107 0.1125 -0.5671 1.4743 -0.1036 0.6421 0.4644 0.6011 1032
1341848015.4750 0.1135 -0.5637 1.4745 -0.1011 0.6301 0.4579 0.6190 1033
1341848015.4750 0.1135 -0.5637 1.4745 -0.1011 0.6301 0.4579 0.6190 1034
1341848015.4750 0.1135 -0.5637 1.4745 -0.1011 0.6301 0.4579 0.6190 1035
1341848015.4750 0.1135 -0.5637 1.4745 -0.1011 0.6301 0.4579 0.6190 1036
1341848015.4750 0.1135 -0.5637 1.4745 -0.1011 0.6301 0.4579 0.6190 1037
1341848015.4750 0.1135 -0.5637 1.4745 -0.1011 0.6301 0.4579 0.6190 1038
1341848015.6858 0.1218 -0.5597 1.4775 -0.1033 0.5940 0.4342 0.6693 1039
1341848015.6858 0.1218 -0.5597 1.4775 -0.1033 0.5940 0.4342 0.6693 1040
1341848015.7498 0.1168 -0.5413 1.4835 -0.0933 0.5890 0.4054 0.6928 1041
1341848015.7498 0.1168 -0.5413 1.4835 -0.0933 0.5890 0.4054 0.6928 1042
1341848015.8179 0.1212 -0.5625 1.4794 -0.0958 0.5761 0.4136 0.6984 1043
1341848015.8179 0.1212 -0.5625 1.4794 -0.0958 0.5761 0.4136 0.6984 1044
1341848015.8179 0.1212 -0.5625 1.4794 -0.0958 0.5761 0.4136 0.6984 1045
1341848015.8179 0.1212 -0.5625 1.4794 -0.0958 0.5761 0.4136 0.6984 1046
1341848015.9540 0.1243 -0.5616 1.4779 -0.0892 0.5624 0.3914 0.7229 1047
1341848015.9867 0.1235 -0.5639 1.4772 -0.0884 0.5588 0.3861 0.7286 1048
1341848015.9867 0.1235 -0.5639 1.4772 -0.0884 0.5588 0.3861 0.7286 1049
1341848015.9867 0.1235 -0.5639 1.4772 -0.0884 0.5588 0.3861 0.7286 1050
1341848015.9867 0.1235 -0.5639 1.4772 -0.0884 0.5588 0.3861 0.7286 1051
1341848015.9867 0.1235 -0.5639 1.4772 -0.0884 0.5588 0.3861 0.7286 1052
1341848015.9867 0.1235 -0.5639 1.4772 -0.0884 0.5588 0.3861 0.7286 1053
1341848015.9867 0.1235 -0.5639 1.4772 -0.0884 0.5588 0.3861 0.7286 1054
1341848015.9867 0.1235 -0.5639 1.4772 -0.0884 0.5588 0.3861 0.7286 1055
1341848015.9867 0.1235 -0.5639 1.4772 -0.0884 0.5588 0.3861 0.7286 1056
1341848016.2900 0.1218 -0.5679 1.4781 -0.0922 0.5437 0.3630 0.7511 1057
1341848016.2900 0.1218 -0.5679 1.4781 -0.0922 0.5437 0.3630 0.7511 1058
1341848016.2900 0.1218 -0.5679 1.4781 -0.0922 0.5437 0.3630 0.7511 1059
1341848016.2900 0.1218 -0.5679 1.4781 -0.0922 0.5437 0.3630 0.7511 1060
1341848016.2900 0.1218 -0.5679 1.4781 -0.0922 0.5437 0.3630 0.7511 1061
1341848016.2900 0.1218 -0.5679 1.4781 -0.0922 0.5437 0.3630 0.7511 1062
1341848016.2900 0.1218 -0.5679 1.4781 -0.0922 0.5437 0.3630 0.7511 1063
1341848016.2900 0.1218 -0.5679 1.4781 -0.0922 0.5437 0.3630 0.7511 1064
1341848016.5542 0.1161 -0.5710 1.4792 -0.0650 0.5569 0.3824 0.7344 1065
1341848016.5542 0.1161 -0.5710 1.4792 -0.0650 0.5569 0.3824 0.7344 1066
1341848016.5542 0.1161 -0.5710 1.4792 -0.0650 0.5569 0.3824 0.7344 1067
1341848016.5542 0.1161 -0.5710 1.4792 -0.0650 0.5569 0.3824 0.7344 1068
1341848016.5542 0.1161 -0.5710 1.4792 -0.0650 0.5569 0.3824 0.7344 1069
1341848016.5542 0.1161 -0.5710 1.4792 -0.0650 0.5569 0.3824 0.7344 1070
1341848016.5542 0.1161 -0.5710 1.4792 -0.0650 0.5569 0.3824 0.7344 1071
1341848016.5542 0.1161 -0.5710 1.4792 -0.0650 0.5569 0.3824 0.7344 1072
1341848016.5542 0.1161 -0.5710 1.4792 -0.0650 0.5569 0.3824 0.7344 1073
1341848016.5542 0.1161 -0.5710 1.4792 -0.0650 0.5569 0.3824 0.7344 1074
1341848016.9189 0.1025 -0.5851 1.4909 -0.0439 0.5515 0.3942 0.7338 1075
1341848016.9189 0.1025 -0.5851 1.4909 -0.0439 0.5515 0.3942 0.7338 1076
1341848016.9867 0.1011 -0.5910 1.4971 -0.0532 0.5540 0.3929 0.7320 1077
1341848016.9867 0.1011 -0.5910 1.4971 -0.0532 0.5540 0.3929 0.7320 1078
1341848016.9867 0.1011 -0.5910 1.4971 -0.0532 0.5540 0.3929 0.7320 1079
1341848016.9867 0.1011 -0.5910 1.4971 -0.0532 0.5540 0.3929 0.7320 1080
1341848016.9867 0.1011 -0.5910 1.4971 -0.0532 0.5540 0.3929 0.7320 1081
1341848016.9867 0.1011 -0.5910 1.4971 -0.0532 0.5540 0.3929 0.7320 1082
1341848016.9867 0.1011 -0.5910 1.4971 -0.0532 0.5540 0.3929 0.7320 1083
1341848016.9867 0.1011 -0.5910 1.4971 -0.0532 0.5540 0.3929 0.7320 1084
1341848016.9867 0.1011 -0.5910 1.4971 -0.0532 0.5540 0.3929 0.7320 1085
1341848016.9867 0.1011 -0.5910 1.4971 -0.0532 0.5540 0.3929 0.7320 1086
1341848017.3187 0.0783 -0.5992 1.5130 -0.0280 0.5860 0.3949 0.7070 1087
1341848017.3187 0.0783 -0.5992 1.5130 -0.0280 0.5860 0.3949 0.7070 1088
1341848017.3187 0.0783 -0.5992 1.5130 -0.0280 0.5860 0.3949 0.7070 1089
1341848017.3187 0.0783 -0.5992 1.5130 -0.0280 0.5860 0.3949 0.7070 1090
1341848017.3187 0.0783 -0.5992 1.5130 -0.0280 0.5860 0.3949 0.7070 1091
1341848017.3187 0.0783 -0.5992 1.5130 -0.0280 0.5860 0.3949 0.7070 1092
1341848017.3187 0.0783 -0.5992 1.5130 -0.0280 0.5860 0.3949 0.7070 1093
1341848017.3187 0.0783 -0.5992 1.5130 -0.0280 0.5860 0.3949 0.7070 1094
1341848017.3187 0.0783 -0.5992 1.5130 -0.0280 0.5860 0.3949 0.7070 1095
1341848017.3187 0.0783 -0.5992 1.5130 -0.0280 0.5860 0.3949 0.7070 1096
1341848017.6548 0.0578 -0.6284 1.5158 -0.0223 0.6185 0.4145 0.6672 1097
1341848017.6868 0.0543 -0.6282 1.5166 -0.0147 0.6231 0.4103 0.6657 1098
1341848017.6868 0.0543 -0.6282 1.5166 -0.0147 0.6231 0.4103 0.6657 1099
1341848017.6868 0.0543 -0.6282 1.5166 -0.0147 0.6231 0.4103 0.6657 1100
1341848017.6868 0.0543 -0.6282 1.5166 -0.0147 0.6231 0.4103 0.6657 1101
1341848017.6868 0.0543 -0.6282 1.5166 -0.0147 0.6231 0.4103 0.6657 1102
1341848017.6868 0.0543 -0.6282 1.5166 -0.0147 0.6231 0.4103 0.6657 1103
1341848017.6868 0.0543 -0.6282 1.5166 -0.0147 0.6231 0.4103 0.6657 1104
1341848017.6868 0.0543 -0.6282 1.5166 -0.0147 0.6231 0.4103 0.6657 1105
1341848017.6868 0.0543 -0.6282 1.5166 -0.0147 0.6231 0.4103 0.6657 1106
1341848017.6868 0.0543 -0.6282 1.5166 -0.0147 0.6231 0.4103 0.6657 1107
1341848018.0227 0.0350 -0.6421 1.5263 -0.0042 0.6435 0.4091 0.6469 1108
1341848018.0227 0.0350 -0.6421 1.5263 -0.0042 0.6435 0.4091 0.6469 1109
1341848018.0227 0.0350 -0.6421 1.5263 -0.0042 0.6435 0.4091 0.6469 1110
1341848018.1227 0.0288 -0.6446 1.5365 -0.0028 0.6572 0.4085 0.6335 1111
1341848018.1227 0.0288 -0.6446 1.5365 -0.0028 0.6572 0.4085 0.6335 1112
1341848018.1227 0.0288 -0.6446 1.5365 -0.0028 0.6572 0.4085 0.6335 1113
1341848018.1227 0.0288 -0.6446 1.5365 -0.0028 0.6572 0.4085 0.6335 1114
1341848018.1227 0.0288 -0.6446 1.5365 -0.0028 0.6572 0.4085 0.6335 1115
1341848018.1227 0.0288 -0.6446 1.5365 -0.0028 0.6572 0.4085 0.6335 1116
1341848018.1227 0.0288 -0.6446 1.5365 -0.0028 0.6572 0.4085 0.6335 1117
1341848018.1227 0.0288 -0.6446 1.5365 -0.0028 0.6572 0.4085 0.6335 1118
1341848018.1227 0.0288 -0.6446 1.5365 -0.0028 0.6572 0.4085 0.6335 1119
1341848018.1227 0.0288 -0.6446 1.5365 -0.0028 0.6572 0.4085 0.6335 1120
1341848018.4657 0.0263 -0.6604 1.5626 0.0017 0.6815 0.4276 0.5939 1121
1341848018.5018 0.0251 -0.6616 1.5657 0.0029 0.6840 0.4282 0.5906 1122
1341848018.5018 0.0251 -0.6616 1.5657 0.0029 0.6840 0.4282 0.5906 1123
1341848018.5018 0.0251 -0.6616 1.5657 0.0029 0.6840 0.4282 0.5906 1124
1341848018.5018 0.0251 -0.6616 1.5657 0.0029 0.6840 0.4282 0.5906 1125
1341848018.5018 0.0251 -0.6616 1.5657 0.0029 0.6840 0.4282 0.5906 1126
1341848018.5018 0.0251 -0.6616 1.5657 0.0029 0.6840 0.4282 0.5906 1127
1341848018.7018 0.0233 -0.6752 1.5904 0.0002 0.6998 0.4367 0.5653 1128
1341848018.7018 0.0233 -0.6752 1.5904 0.0002 0.6998 0.4367 0.5653 1129
1341848018.7018 0.0233 -0.6752 1.5904 0.0002 0.6998 0.4367 0.5653 1130
1341848018.7018 0.0233 -0.6752 1.5904 0.0002 0.6998 0.4367 0.5653 1131
1341848018.7018 0.0233 -0.6752 1.5904 0.0002 0.6998 0.4367 0.5653 1132
1341848018.7018 0.0233 -0.6752 1.5904 0.0002 0.6998 0.4367 0.5653 1133
1341848018.9020 0.0236 -0.6909 1.6129 -0.0036 0.7123 0.4333 0.5521 1134
1341848018.9020 0.0236 -0.6909 1.6129 -0.0036 0.7123 0.4333 0.5521 1135
1341848018.9020 0.0236 -0.6909 1.6129 -0.0036 0.7123 0.4333 0.5521 1136
1341848018.9020 0.0236 -0.6909 1.6129 -0.0036 0.7123 0.4333 0.5521 1137
1341848018.9020 0.0236 -0.6909 1.6129 -0.0036 0.7123 0.4333 0.5521 1138
1341848018.9020 0.0236 -0.6909 1.6129 -0.0036 0.7123 0.4333 0.5521 1139
1341848019.1308 0.0230 -0.7091 1.6324 -0.0039 0.7224 0.4351 0.5373 1140
1341848019.1308 0.0230 -0.7091 1.6324 -0.0039 0.7224 0.4351 0.5373 1141
1341848019.1308 0.0230 -0.7091 1.6324 -0.0039 0.7224 0.4351 0.5373 1142
1341848019.1308 0.0230 -0.7091 1.6324 -0.0039 0.7224 0.4351 0.5373 1143
1341848019.1308 0.0230 -0.7091 1.6324 -0.0039 0.7224 0.4351 0.5373 1144
1341848019.2987 0.0195 -0.7199 1.6495 -0.0077 0.7347 0.4400 0.5164 1145
1341848019.2987 0.0195 -0.7199 1.6495 -0.0077 0.7347 0.4400 0.5164 1146
1341848019.2987 0.0195 -0.7199 1.6495 -0.0077 0.7347 0.4400 0.5164 1147
1341848019.2987 0.0195 -0.7199 1.6495 -0.0077 0.7347 0.4400 0.5164 1148
1341848019.4310 0.0191 -0.7307 1.6651 -0.0126 0.7449 0.4441 0.4978 1149
1341848019.4310 0.0191 -0.7307 1.6651 -0.0126 0.7449 0.4441 0.4978 1150
1341848019.4310 0.0191 -0.7307 1.6651 -0.0126 0.7449 0.4441 0.4978 1151
1341848019.4310 0.0191 -0.7307 1.6651 -0.0126 0.7449 0.4441 0.4978 1152
1341848019.4310 0.0191 -0.7307 1.6651 -0.0126 0.7449 0.4441 0.4978 1153
1341848019.4310 0.0191 -0.7307 1.6651 -0.0126 0.7449 0.4441 0.4978 1154
1341848019.6307 0.0153 -0.7484 1.6964 -0.0076 0.7604 0.4441 0.4738 1155
1341848019.6307 0.0153 -0.7484 1.6964 -0.0076 0.7604 0.4441 0.4738 1156
1341848019.6307 0.0153 -0.7484 1.6964 -0.0076 0.7604 0.4441 0.4738 1157
1341848019.6307 0.0153 -0.7484 1.6964 -0.0076 0.7604 0.4441 0.4738 1158
1341848019.6307 0.0153 -0.7484 1.6964 -0.0076 0.7604 0.4441 0.4738 1159
1341848019.6307 0.0153 -0.7484 1.6964 -0.0076 0.7604 0.4441 0.4738 1160
1341848019.8347 0.0169 -0.7626 1.7229 -0.0084 0.7688 0.4498 0.4545 1161
1341848019.8347 0.0169 -0.7626 1.7229 -0.0084 0.7688 0.4498 0.4545 1162
1341848019.8347 0.0169 -0.7626 1.7229 -0.0084 0.7688 0.4498 0.4545 1163
1341848019.8347 0.0169 -0.7626 1.7229 -0.0084 0.7688 0.4498 0.4545 1164
1341848019.9667 0.0184 -0.7696 1.7342 -0.0026 0.7762 0.4559 0.4354 1165
1341848019.9667 0.0184 -0.7696 1.7342 -0.0026 0.7762 0.4559 0.4354 1166
1341848020.0347 0.0196 -0.7723 1.7388 -0.0037 0.7820 0.4566 0.4242 1167
1341848020.0347 0.0196 -0.7723 1.7388 -0.0037 0.7820 0.4566 0.4242 1168
1341848020.0347 0.0196 -0.7723 1.7388 -0.0037 0.7820 0.4566 0.4242 1169
1341848020.0347 0.0196 -0.7723 1.7388 -0.0037 0.7820 0.4566 0.4242 1170
1341848020.1708 0.0244 -0.7778 1.7490 -0.0040 0.7908 0.4598 0.4040 1171
1341848020.1708 0.0244 -0.7778 1.7490 -0.0040 0.7908 0.4598 0.4040 1172
1341848020.1708 0.0244 -0.7778 1.7490 -0.0040 0.7908 0.4598 0.4040 1173
1341848020.2712 0.0286 -0.7824 1.7560 -0.0048 0.7975 0.4611 0.3889 1174
1341848020.2712 0.0286 -0.7824 1.7560 -0.0048 0.7975 0.4611 0.3889 1175
1341848020.2712 0.0286 -0.7824 1.7560 -0.0048 0.7975 0.4611 0.3889 1176
1341848020.3708 0.0346 -0.7876 1.7637 -0.0030 0.8051 0.4621 0.3718 1177
1341848020.3708 0.0346 -0.7876 1.7637 -0.0030 0.8051 0.4621 0.3718 1178
1341848020.3708 0.0346 -0.7876 1.7637 -0.0030 0.8051 0.4621 0.3718 1179
1341848020.3708 0.0346 -0.7876 1.7637 -0.0030 0.8051 0.4621 0.3718 1180
1341848020.5027 0.0430 -0.7935 1.7738 0.0001 0.8191 0.4562 0.3479 1181
1341848020.5027 0.0430 -0.7935 1.7738 0.0001 0.8191 0.4562 0.3479 1182
1341848020.5027 0.0430 -0.7935 1.7738 0.0001 0.8191 0.4562 0.3479 1183
1341848020.5027 0.0430 -0.7935 1.7738 0.0001 0.8191 0.4562 0.3479 1184
1341848020.5027 0.0430 -0.7935 1.7738 0.0001 0.8191 0.4562 0.3479 1185
1341848020.5027 0.0430 -0.7935 1.7738 0.0001 0.8191 0.4562 0.3479 1186
1341848020.5027 0.0430 -0.7935 1.7738 0.0001 0.8191 0.4562 0.3479 1187
1341848020.7390 0.0599 -0.8039 1.7943 0.0081 0.8279 0.4687 0.3081 1188
1341848020.7390 0.0599 -0.8039 1.7943 0.0081 0.8279 0.4687 0.3081 1189
1341848020.7390 0.0599 -0.8039 1.7943 0.0081 0.8279 0.4687 0.3081 1190
1341848020.7390 0.0599 -0.8039 1.7943 0.0081 0.8279 0.4687 0.3081 1191
1341848020.7390 0.0599 -0.8039 1.7943 0.0081 0.8279 0.4687 0.3081 1192
1341848020.7390 0.0599 -0.8039 1.7943 0.0081 0.8279 0.4687 0.3081 1193
1341848020.7390 0.0599 -0.8039 1.7943 0.0081 0.8279 0.4687 0.3081 1194
1341848020.9749 0.0804 -0.8141 1.8084 0.0098 0.8324 0.4745 0.2860 1195
1341848020.9749 0.0804 -0.8141 1.8084 0.0098 0.8324 0.4745 0.2860 1196
1341848020.9749 0.0804 -0.8141 1.8084 0.0098 0.8324 0.4745 0.2860 1197
1341848020.9749 0.0804 -0.8141 1.8084 0.0098 0.8324 0.4745 0.2860 1198
1341848020.9749 0.0804 -0.8141 1.8084 0.0098 0.8324 0.4745 0.2860 1199
1341848020.9749 0.0804 -0.8141 1.8084 0.0098 0.8324 0.4745 0.2860 1200
1341848020.9749 0.0804 -0.8141 1.8084 0.0098 0.8324 0.4745 0.2860 1201
1341848020.9749 0.0804 -0.8141 1.8084 0.0098 0.8324 0.4745 0.2860 1202
1341848020.9749 0.0804 -0.8141 1.8084 0.0098 0.8324 0.4745 0.2860 1203
1341848020.9749 0.0804 -0.8141 1.8084 0.0098 0.8324 0.4745 0.2860 1204
1341848021.3073 0.1106 -0.8228 1.8267 0.0086 0.8458 0.4745 0.2438 1205
1341848021.3073 0.1106 -0.8228 1.8267 0.0086 0.8458 0.4745 0.2438 1206
1341848021.3848 0.1177 -0.8260 1.8295 0.0101 0.8526 0.4693 0.2299 1207
1341848021.3848 0.1177 -0.8260 1.8295 0.0101 0.8526 0.4693 0.2299 1208
1341848021.3848 0.1177 -0.8260 1.8295 0.0101 0.8526 0.4693 0.2299 1209
1341848021.4879 0.1302 -0.8339 1.8382 0.0194 0.8616 0.4637 0.2054 1210
1341848021.4879 0.1302 -0.8339 1.8382 0.0194 0.8616 0.4637 0.2054 1211
1341848021.4879 0.1302 -0.8339 1.8382 0.0194 0.8616 0.4637 0.2054 1212
1341848021.4879 0.1302 -0.8339 1.8382 0.0194 0.8616 0.4637 0.2054 1213
1341848021.4879 0.1302 -0.8339 1.8382 0.0194 0.8616 0.4637 0.2054 1214
1341848021.6788 0.1554 -0.8415 1.8509 0.0111 0.8695 0.4602 0.1792 1215
1341848021.6788 0.1554 -0.8415 1.8509 0.0111 0.8695 0.4602 0.1792 1216
1341848021.6788 0.1554 -0.8415 1.8509 0.0111 0.8695 0.4602 0.1792 1217
1341848021.6788 0.1554 -0.8415 1.8509 0.0111 0.8695 0.4602 0.1792 1218
1341848021.6788 0.1554 -0.8415 1.8509 0.0111 0.8695 0.4602 0.1792 1219
1341848021.6788 0.1554 -0.8415 1.8509 0.0111 0.8695 0.4602 0.1792 1220
1341848021.6788 0.1554 -0.8415 1.8509 0.0111 0.8695 0.4602 0.1792 1221
1341848021.6788 0.1554 -0.8415 1.8509 0.0111 0.8695 0.4602 0.1792 1222
1341848021.6788 0.1554 -0.8415 1.8509 0.0111 0.8695 0.4602 0.1792 1223
1341848021.6788 0.1554 -0.8415 1.8509 0.0111 0.8695 0.4602 0.1792 1224
1341848022.0108 0.1967 -0.8465 1.8597 0.0029 0.8770 0.4597 0.1400 1225
1341848022.0108 0.1967 -0.8465 1.8597 0.0029 0.8770 0.4597 0.1400 1226
1341848022.0108 0.1967 -0.8465 1.8597 0.0029 0.8770 0.4597 0.1400 1227
1341848022.0108 0.1967 -0.8465 1.8597 0.0029 0.8770 0.4597 0.1400 1228
1341848022.0108 0.1967 -0.8465 1.8597 0.0029 0.8770 0.4597 0.1400 1229
1341848022.1790 0.2203 -0.8472 1.8573 -0.0005 0.8821 0.4561 0.1175 1230
1341848022.1790 0.2203 -0.8472 1.8573 -0.0005 0.8821 0.4561 0.1175 1231
1341848022.2468 0.2309 -0.8442 1.8528 -0.0008 0.8854 0.4527 0.1051 1232
1341848022.2468 0.2309 -0.8442 1.8528 -0.0008 0.8854 0.4527 0.1051 1233
1341848022.2468 0.2309 -0.8442 1.8528 -0.0008 0.8854 0.4527 0.1051 1234
1341848022.2468 0.2309 -0.8442 1.8528 -0.0008 0.8854 0.4527 0.1051 1235
1341848022.2468 0.2309 -0.8442 1.8528 -0.0008 0.8854 0.4527 0.1051 1236
1341848022.2468 0.2309 -0.8442 1.8528 -0.0008 0.8854 0.4527 0.1051 1237
1341848022.2468 0.2309 -0.8442 1.8528 -0.0008 0.8854 0.4527 0.1051 1238
1341848022.2468 0.2309 -0.8442 1.8528 -0.0008 0.8854 0.4527 0.1051 1239
1341848022.2468 0.2309 -0.8442 1.8528 -0.0008 0.8854 0.4527 0.1051 1240
1341848022.2468 0.2309 -0.8442 1.8528 -0.0008 0.8854 0.4527 0.1051 1241
1341848022.5861 0.2680 -0.8580 1.8385 0.0167 0.8947 0.4433 0.0517 1242
1341848022.6218 0.2759 -0.8592 1.8350 0.0154 0.8951 0.4435 0.0425 1243
1341848022.6218 0.2759 -0.8592 1.8350 0.0154 0.8951 0.4435 0.0425 1244
1341848022.6218 0.2759 -0.8592 1.8350 0.0154 0.8951 0.4435 0.0425 1245
1341848022.6218 0.2759 -0.8592 1.8350 0.0154 0.8951 0.4435 0.0425 1246
1341848022.6218 0.2759 -0.8592 1.8350 0.0154 0.8951 0.4435 0.0425 1247
1341848022.6218 0.2759 -0.8592 1.8350 0.0154 0.8951 0.4435 0.0425 1248
1341848022.6218 0.2759 -0.8592 1.8350 0.0154 0.8951 0.4435 0.0425 1249
1341848022.6218 0.2759 -0.8592 1.8350 0.0154 0.8951 0.4435 0.0425 1250
1341848022.8827 0.3000 -0.8677 1.8272 -0.0161 -0.8908 -0.4542 0.0043 1251
1341848022.9188 0.3086 -0.8672 1.8287 -0.0053 -0.8866 -0.4621 0.0172 1252
1341848022.9508 0.3117 -0.8536 1.8176 -0.0021 -0.8857 -0.4636 0.0256 1253
1341848022.9827 0.3123 -0.8556 1.8178 0.0036 -0.8891 -0.4566 0.0308 1254
1341848022.9827 0.3123 -0.8556 1.8178 0.0036 -0.8891 -0.4566 0.0308 1255
1341848022.9827 0.3123 -0.8556 1.8178 0.0036 -0.8891 -0.4566 0.0308 1256
1341848023.0827 0.3296 -0.8476 1.8104 0.0018 -0.8848 -0.4616 0.0642 1257
1341848023.0827 0.3296 -0.8476 1.8104 0.0018 -0.8848 -0.4616 0.0642 1258
1341848023.0827 0.3296 -0.8476 1.8104 0.0018 -0.8848 -0.4616 0.0642 1259
1341848023.0827 0.3296 -0.8476 1.8104 0.0018 -0.8848 -0.4616 0.0642 1260
1341848023.0827 0.3296 -0.8476 1.8104 0.0018 -0.8848 -0.4616 0.0642 1261
1341848023.0827 0.3296 -0.8476 1.8104 0.0018 -0.8848 -0.4616 0.0642 1262
1341848023.0827 0.3296 -0.8476 1.8104 0.0018 -0.8848 -0.4616 0.0642 1263
1341848023.0827 0.3296 -0.8476 1.8104 0.0018 -0.8848 -0.4616 0.0642 1264
1341848023.3548 0.3619 -0.8341 1.8038 0.0097 -0.8700 -0.4773 0.1233 1265
1341848023.3548 0.3619 -0.8341 1.8038 0.0097 -0.8700 -0.4773 0.1233 1266
1341848023.3548 0.3619 -0.8341 1.8038 0.0097 -0.8700 -0.4773 0.1233 1267
1341848023.3548 0.3619 -0.8341 1.8038 0.0097 -0.8700 -0.4773 0.1233 1268
1341848023.3548 0.3619 -0.8341 1.8038 0.0097 -0.8700 -0.4773 0.1233 1269
1341848023.3548 0.3619 -0.8341 1.8038 0.0097 -0.8700 -0.4773 0.1233 1270
1341848023.3548 0.3619 -0.8341 1.8038 0.0097 -0.8700 -0.4773 0.1233 1271
1341848023.3548 0.3619 -0.8341 1.8038 0.0097 -0.8700 -0.4773 0.1233 1272
1341848023.3548 0.3619 -0.8341 1.8038 0.0097 -0.8700 -0.4773 0.1233 1273
1341848023.3548 0.3619 -0.8341 1.8038 0.0097 -0.8700 -0.4773 0.1233 1274
1341848023.6872 0.3942 -0.8154 1.7826 0.0126 -0.8601 -0.4795 0.1737 1275
1341848023.6872 0.3942 -0.8154 1.7826 0.0126 -0.8601 -0.4795 0.1737 1276
1341848023.7547 0.3988 -0.8150 1.7766 0.0099 -0.8589 -0.4785 0.1824 1277
1341848023.7547 0.3988 -0.8150 1.7766 0.0099 -0.8589 -0.4785 0.1824 1278
1341848023.7547 0.3988 -0.8150 1.7766 0.0099 -0.8589 -0.4785 0.1824 1279
1341848023.8548 0.4047 -0.8095 1.7667 0.0129 -0.8566 -0.4767 0.1968 1280
1341848023.8548 0.4047 -0.8095 1.7667 0.0129 -0.8566 -0.4767 0.1968 1281
1341848023.8548 0.4047 -0.8095 1.7667 0.0129 -0.8566 -0.4767 0.1968 1282
1341848023.8548 0.4047 -0.8095 1.7667 0.0129 -0.8566 -0.4767 0.1968 1283
1341848023.8548 0.4047 -0.8095 1.7667 0.0129 -0.8566 -0.4767 0.1968 1284
1341848023.8548 0.4047 -0.8095 1.7667 0.0129 -0.8566 -0.4767 0.1968 1285
1341848023.8548 0.4047 -0.8095 1.7667 0.0129 -0.8566 -0.4767 0.1968 1286
1341848023.8548 0.4047 -0.8095 1.7667 0.0129 -0.8566 -0.4767 0.1968 1287
1341848023.8548 0.4047 -0.8095 1.7667 0.0129 -0.8566 -0.4767 0.1968 1288
1341848023.8548 0.4047 -0.8095 1.7667 0.0129 -0.8566 -0.4767 0.1968 1289
1341848024.1909 0.4186 -0.7924 1.7279 -0.0075 -0.8484 -0.4696 0.2442 1290
1341848024.2228 0.4225 -0.7928 1.7236 -0.0074 -0.8452 -0.4717 0.2512 1291
1341848024.2228 0.4225 -0.7928 1.7236 -0.0074 -0.8452 -0.4717 0.2512 1292
1341848024.2228 0.4225 -0.7928 1.7236 -0.0074 -0.8452 -0.4717 0.2512 1293
1341848024.2228 0.4225 -0.7928 1.7236 -0.0074 -0.8452 -0.4717 0.2512 1294
1341848024.2228 0.4225 -0.7928 1.7236 -0.0074 -0.8452 -0.4717 0.2512 1295
1341848024.2228 0.4225 -0.7928 1.7236 -0.0074 -0.8452 -0.4717 0.2512 1296
1341848024.2228 0.4225 -0.7928 1.7236 -0.0074 -0.8452 -0.4717 0.2512 1297
1341848024.4588 0.4281 -0.7771 1.7053 -0.0065 -0.8346 -0.4751 0.2788 1298
1341848024.4588 0.4281 -0.7771 1.7053 -0.0065 -0.8346 -0.4751 0.2788 1299
1341848024.4588 0.4281 -0.7771 1.7053 -0.0065 -0.8346 -0.4751 0.2788 1300
1341848024.4588 0.4281 -0.7771 1.7053 -0.0065 -0.8346 -0.4751 0.2788 1301
1341848024.4588 0.4281 -0.7771 1.7053 -0.0065 -0.8346 -0.4751 0.2788 1302
1341848024.4588 0.4281 -0.7771 1.7053 -0.0065 -0.8346 -0.4751 0.2788 1303
1341848024.6587 0.4388 -0.7638 1.6886 -0.0029 -0.8227 -0.4806 0.3036 1304
1341848024.6587 0.4388 -0.7638 1.6886 -0.0029 -0.8227 -0.4806 0.3036 1305
1341848024.6587 0.4388 -0.7638 1.6886 -0.0029 -0.8227 -0.4806 0.3036 1306
1341848024.6587 0.4388 -0.7638 1.6886 -0.0029 -0.8227 -0.4806 0.3036 1307
1341848024.6587 0.4388 -0.7638 1.6886 -0.0029 -0.8227 -0.4806 0.3036 1308
1341848024.6587 0.4388 -0.7638 1.6886 -0.0029 -0.8227 -0.4806 0.3036 1309
1341848024.6587 0.4388 -0.7638 1.6886 -0.0029 -0.8227 -0.4806 0.3036 1310
1341848024.6587 0.4388 -0.7638 1.6886 -0.0029 -0.8227 -0.4806 0.3036 1311
1341848024.6587 0.4388 -0.7638 1.6886 -0.0029 -0.8227 -0.4806 0.3036 1312
1341848024.6587 0.4388 -0.7638 1.6886 -0.0029 -0.8227 -0.4806 0.3036 1313
1341848024.9947 0.4687 -0.7484 1.6722 -0.0167 -0.8123 -0.4730 0.3408 1314
1341848024.9947 0.4687 -0.7484 1.6722 -0.0167 -0.8123 -0.4730 0.3408 1315
1341848025.0626 0.4770 -0.7456 1.6665 -0.0180 -0.8083 -0.4742 0.3485 1316
1341848025.0626 0.4770 -0.7456 1.6665 -0.0180 -0.8083 -0.4742 0.3485 1317
1341848025.0626 0.4770 -0.7456 1.6665 -0.0180 -0.8083 -0.4742 0.3485 1318
1341848025.0626 0.4770 -0.7456 1.6665 -0.0180 -0.8083 -0.4742 0.3485 1319
1341848025.0626 0.4770 -0.7456 1.6665 -0.0180 -0.8083 -0.4742 0.3485 1320
1341848025.0626 0.4770 -0.7456 1.6665 -0.0180 -0.8083 -0.4742 0.3485 1321
1341848025.0626 0.4770 -0.7456 1.6665 -0.0180 -0.8083 -0.4742 0.3485 1322
1341848025.0626 0.4770 -0.7456 1.6665 -0.0180 -0.8083 -0.4742 0.3485 1323
1341848025.0626 0.4770 -0.7456 1.6665 -0.0180 -0.8083 -0.4742 0.3485 1324
1341848025.0626 0.4770 -0.7456 1.6665 -0.0180 -0.8083 -0.4742 0.3485 1325
1341848025.3988 0.5133 -0.7301 1.6475 -0.0206 -0.7959 -0.4703 0.3807 1326
1341848025.3988 0.5133 -0.7301 1.6475 -0.0206 -0.7959 -0.4703 0.3807 1327
1341848025.4628 0.5170 -0.7278 1.6424 -0.0185 -0.7929 -0.4716 0.3854 1328
1341848025.4628 0.5170 -0.7278 1.6424 -0.0185 -0.7929 -0.4716 0.3854 1329
1341848025.4628 0.5170 -0.7278 1.6424 -0.0185 -0.7929 -0.4716 0.3854 1330
1341848025.4628 0.5170 -0.7278 1.6424 -0.0185 -0.7929 -0.4716 0.3854 1331
1341848025.4628 0.5170 -0.7278 1.6424 -0.0185 -0.7929 -0.4716 0.3854 1332
1341848025.4628 0.5170 -0.7278 1.6424 -0.0185 -0.7929 -0.4716 0.3854 1333
1341848025.4628 0.5170 -0.7278 1.6424 -0.0185 -0.7929 -0.4716 0.3854 1334
1341848025.6988 0.5328 -0.7182 1.6300 -0.0157 -0.7841 -0.4711 0.4038 1335
1341848025.6988 0.5328 -0.7182 1.6300 -0.0157 -0.7841 -0.4711 0.4038 1336
1341848025.6988 0.5328 -0.7182 1.6300 -0.0157 -0.7841 -0.4711 0.4038 1337
1341848025.6988 0.5328 -0.7182 1.6300 -0.0157 -0.7841 -0.4711 0.4038 1338
1341848025.6988 0.5328 -0.7182 1.6300 -0.0157 -0.7841 -0.4711 0.4038 1339
1341848025.6988 0.5328 -0.7182 1.6300 -0.0157 -0.7841 -0.4711 0.4038 1340
1341848025.6988 0.5328 -0.7182 1.6300 -0.0157 -0.7841 -0.4711 0.4038 1341
1341848025.6988 0.5328 -0.7182 1.6300 -0.0157 -0.7841 -0.4711 0.4038 1342
1341848025.6988 0.5328 -0.7182 1.6300 -0.0157 -0.7841 -0.4711 0.4038 1343
1341848025.6988 0.5328 -0.7182 1.6300 -0.0157 -0.7841 -0.4711 0.4038 1344
1341848026.0346 0.5508 -0.7023 1.6090 -0.0240 -0.7723 -0.4655 0.4316 1345
1341848026.0346 0.5508 -0.7023 1.6090 -0.0240 -0.7723 -0.4655 0.4316 1346
1341848026.0346 0.5508 -0.7023 1.6090 -0.0240 -0.7723 -0.4655 0.4316 1347
1341848026.0346 0.5508 -0.7023 1.6090 -0.0240 -0.7723 -0.4655 0.4316 1348
1341848026.0346 0.5508 -0.7023 1.6090 -0.0240 -0.7723 -0.4655 0.4316 1349
1341848026.2028 0.5612 -0.6931 1.5995 -0.0347 -0.7657 -0.4606 0.4477 1350
1341848026.2028 0.5612 -0.6931 1.5995 -0.0347 -0.7657 -0.4606 0.4477 1351
1341848026.2028 0.5612 -0.6931 1.5995 -0.0347 -0.7657 -0.4606 0.4477 1352
1341848026.2028 0.5612 -0.6931 1.5995 -0.0347 -0.7657 -0.4606 0.4477 1353
1341848026.3348 0.5692 -0.6816 1.5900 -0.0447 -0.7576 -0.4584 0.4626 1354
1341848026.3348 0.5692 -0.6816 1.5900 -0.0447 -0.7576 -0.4584 0.4626 1355
1341848026.3348 0.5692 -0.6816 1.5900 -0.0447 -0.7576 -0.4584 0.4626 1356
1341848026.3348 0.5692 -0.6816 1.5900 -0.0447 -0.7576 -0.4584 0.4626 1357
1341848026.3348 0.5692 -0.6816 1.5900 -0.0447 -0.7576 -0.4584 0.4626 1358
1341848026.3348 0.5692 -0.6816 1.5900 -0.0447 -0.7576 -0.4584 0.4626 1359
1341848026.3348 0.5692 -0.6816 1.5900 -0.0447 -0.7576 -0.4584 0.4626 1360
1341848026.3348 0.5692 -0.6816 1.5900 -0.0447 -0.7576 -0.4584 0.4626 1361
1341848026.3348 0.5692 -0.6816 1.5900 -0.0447 -0.7576 -0.4584 0.4626 1362
1341848026.3348 0.5692 -0.6816 1.5900 -0.0447 -0.7576 -0.4584 0.4626 1363
1341848026.6711 0.5883 -0.6718 1.5713 -0.0454 -0.7508 -0.4474 0.4839 1364
1341848026.6711 0.5883 -0.6718 1.5713 -0.0454 -0.7508 -0.4474 0.4839 1365
1341848026.6711 0.5883 -0.6718 1.5713 -0.0454 -0.7508 -0.4474 0.4839 1366
1341848026.6711 0.5883 -0.6718 1.5713 -0.0454 -0.7508 -0.4474 0.4839 1367
1341848026.6711 0.5883 -0.6718 1.5713 -0.0454 -0.7508 -0.4474 0.4839 1368
1341848026.8387 0.6016 -0.6642 1.5614 -0.0437 -0.7491 -0.4486 0.4856 1369
1341848026.8387 0.6016 -0.6642 1.5614 -0.0437 -0.7491 -0.4486 0.4856 1370
1341848026.8387 0.6016 -0.6642 1.5614 -0.0437 -0.7491 -0.4486 0.4856 1371
1341848026.8387 0.6016 -0.6642 1.5614 -0.0437 -0.7491 -0.4486 0.4856 1372
1341848026.8387 0.6016 -0.6642 1.5614 -0.0437 -0.7491 -0.4486 0.4856 1373
1341848026.8387 0.6016 -0.6642 1.5614 -0.0437 -0.7491 -0.4486 0.4856 1374
1341848026.8387 0.6016 -0.6642 1.5614 -0.0437 -0.7491 -0.4486 0.4856 1375
1341848027.0748 0.6314 -0.6526 1.5489 -0.0412 -0.7469 -0.4500 0.4878 1376
1341848027.0748 0.6314 -0.6526 1.5489 -0.0412 -0.7469 -0.4500 0.4878 1377
1341848027.0748 0.6314 -0.6526 1.5489 -0.0412 -0.7469 -0.4500 0.4878 1378
1341848027.0748 0.6314 -0.6526 1.5489 -0.0412 -0.7469 -0.4500 0.4878 1379
1341848027.0748 0.6314 -0.6526 1.5489 -0.0412 -0.7469 -0.4500 0.4878 1380
1341848027.0748 0.6314 -0.6526 1.5489 -0.0412 -0.7469 -0.4500 0.4878 1381
1341848027.0748 0.6314 -0.6526 1.5489 -0.0412 -0.7469 -0.4500 0.4878 1382
1341848027.0748 0.6314 -0.6526 1.5489 -0.0412 -0.7469 -0.4500 0.4878 1383
1341848027.0748 0.6314 -0.6526 1.5489 -0.0412 -0.7469 -0.4500 0.4878 1384
1341848027.0748 0.6314 -0.6526 1.5489 -0.0412 -0.7469 -0.4500 0.4878 1385
1341848027.4068 0.6772 -0.6445 1.5318 -0.0413 -0.7462 -0.4353 0.5020 1386
1341848027.4068 0.6772 -0.6445 1.5318 -0.0413 -0.7462 -0.4353 0.5020 1387
1341848027.4748 0.6866 -0.6435 1.5287 -0.0399 -0.7503 -0.4306 0.5001 1388
1341848027.4748 0.6866 -0.6435 1.5287 -0.0399 -0.7503 -0.4306 0.5001 1389
1341848027.5433 0.6940 -0.6392 1.5239 -0.0386 -0.7542 -0.4267 0.4976 1390
1341848027.5433 0.6940 -0.6392 1.5239 -0.0386 -0.7542 -0.4267 0.4976 1391
1341848027.6107 0.7016 -0.6380 1.5223 -0.0360 -0.7583 -0.4247 0.4933 1392
1341848027.6107 0.7016 -0.6380 1.5223 -0.0360 -0.7583 -0.4247 0.4933 1393
1341848027.6107 0.7016 -0.6380 1.5223 -0.0360 -0.7583 -0.4247 0.4933 1394
1341848027.7110 0.7114 -0.6344 1.5163 -0.0344 -0.7600 -0.4249 0.4907 1395
1341848027.7110 0.7114 -0.6344 1.5163 -0.0344 -0.7600 -0.4249 0.4907 1396
1341848027.7110 0.7114 -0.6344 1.5163 -0.0344 -0.7600 -0.4249 0.4907 1397
1341848027.7110 0.7114 -0.6344 1.5163 -0.0344 -0.7600 -0.4249 0.4907 1398
1341848027.7110 0.7114 -0.6344 1.5163 -0.0344 -0.7600 -0.4249 0.4907 1399
1341848027.8787 0.7237 -0.6267 1.5050 -0.0304 -0.7631 -0.4283 0.4830 1400
1341848027.8787 0.7237 -0.6267 1.5050 -0.0304 -0.7631 -0.4283 0.4830 1401
1341848027.9427 0.7288 -0.6244 1.4997 -0.0273 -0.7634 -0.4319 0.4795 1402
1341848027.9427 0.7288 -0.6244 1.4997 -0.0273 -0.7634 -0.4319 0.4795 1403
1341848027.9427 0.7288 -0.6244 1.4997 -0.0273 -0.7634 -0.4319 0.4795 1404
1341848028.0467 0.7329 -0.6211 1.4922 -0.0245 -0.7667 -0.4321 0.4742 1405
1341848028.0467 0.7329 -0.6211 1.4922 -0.0245 -0.7667 -0.4321 0.4742 1406
1341848028.0467 0.7329 -0.6211 1.4922 -0.0245 -0.7667 -0.4321 0.4742 1407
1341848028.1506 0.7370 -0.6169 1.4828 -0.0262 -0.7700 -0.4287 0.4719 1408
1341848028.1506 0.7370 -0.6169 1.4828 -0.0262 -0.7700 -0.4287 0.4719 1409
1341848028.2542 0.7416 -0.6116 1.4734 -0.0257 -0.7711 -0.4243 0.4740 1410
1341848028.2542 0.7416 -0.6116 1.4734 -0.0257 -0.7711 -0.4243 0.4740 1411
1341848028.2542 0.7416 -0.6116 1.4734 -0.0257 -0.7711 -0.4243 0.4740 1412
1341848028.2542 0.7416 -0.6116 1.4734 -0.0257 -0.7711 -0.4243 0.4740 1413
1341848028.2542 0.7416 -0.6116 1.4734 -0.0257 -0.7711 -0.4243 0.4740 1414
1341848028.4146 0.7466 -0.6036 1.4571 -0.0275 -0.7715 -0.4165 0.4801 1415
1341848028.4146 0.7466 -0.6036 1.4571 -0.0275 -0.7715 -0.4165 0.4801 1416
1341848028.4146 0.7466 -0.6036 1.4571 -0.0275 -0.7715 -0.4165 0.4801 1417
1341848028.4146 0.7466 -0.6036 1.4571 -0.0275 -0.7715 -0.4165 0.4801 1418
1341848028.5466 0.7533 -0.5957 1.4428 -0.0314 -0.7705 -0.4120 0.4854 1419
1341848028.5466 0.7533 -0.5957 1.4428 -0.0314 -0.7705 -0.4120 0.4854 1420
1341848028.6146 0.7592 -0.5917 1.4371 -0.0307 -0.7709 -0.4107 0.4859 1421
1341848028.6146 0.7592 -0.5917 1.4371 -0.0307 -0.7709 -0.4107 0.4859 1422
1341848028.7218 0.7644 -0.5862 1.4267 -0.0319 -0.7710 -0.4109 0.4855 1423
1341848028.7218 0.7644 -0.5862 1.4267 -0.0319 -0.7710 -0.4109 0.4855 1424
1341848028.7829 0.7678 -0.5828 1.4186 -0.0336 -0.7708 -0.4101 0.4863 1425
1341848028.7829 0.7678 -0.5828 1.4186 -0.0336 -0.7708 -0.4101 0.4863 1426
1341848028.7829 0.7678 -0.5828 1.4186 -0.0336 -0.7708 -0.4101 0.4863 1427
1341848028.8827 0.7741 -0.5780 1.4096 -0.0332 -0.7721 -0.4093 0.4850 1428
1341848028.8827 0.7741 -0.5780 1.4096 -0.0332 -0.7721 -0.4093 0.4850 1429
1341848028.9509 0.7772 -0.5754 1.4032 -0.0371 -0.7709 -0.4116 0.4846 1430
1341848028.9509 0.7772 -0.5754 1.4032 -0.0371 -0.7709 -0.4116 0.4846 1431
1341848028.9509 0.7772 -0.5754 1.4032 -0.0371 -0.7709 -0.4116 0.4846 1432
1341848029.0508 0.7812 -0.5716 1.3923 -0.0335 -0.7691 -0.4154 0.4846 1433
1341848029.0508 0.7812 -0.5716 1.3923 -0.0335 -0.7691 -0.4154 0.4846 1434
1341848029.0508 0.7812 -0.5716 1.3923 -0.0335 -0.7691 -0.4154 0.4846 1435
1341848029.0508 0.7812 -0.5716 1.3923 -0.0335 -0.7691 -0.4154 0.4846 1436
1341848029.1827 0.7878 -0.5656 1.3824 -0.0322 -0.7658 -0.4180 0.4877 1437
1341848029.1827 0.7878 -0.5656 1.3824 -0.0322 -0.7658 -0.4180 0.4877 1438
1341848029.1827 0.7878 -0.5656 1.3824 -0.0322 -0.7658 -0.4180 0.4877 1439
1341848029.1827 0.7878 -0.5656 1.3824 -0.0322 -0.7658 -0.4180 0.4877 1440
1341848029.1827 0.7878 -0.5656 1.3824 -0.0322 -0.7658 -0.4180 0.4877 1441
1341848029.1827 0.7878 -0.5656 1.3824 -0.0322 -0.7658 -0.4180 0.4877 1442
1341848029.1827 0.7878 -0.5656 1.3824 -0.0322 -0.7658 -0.4180 0.4877 1443
1341848029.1827 0.7878 -0.5656 1.3824 -0.0322 -0.7658 -0.4180 0.4877 1444
1341848029.1827 0.7878 -0.5656 1.3824 -0.0322 -0.7658 -0.4180 0.4877 1445
1341848029.1827 0.7878 -0.5656 1.3824 -0.0322 -0.7658 -0.4180 0.4877 1446
1341848029.5189 0.8098 -0.5517 1.3597 -0.0258 -0.7563 -0.4160 0.5043 1447
1341848029.5189 0.8098 -0.5517 1.3597 -0.0258 -0.7563 -0.4160 0.5043 1448
1341848029.5189 0.8098 -0.5517 1.3597 -0.0258 -0.7563 -0.4160 0.5043 1449
1341848029.5189 0.8098 -0.5517 1.3597 -0.0258 -0.7563 -0.4160 0.5043 1450
1341848029.5189 0.8098 -0.5517 1.3597 -0.0258 -0.7563 -0.4160 0.5043 1451
1341848029.5189 0.8098 -0.5517 1.3597 -0.0258 -0.7563 -0.4160 0.5043 1452
1341848029.5189 0.8098 -0.5517 1.3597 -0.0258 -0.7563 -0.4160 0.5043 1453
1341848029.5189 0.8098 -0.5517 1.3597 -0.0258 -0.7563 -0.4160 0.5043 1454
1341848029.5189 0.8098 -0.5517 1.3597 -0.0258 -0.7563 -0.4160 0.5043 1455
1341848029.5189 0.8098 -0.5517 1.3597 -0.0258 -0.7563 -0.4160 0.5043 1456
1341848029.8548 0.8444 -0.5408 1.3368 -0.0324 -0.7419 -0.4038 0.5344 1457
1341848029.8548 0.8444 -0.5408 1.3368 -0.0324 -0.7419 -0.4038 0.5344 1458
1341848029.8548 0.8444 -0.5408 1.3368 -0.0324 -0.7419 -0.4038 0.5344 1459
1341848029.8548 0.8444 -0.5408 1.3368 -0.0324 -0.7419 -0.4038 0.5344 1460
1341848029.8548 0.8444 -0.5408 1.3368 -0.0324 -0.7419 -0.4038 0.5344 1461
1341848029.8548 0.8444 -0.5408 1.3368 -0.0324 -0.7419 -0.4038 0.5344 1462
1341848029.8548 0.8444 -0.5408 1.3368 -0.0324 -0.7419 -0.4038 0.5344 1463
1341848030.0908 0.8668 -0.5299 1.3243 -0.0363 -0.7302 -0.3989 0.5534 1464
1341848030.0908 0.8668 -0.5299 1.3243 -0.0363 -0.7302 -0.3989 0.5534 1465
1341848030.0908 0.8668 -0.5299 1.3243 -0.0363 -0.7302 -0.3989 0.5534 1466
1341848030.0908 0.8668 -0.5299 1.3243 -0.0363 -0.7302 -0.3989 0.5534 1467
1341848030.2227 0.8760 -0.5251 1.3162 -0.0355 -0.7219 -0.3991 0.5642 1468
1341848030.2227 0.8760 -0.5251 1.3162 -0.0355 -0.7219 -0.3991 0.5642 1469
1341848030.2227 0.8760 -0.5251 1.3162 -0.0355 -0.7219 -0.3991 0.5642 1470
1341848030.2227 0.8760 -0.5251 1.3162 -0.0355 -0.7219 -0.3991 0.5642 1471
1341848030.3589 0.8840 -0.5188 1.3081 -0.0346 -0.7113 -0.4000 0.5769 1472
1341848030.3589 0.8840 -0.5188 1.3081 -0.0346 -0.7113 -0.4000 0.5769 1473
1341848030.3589 0.8840 -0.5188 1.3081 -0.0346 -0.7113 -0.4000 0.5769 1474
1341848030.4589 0.8886 -0.5140 1.3010 -0.0349 -0.7040 -0.3997 0.5860 1475
1341848030.4589 0.8886 -0.5140 1.3010 -0.0349 -0.7040 -0.3997 0.5860 1476
1341848030.4589 0.8886 -0.5140 1.3010 -0.0349 -0.7040 -0.3997 0.5860 1477
1341848030.4589 0.8886 -0.5140 1.3010 -0.0349 -0.7040 -0.3997 0.5860 1478
1341848030.4589 0.8886 -0.5140 1.3010 -0.0349 -0.7040 -0.3997 0.5860 1479
1341848030.4589 0.8886 -0.5140 1.3010 -0.0349 -0.7040 -0.3997 0.5860 1480
1341848030.4589 0.8886 -0.5140 1.3010 -0.0349 -0.7040 -0.3997 0.5860 1481
1341848030.4589 0.8886 -0.5140 1.3010 -0.0349 -0.7040 -0.3997 0.5860 1482
1341848030.4589 0.8886 -0.5140 1.3010 -0.0349 -0.7040 -0.3997 0.5860 1483
1341848030.4589 0.8886 -0.5140 1.3010 -0.0349 -0.7040 -0.3997 0.5860 1484
1341848030.7947 0.9024 -0.4967 1.2749 -0.0391 -0.6872 -0.3850 0.6148 1485
1341848030.7947 0.9024 -0.4967 1.2749 -0.0391 -0.6872 -0.3850 0.6148 1486
1341848030.7947 0.9024 -0.4967 1.2749 -0.0391 -0.6872 -0.3850 0.6148 1487
1341848030.8947 0.9096 -0.4910 1.2663 -0.0446 -0.6831 -0.3733 0.6262 1488
1341848030.8947 0.9096 -0.4910 1.2663 -0.0446 -0.6831 -0.3733 0.6262 1489
1341848030.8947 0.9096 -0.4910 1.2663 -0.0446 -0.6831 -0.3733 0.6262 1490
1341848030.8947 0.9096 -0.4910 1.2663 -0.0446 -0.6831 -0.3733 0.6262 1491
1341848030.8947 0.9096 -0.4910 1.2663 -0.0446 -0.6831 -0.3733 0.6262 1492
1341848030.8947 0.9096 -0.4910 1.2663 -0.0446 -0.6831 -0.3733 0.6262 1493
1341848031.0948 0.9213 -0.4840 1.2446 -0.0551 -0.6777 -0.3531 0.6426 1494
1341848031.0948 0.9213 -0.4840 1.2446 -0.0551 -0.6777 -0.3531 0.6426 1495
1341848031.0948 0.9213 -0.4840 1.2446 -0.0551 -0.6777 -0.3531 0.6426 1496
1341848031.0948 0.9213 -0.4840 1.2446 -0.0551 -0.6777 -0.3531 0.6426 1497
1341848031.0948 0.9213 -0.4840 1.2446 -0.0551 -0.6777 -0.3531 0.6426 1498
1341848031.0948 0.9213 -0.4840 1.2446 -0.0551 -0.6777 -0.3531 0.6426 1499
1341848031.0948 0.9213 -0.4840 1.2446 -0.0551 -0.6777 -0.3531 0.6426 1500
1341848031.0948 0.9213 -0.4840 1.2446 -0.0551 -0.6777 -0.3531 0.6426 1501
1341848031.0948 0.9213 -0.4840 1.2446 -0.0551 -0.6777 -0.3531 0.6426 1502
1341848031.0948 0.9213 -0.4840 1.2446 -0.0551 -0.6777 -0.3531 0.6426 1503
1341848031.4306 0.9372 -0.4719 1.2118 -0.0630 -0.6714 -0.3466 0.6520 1504
1341848031.4306 0.9372 -0.4719 1.2118 -0.0630 -0.6714 -0.3466 0.6520 1505
1341848031.4306 0.9372 -0.4719 1.2118 -0.0630 -0.6714 -0.3466 0.6520 1506
1341848031.4306 0.9372 -0.4719 1.2118 -0.0630 -0.6714 -0.3466 0.6520 1507
1341848031.4306 0.9372 -0.4719 1.2118 -0.0630 -0.6714 -0.3466 0.6520 1508
1341848031.4306 0.9372 -0.4719 1.2118 -0.0630 -0.6714 -0.3466 0.6520 1509
1341848031.4306 0.9372 -0.4719 1.2118 -0.0630 -0.6714 -0.3466 0.6520 1510
1341848031.4306 0.9372 -0.4719 1.2118 -0.0630 -0.6714 -0.3466 0.6520 1511
1341848031.4306 0.9372 -0.4719 1.2118 -0.0630 -0.6714 -0.3466 0.6520 1512
1341848031.4306 0.9372 -0.4719 1.2118 -0.0630 -0.6714 -0.3466 0.6520 1513
1341848031.7667 0.9526 -0.4653 1.1944 -0.0529 -0.6564 -0.3369 0.6729 1514
1341848031.7987 0.9561 -0.4639 1.1906 -0.0526 -0.6526 -0.3348 0.6777 1515
1341848031.7987 0.9561 -0.4639 1.1906 -0.0526 -0.6526 -0.3348 0.6777 1516
1341848031.7987 0.9561 -0.4639 1.1906 -0.0526 -0.6526 -0.3348 0.6777 1517
1341848031.8987 0.9621 -0.4622 1.1850 -0.0521 -0.6457 -0.3277 0.6877 1518
1341848031.8987 0.9621 -0.4622 1.1850 -0.0521 -0.6457 -0.3277 0.6877 1519
1341848031.8987 0.9621 -0.4622 1.1850 -0.0521 -0.6457 -0.3277 0.6877 1520
1341848031.8987 0.9621 -0.4622 1.1850 -0.0521 -0.6457 -0.3277 0.6877 1521
1341848031.8987 0.9621 -0.4622 1.1850 -0.0521 -0.6457 -0.3277 0.6877 1522
1341848031.8987 0.9621 -0.4622 1.1850 -0.0521 -0.6457 -0.3277 0.6877 1523
1341848031.8987 0.9621 -0.4622 1.1850 -0.0521 -0.6457 -0.3277 0.6877 1524
1341848031.8987 0.9621 -0.4622 1.1850 -0.0521 -0.6457 -0.3277 0.6877 1525
1341848031.8987 0.9621 -0.4622 1.1850 -0.0521 -0.6457 -0.3277 0.6877 1526
1341848031.8987 0.9621 -0.4622 1.1850 -0.0521 -0.6457 -0.3277 0.6877 1527
1341848032.2347 0.9884 -0.4508 1.1613 -0.0492 -0.6327 -0.3160 0.7053 1528
1341848032.2347 0.9884 -0.4508 1.1613 -0.0492 -0.6327 -0.3160 0.7053 1529
1341848032.2347 0.9884 -0.4508 1.1613 -0.0492 -0.6327 -0.3160 0.7053 1530
1341848032.2347 0.9884 -0.4508 1.1613 -0.0492 -0.6327 -0.3160 0.7053 1531
1341848032.3667 0.9971 -0.4440 1.1535 -0.0475 -0.6272 -0.3152 0.7106 1532
1341848032.3667 0.9971 -0.4440 1.1535 -0.0475 -0.6272 -0.3152 0.7106 1533
1341848032.3667 0.9971 -0.4440 1.1535 -0.0475 -0.6272 -0.3152 0.7106 1534
1341848032.3667 0.9971 -0.4440 1.1535 -0.0475 -0.6272 -0.3152 0.7106 1535
1341848032.3667 0.9971 -0.4440 1.1535 -0.0475 -0.6272 -0.3152 0.7106 1536
1341848032.3667 0.9971 -0.4440 1.1535 -0.0475 -0.6272 -0.3152 0.7106 1537
1341848032.3667 0.9971 -0.4440 1.1535 -0.0475 -0.6272 -0.3152 0.7106 1538
1341848032.3667 0.9971 -0.4440 1.1535 -0.0475 -0.6272 -0.3152 0.7106 1539
1341848032.3667 0.9971 -0.4440 1.1535 -0.0475 -0.6272 -0.3152 0.7106 1540
1341848032.3667 0.9971 -0.4440 1.1535 -0.0475 -0.6272 -0.3152 0.7106 1541
1341848032.7028 1.0155 -0.4365 1.1287 -0.0381 -0.6257 -0.3020 0.7182 1542
1341848032.7028 1.0155 -0.4365 1.1287 -0.0381 -0.6257 -0.3020 0.7182 1543
1341848032.7028 1.0155 -0.4365 1.1287 -0.0381 -0.6257 -0.3020 0.7182 1544
1341848032.7028 1.0155 -0.4365 1.1287 -0.0381 -0.6257 -0.3020 0.7182 1545
1341848032.7028 1.0155 -0.4365 1.1287 -0.0381 -0.6257 -0.3020 0.7182 1546
1341848032.7028 1.0155 -0.4365 1.1287 -0.0381 -0.6257 -0.3020 0.7182 1547
1341848032.7028 1.0155 -0.4365 1.1287 -0.0381 -0.6257 -0.3020 0.7182 1548
1341848032.7028 1.0155 -0.4365 1.1287 -0.0381 -0.6257 -0.3020 0.7182 1549
1341848032.9708 1.0257 -0.4229 1.1039 -0.0377 -0.6238 -0.2989 0.7212 1550
1341848032.9708 1.0257 -0.4229 1.1039 -0.0377 -0.6238 -0.2989 0.7212 1551
1341848032.9708 1.0257 -0.4229 1.1039 -0.0377 -0.6238 -0.2989 0.7212 1552
1341848032.9708 1.0257 -0.4229 1.1039 -0.0377 -0.6238 -0.2989 0.7212 1553
1341848032.9708 1.0257 -0.4229 1.1039 -0.0377 -0.6238 -0.2989 0.7212 1554
1341848032.9708 1.0257 -0.4229 1.1039 -0.0377 -0.6238 -0.2989 0.7212 1555
1341848032.9708 1.0257 -0.4229 1.1039 -0.0377 -0.6238 -0.2989 0.7212 1556
1341848032.9708 1.0257 -0.4229 1.1039 -0.0377 -0.6238 -0.2989 0.7212 1557
1341848032.9708 1.0257 -0.4229 1.1039 -0.0377 -0.6238 -0.2989 0.7212 1558
1341848032.9708 1.0257 -0.4229 1.1039 -0.0377 -0.6238 -0.2989 0.7212 1559
1341848033.3067 1.0267 -0.4083 1.0751 -0.0404 -0.6082 -0.2856 0.7396 1560
1341848033.3067 1.0267 -0.4083 1.0751 -0.0404 -0.6082 -0.2856 0.7396 1561
1341848033.3067 1.0267 -0.4083 1.0751 -0.0404 -0.6082 -0.2856 0.7396 1562
1341848033.3067 1.0267 -0.4083 1.0751 -0.0404 -0.6082 -0.2856 0.7396 1563
1341848033.3067 1.0267 -0.4083 1.0751 -0.0404 -0.6082 -0.2856 0.7396 1564
1341848033.3067 1.0267 -0.4083 1.0751 -0.0404 -0.6082 -0.2856 0.7396 1565
1341848033.3067 1.0267 -0.4083 1.0751 -0.0404 -0.6082 -0.2856 0.7396 1566
1341848033.5429 1.0282 -0.3969 1.0545 -0.0411 -0.5986 -0.2808 0.7491 1567
1341848033.5429 1.0282 -0.3969 1.0545 -0.0411 -0.5986 -0.2808 0.7491 1568
1341848033.5429 1.0282 -0.3969 1.0545 -0.0411 -0.5986 -0.2808 0.7491 1569
1341848033.5429 1.0282 -0.3969 1.0545 -0.0411 -0.5986 -0.2808 0.7491 1570
1341848033.5429 1.0282 -0.3969 1.0545 -0.0411 -0.5986 -0.2808 0.7491 1571
1341848033.5429 1.0282 -0.3969 1.0545 -0.0411 -0.5986 -0.2808 0.7491 1572
1341848033.5429 1.0282 -0.3969 1.0545 -0.0411 -0.5986 -0.2808 0.7491 1573
1341848033.5429 1.0282 -0.3969 1.0545 -0.0411 -0.5986 -0.2808 0.7491 1574
1341848033.5429 1.0282 -0.3969 1.0545 -0.0411 -0.5986 -0.2808 0.7491 1575
1341848033.5429 1.0282 -0.3969 1.0545 -0.0411 -0.5986 -0.2808 0.7491 1576
1341848033.8749 1.0323 -0.3872 1.0303 -0.0469 -0.5881 -0.2674 0.7619 1577
1341848033.8749 1.0323 -0.3872 1.0303 -0.0469 -0.5881 -0.2674 0.7619 1578
1341848033.8749 1.0323 -0.3872 1.0303 -0.0469 -0.5881 -0.2674 0.7619 1579
1341848033.8749 1.0323 -0.3872 1.0303 -0.0469 -0.5881 -0.2674 0.7619 1580
1341848034.0108 1.0333 -0.3870 1.0272 -0.0397 -0.5769 -0.2587 0.7737 1581
1341848034.0108 1.0333 -0.3870 1.0272 -0.0397 -0.5769 -0.2587 0.7737 1582
1341848034.0788 1.0352 -0.3852 1.0187 -0.0375 -0.5673 -0.2522 0.7831 1583
1341848034.0788 1.0352 -0.3852 1.0187 -0.0375 -0.5673 -0.2522 0.7831 1584
1341848034.1427 1.0391 -0.3876 1.0195 -0.0361 -0.5625 -0.2436 0.7893 1585
1341848034.1427 1.0391 -0.3876 1.0195 -0.0361 -0.5625 -0.2436 0.7893 1586
1341848034.2107 1.0423 -0.3858 1.0137 -0.0331 -0.5562 -0.2382 0.7955 1587
1341848034.2107 1.0423 -0.3858 1.0137 -0.0331 -0.5562 -0.2382 0.7955 1588
1341848034.2107 1.0423 -0.3858 1.0137 -0.0331 -0.5562 -0.2382 0.7955 1589
1341848034.2107 1.0423 -0.3858 1.0137 -0.0331 -0.5562 -0.2382 0.7955 1590
1341848034.2107 1.0423 -0.3858 1.0137 -0.0331 -0.5562 -0.2382 0.7955 1591
1341848034.2107 1.0423 -0.3858 1.0137 -0.0331 -0.5562 -0.2382 0.7955 1592
1341848034.2107 1.0423 -0.3858 1.0137 -0.0331 -0.5562 -0.2382 0.7955 1593
1341848034.2107 1.0423 -0.3858 1.0137 -0.0331 -0.5562 -0.2382 0.7955 1594
1341848034.2107 1.0423 -0.3858 1.0137 -0.0331 -0.5562 -0.2382 0.7955 1595
1341848034.2107 1.0423 -0.3858 1.0137 -0.0331 -0.5562 -0.2382 0.7955 1596
1341848034.5537 1.0629 -0.3753 0.9883 -0.0330 -0.5394 -0.2191 0.8124 1597
1341848034.5537 1.0629 -0.3753 0.9883 -0.0330 -0.5394 -0.2191 0.8124 1598
1341848034.5537 1.0629 -0.3753 0.9883 -0.0330 -0.5394 -0.2191 0.8124 1599
1341848034.5537 1.0629 -0.3753 0.9883 -0.0330 -0.5394 -0.2191 0.8124 1600
1341848034.5537 1.0629 -0.3753 0.9883 -0.0330 -0.5394 -0.2191 0.8124 1601
1341848034.5537 1.0629 -0.3753 0.9883 -0.0330 -0.5394 -0.2191 0.8124 1602
1341848034.5537 1.0629 -0.3753 0.9883 -0.0330 -0.5394 -0.2191 0.8124 1603
1341848034.5537 1.0629 -0.3753 0.9883 -0.0330 -0.5394 -0.2191 0.8124 1604
1341848034.5537 1.0629 -0.3753 0.9883 -0.0330 -0.5394 -0.2191 0.8124 1605
1341848034.5537 1.0629 -0.3753 0.9883 -0.0330 -0.5394 -0.2191 0.8124 1606
1341848034.9148 1.0796 -0.3491 0.9567 -0.0408 -0.5308 -0.2237 0.8165 1607
1341848034.9148 1.0796 -0.3491 0.9567 -0.0408 -0.5308 -0.2237 0.8165 1608
1341848034.9148 1.0796 -0.3491 0.9567 -0.0408 -0.5308 -0.2237 0.8165 1609
1341848034.9148 1.0796 -0.3491 0.9567 -0.0408 -0.5308 -0.2237 0.8165 1610
1341848034.9148 1.0796 -0.3491 0.9567 -0.0408 -0.5308 -0.2237 0.8165 1611
1341848034.9148 1.0796 -0.3491 0.9567 -0.0408 -0.5308 -0.2237 0.8165 1612
